time_s,oxygen_nmol_ml,chamber,source_column,dataset,event
210.0,172.6294325552734,A,O2 conc.A [nmol/mL],dataset_III,start
210.9574468085106,172.5649011026776,A,O2 conc.A [nmol/mL],dataset_III,
211.9148936170213,172.75793963953,A,O2 conc.A [nmol/mL],dataset_III,
212.8723404255319,172.6239529218774,A,O2 conc.A [nmol/mL],dataset_III,
213.8297872340426,172.4636916301123,A,O2 conc.A [nmol/mL],dataset_III,
214.7872340425532,172.6878757183654,A,O2 conc.A [nmol/mL],dataset_III,
215.7446808510638,172.9233315244475,A,O2 conc.A [nmol/mL],dataset_III,
216.7021276595745,172.8339425360447,A,O2 conc.A [nmol/mL],dataset_III,
217.6595744680851,172.4210651180255,A,O2 conc.A [nmol/mL],dataset_III,
218.6170212765958,172.2804556518699,A,O2 conc.A [nmol/mL],dataset_III,
219.5744680851064,172.4407895562258,A,O2 conc.A [nmol/mL],dataset_III,
220.531914893617,172.606721464626,A,O2 conc.A [nmol/mL],dataset_III,
221.4893617021277,172.0148982914832,A,O2 conc.A [nmol/mL],dataset_III,
222.4468085106383,172.5412078537529,A,O2 conc.A [nmol/mL],dataset_III,
223.4042553191489,172.2841611058537,A,O2 conc.A [nmol/mL],dataset_III,
224.3617021276596,172.412287821074,A,O2 conc.A [nmol/mL],dataset_III,
225.3191489361702,172.4589877823787,A,O2 conc.A [nmol/mL],dataset_III,
226.2765957446809,172.5156562446296,A,O2 conc.A [nmol/mL],dataset_III,
227.2340425531915,172.6972945062368,A,O2 conc.A [nmol/mL],dataset_III,
228.1914893617021,172.8513174750495,A,O2 conc.A [nmol/mL],dataset_III,
229.1489361702128,172.5373854690683,A,O2 conc.A [nmol/mL],dataset_III,
230.1063829787234,172.8737259223962,A,O2 conc.A [nmol/mL],dataset_III,
231.0638297872341,172.3142287100392,A,O2 conc.A [nmol/mL],dataset_III,
232.0212765957447,172.5046544208324,A,O2 conc.A [nmol/mL],dataset_III,
232.9787234042553,172.5687456334448,A,O2 conc.A [nmol/mL],dataset_III,
233.9361702127659,172.2842648110413,A,O2 conc.A [nmol/mL],dataset_III,
234.8936170212766,171.9862919540333,A,O2 conc.A [nmol/mL],dataset_III,
235.8510638297872,171.8481464546173,A,O2 conc.A [nmol/mL],dataset_III,
236.8085106382979,171.8667768440988,A,O2 conc.A [nmol/mL],dataset_III,
237.7659574468085,171.9360677696239,A,O2 conc.A [nmol/mL],dataset_III,
238.7234042553191,171.5263433907325,A,O2 conc.A [nmol/mL],dataset_III,
239.6808510638298,171.6226595337797,A,O2 conc.A [nmol/mL],dataset_III,
240.6382978723404,171.53024425783,A,O2 conc.A [nmol/mL],dataset_III,
241.5957446808511,171.5995558693939,A,O2 conc.A [nmol/mL],dataset_III,
242.5531914893617,171.4117238581859,A,O2 conc.A [nmol/mL],dataset_III,
243.5106382978723,171.3401998172599,A,O2 conc.A [nmol/mL],dataset_III,
244.468085106383,170.9808968943746,A,O2 conc.A [nmol/mL],dataset_III,
245.4255319148936,171.0047325682935,A,O2 conc.A [nmol/mL],dataset_III,
246.3829787234042,171.1257573943093,A,O2 conc.A [nmol/mL],dataset_III,
247.3404255319149,171.1956381466964,A,O2 conc.A [nmol/mL],dataset_III,
248.2978723404255,170.3999513486499,A,O2 conc.A [nmol/mL],dataset_III,
249.2553191489362,170.985579055046,A,O2 conc.A [nmol/mL],dataset_III,
250.2127659574468,170.8359066127036,A,O2 conc.A [nmol/mL],dataset_III,
251.1702127659574,170.5870761850322,A,O2 conc.A [nmol/mL],dataset_III,
252.1276595744681,170.3501520293885,A,O2 conc.A [nmol/mL],dataset_III,
253.0851063829787,170.0978322740188,A,O2 conc.A [nmol/mL],dataset_III,
254.0425531914894,170.4330822591347,A,O2 conc.A [nmol/mL],dataset_III,
255.0,170.4508980718673,A,O2 conc.A [nmol/mL],dataset_III,
255.9574468085106,170.3034930896701,A,O2 conc.A [nmol/mL],dataset_III,
256.9148936170213,170.0741073218049,A,O2 conc.A [nmol/mL],dataset_III,
257.8723404255319,169.7269207144641,A,O2 conc.A [nmol/mL],dataset_III,
258.8297872340426,169.2277381778947,A,O2 conc.A [nmol/mL],dataset_III,
259.7872340425532,169.4209450704152,A,O2 conc.A [nmol/mL],dataset_III,
260.7446808510638,169.4784170500772,A,O2 conc.A [nmol/mL],dataset_III,
261.7021276595744,168.8844468698808,A,O2 conc.A [nmol/mL],dataset_III,
262.6595744680851,169.1975560621931,A,O2 conc.A [nmol/mL],dataset_III,
263.6170212765958,169.0984794852201,A,O2 conc.A [nmol/mL],dataset_III,
264.5744680851064,169.0572619801253,A,O2 conc.A [nmol/mL],dataset_III,
265.531914893617,168.4794594769954,A,O2 conc.A [nmol/mL],dataset_III,
266.4893617021277,168.50230087622,A,O2 conc.A [nmol/mL],dataset_III,
267.4468085106383,168.4508551526418,A,O2 conc.A [nmol/mL],dataset_III,
268.4042553191489,168.1597508395033,A,O2 conc.A [nmol/mL],dataset_III,
269.3617021276596,168.7792805038944,A,O2 conc.A [nmol/mL],dataset_III,
270.3191489361702,168.1126979872891,A,O2 conc.A [nmol/mL],dataset_III,
271.2765957446808,168.2111551801827,A,O2 conc.A [nmol/mL],dataset_III,
272.2340425531915,167.9565067119276,A,O2 conc.A [nmol/mL],dataset_III,
273.1914893617021,168.3092551945361,A,O2 conc.A [nmol/mL],dataset_III,
274.1489361702128,168.1357143647157,A,O2 conc.A [nmol/mL],dataset_III,
275.1063829787234,167.8561994270371,A,O2 conc.A [nmol/mL],dataset_III,
276.0638297872341,167.0392209975141,A,O2 conc.A [nmol/mL],dataset_III,
277.0212765957447,167.4953428838522,A,O2 conc.A [nmol/mL],dataset_III,
277.9787234042553,167.5454943057762,A,O2 conc.A [nmol/mL],dataset_III,
278.9361702127659,167.5178002749545,A,O2 conc.A [nmol/mL],dataset_III,
279.8936170212766,167.0045702066755,A,O2 conc.A [nmol/mL],dataset_III,
280.8510638297872,167.5067868527656,A,O2 conc.A [nmol/mL],dataset_III,
281.8085106382979,166.6134133087317,A,O2 conc.A [nmol/mL],dataset_III,
282.7659574468085,166.6703761040544,A,O2 conc.A [nmol/mL],dataset_III,
283.7234042553192,166.9617576728617,A,O2 conc.A [nmol/mL],dataset_III,
284.6808510638298,166.632495901224,A,O2 conc.A [nmol/mL],dataset_III,
285.6382978723404,167.0130674795344,A,O2 conc.A [nmol/mL],dataset_III,
286.5957446808511,166.4518362176066,A,O2 conc.A [nmol/mL],dataset_III,
287.5531914893617,166.1386449827858,A,O2 conc.A [nmol/mL],dataset_III,
288.5106382978723,166.094789714881,A,O2 conc.A [nmol/mL],dataset_III,
289.468085106383,165.8086311476398,A,O2 conc.A [nmol/mL],dataset_III,
290.4255319148936,165.6542347213034,A,O2 conc.A [nmol/mL],dataset_III,
291.3829787234043,166.0234947214475,A,O2 conc.A [nmol/mL],dataset_III,
292.3404255319149,165.903420387714,A,O2 conc.A [nmol/mL],dataset_III,
293.2978723404256,165.9740057253265,A,O2 conc.A [nmol/mL],dataset_III,
294.2553191489362,165.3539516585066,A,O2 conc.A [nmol/mL],dataset_III,
295.2127659574468,165.8571170553446,A,O2 conc.A [nmol/mL],dataset_III,
296.1702127659574,165.2552303530757,A,O2 conc.A [nmol/mL],dataset_III,
297.1276595744681,165.6129164375331,A,O2 conc.A [nmol/mL],dataset_III,
298.0851063829787,165.0033549939332,A,O2 conc.A [nmol/mL],dataset_III,
299.0425531914893,164.8199177210377,A,O2 conc.A [nmol/mL],dataset_III,
300.0,164.958471975775,A,O2 conc.A [nmol/mL],dataset_III,oligomycin
300.3773584905661,165.1134989683538,A,O2 conc.A [nmol/mL],dataset_III,
300.754716981132,164.8591671944864,A,O2 conc.A [nmol/mL],dataset_III,
301.1320754716981,164.6388690507017,A,O2 conc.A [nmol/mL],dataset_III,
301.5094339622642,164.4188664051,A,O2 conc.A [nmol/mL],dataset_III,
301.8867924528302,164.3749160862559,A,O2 conc.A [nmol/mL],dataset_III,
302.2641509433962,164.8239896004224,A,O2 conc.A [nmol/mL],dataset_III,
302.6415094339623,164.9204151775151,A,O2 conc.A [nmol/mL],dataset_III,
303.0188679245283,164.6080155921899,A,O2 conc.A [nmol/mL],dataset_III,
303.3962264150944,164.3578571484297,A,O2 conc.A [nmol/mL],dataset_III,
303.7735849056604,164.8231736732688,A,O2 conc.A [nmol/mL],dataset_III,
304.1509433962264,164.2642551924669,A,O2 conc.A [nmol/mL],dataset_III,
304.5283018867925,164.3863908514568,A,O2 conc.A [nmol/mL],dataset_III,
304.9056603773585,164.7009828725563,A,O2 conc.A [nmol/mL],dataset_III,
305.2830188679245,163.9649450385052,A,O2 conc.A [nmol/mL],dataset_III,
305.6603773584906,164.6064314272507,A,O2 conc.A [nmol/mL],dataset_III,
306.0377358490566,164.3473285572525,A,O2 conc.A [nmol/mL],dataset_III,
306.4150943396227,164.5034414641727,A,O2 conc.A [nmol/mL],dataset_III,
306.7924528301887,164.4410106462177,A,O2 conc.A [nmol/mL],dataset_III,
307.1698113207547,164.4946652910396,A,O2 conc.A [nmol/mL],dataset_III,
307.5471698113208,164.6022260187171,A,O2 conc.A [nmol/mL],dataset_III,
307.9245283018868,164.2239465307204,A,O2 conc.A [nmol/mL],dataset_III,
308.3018867924528,164.753917811937,A,O2 conc.A [nmol/mL],dataset_III,
308.6792452830189,164.5655777168017,A,O2 conc.A [nmol/mL],dataset_III,
309.0566037735849,164.5805923340266,A,O2 conc.A [nmol/mL],dataset_III,
309.4339622641509,164.6466800310635,A,O2 conc.A [nmol/mL],dataset_III,
309.811320754717,164.5383453669127,A,O2 conc.A [nmol/mL],dataset_III,
310.188679245283,164.5386132484289,A,O2 conc.A [nmol/mL],dataset_III,
310.5660377358491,164.3327817354312,A,O2 conc.A [nmol/mL],dataset_III,
310.9433962264151,163.9436093054732,A,O2 conc.A [nmol/mL],dataset_III,
311.3207547169811,164.2530773581707,A,O2 conc.A [nmol/mL],dataset_III,
311.6981132075472,164.0811003224894,A,O2 conc.A [nmol/mL],dataset_III,
312.0754716981132,163.9045277128424,A,O2 conc.A [nmol/mL],dataset_III,
312.4528301886792,164.3116447611518,A,O2 conc.A [nmol/mL],dataset_III,
312.8301886792453,164.0917882407236,A,O2 conc.A [nmol/mL],dataset_III,
313.2075471698113,163.9634364622566,A,O2 conc.A [nmol/mL],dataset_III,
313.5849056603773,163.9471602609142,A,O2 conc.A [nmol/mL],dataset_III,
313.9622641509434,164.2620925318369,A,O2 conc.A [nmol/mL],dataset_III,
314.3396226415094,164.2717831855651,A,O2 conc.A [nmol/mL],dataset_III,
314.7169811320755,164.4999006665521,A,O2 conc.A [nmol/mL],dataset_III,
315.0943396226415,164.1530184155384,A,O2 conc.A [nmol/mL],dataset_III,
315.4716981132075,164.404203418886,A,O2 conc.A [nmol/mL],dataset_III,
315.8490566037736,164.4815880811068,A,O2 conc.A [nmol/mL],dataset_III,
316.2264150943396,164.405870402659,A,O2 conc.A [nmol/mL],dataset_III,
316.6037735849056,163.5143359418438,A,O2 conc.A [nmol/mL],dataset_III,
316.9811320754717,164.4001889465745,A,O2 conc.A [nmol/mL],dataset_III,
317.3584905660377,164.1652999305917,A,O2 conc.A [nmol/mL],dataset_III,
317.7358490566038,164.1737333760728,A,O2 conc.A [nmol/mL],dataset_III,
318.1132075471698,164.1480097880583,A,O2 conc.A [nmol/mL],dataset_III,
318.4905660377358,164.1383197104011,A,O2 conc.A [nmol/mL],dataset_III,
318.8679245283019,164.109924998531,A,O2 conc.A [nmol/mL],dataset_III,
319.245283018868,163.9277963109018,A,O2 conc.A [nmol/mL],dataset_III,
319.6226415094339,163.5295799271584,A,O2 conc.A [nmol/mL],dataset_III,
320.0,163.9652339940809,A,O2 conc.A [nmol/mL],dataset_III,
320.3773584905661,163.7790124484569,A,O2 conc.A [nmol/mL],dataset_III,
320.7547169811321,164.2374769083918,A,O2 conc.A [nmol/mL],dataset_III,
321.1320754716981,163.8827421822899,A,O2 conc.A [nmol/mL],dataset_III,
321.5094339622642,163.9633067822348,A,O2 conc.A [nmol/mL],dataset_III,
321.8867924528302,163.7175463249328,A,O2 conc.A [nmol/mL],dataset_III,
322.2641509433962,163.7898072148453,A,O2 conc.A [nmol/mL],dataset_III,
322.6415094339623,163.9020992129171,A,O2 conc.A [nmol/mL],dataset_III,
323.0188679245283,163.5211624811466,A,O2 conc.A [nmol/mL],dataset_III,
323.3962264150944,163.9552050939411,A,O2 conc.A [nmol/mL],dataset_III,
323.7735849056604,163.8410466393414,A,O2 conc.A [nmol/mL],dataset_III,
324.1509433962264,163.5586686498718,A,O2 conc.A [nmol/mL],dataset_III,
324.5283018867925,163.2430769901313,A,O2 conc.A [nmol/mL],dataset_III,
324.9056603773585,163.9584372654541,A,O2 conc.A [nmol/mL],dataset_III,
325.2830188679245,163.7433194335613,A,O2 conc.A [nmol/mL],dataset_III,
325.6603773584906,163.6727565057267,A,O2 conc.A [nmol/mL],dataset_III,
326.0377358490566,163.7337648718254,A,O2 conc.A [nmol/mL],dataset_III,
326.4150943396227,164.2344690157399,A,O2 conc.A [nmol/mL],dataset_III,
326.7924528301887,163.7554477042729,A,O2 conc.A [nmol/mL],dataset_III,
327.1698113207547,163.7771019535188,A,O2 conc.A [nmol/mL],dataset_III,
327.5471698113208,163.3712292555446,A,O2 conc.A [nmol/mL],dataset_III,
327.9245283018868,164.142383601257,A,O2 conc.A [nmol/mL],dataset_III,
328.3018867924528,163.9474731176001,A,O2 conc.A [nmol/mL],dataset_III,
328.6792452830189,163.9723879537474,A,O2 conc.A [nmol/mL],dataset_III,
329.0566037735849,163.7051262834572,A,O2 conc.A [nmol/mL],dataset_III,
329.4339622641509,163.9099263337192,A,O2 conc.A [nmol/mL],dataset_III,
329.811320754717,163.7610544803535,A,O2 conc.A [nmol/mL],dataset_III,
330.188679245283,163.8091707134355,A,O2 conc.A [nmol/mL],dataset_III,
330.5660377358491,163.6053813679116,A,O2 conc.A [nmol/mL],dataset_III,
330.9433962264151,163.2625142176687,A,O2 conc.A [nmol/mL],dataset_III,
331.3207547169811,163.8757567730553,A,O2 conc.A [nmol/mL],dataset_III,
331.6981132075472,163.1223606143166,A,O2 conc.A [nmol/mL],dataset_III,
332.0754716981132,163.5336740072613,A,O2 conc.A [nmol/mL],dataset_III,
332.4528301886792,163.5300854842605,A,O2 conc.A [nmol/mL],dataset_III,
332.8301886792453,163.3080592549991,A,O2 conc.A [nmol/mL],dataset_III,
333.2075471698113,163.7096134879489,A,O2 conc.A [nmol/mL],dataset_III,
333.5849056603773,163.4938088961673,A,O2 conc.A [nmol/mL],dataset_III,
333.9622641509434,163.4222330405828,A,O2 conc.A [nmol/mL],dataset_III,
334.3396226415094,163.6489695222227,A,O2 conc.A [nmol/mL],dataset_III,
334.7169811320755,163.3874234456147,A,O2 conc.A [nmol/mL],dataset_III,
335.0943396226415,163.8413724488014,A,O2 conc.A [nmol/mL],dataset_III,
335.4716981132075,163.569550594509,A,O2 conc.A [nmol/mL],dataset_III,
335.8490566037736,163.3506630578357,A,O2 conc.A [nmol/mL],dataset_III,
336.2264150943396,162.9707396361597,A,O2 conc.A [nmol/mL],dataset_III,
336.6037735849056,163.1174272441314,A,O2 conc.A [nmol/mL],dataset_III,
336.9811320754717,163.7036329847515,A,O2 conc.A [nmol/mL],dataset_III,
337.3584905660377,163.4068340888686,A,O2 conc.A [nmol/mL],dataset_III,
337.7358490566038,163.33626371663,A,O2 conc.A [nmol/mL],dataset_III,
338.1132075471698,163.8054178186765,A,O2 conc.A [nmol/mL],dataset_III,
338.4905660377358,163.0615025892405,A,O2 conc.A [nmol/mL],dataset_III,
338.8679245283019,163.2233104836529,A,O2 conc.A [nmol/mL],dataset_III,
339.245283018868,163.2391380879892,A,O2 conc.A [nmol/mL],dataset_III,
339.6226415094339,163.491429435669,A,O2 conc.A [nmol/mL],dataset_III,
340.0,163.1665214526478,A,O2 conc.A [nmol/mL],dataset_III,
340.3773584905661,163.1666109606432,A,O2 conc.A [nmol/mL],dataset_III,
340.7547169811321,162.9062382700358,A,O2 conc.A [nmol/mL],dataset_III,
341.1320754716981,163.4774231895196,A,O2 conc.A [nmol/mL],dataset_III,
341.5094339622642,163.4841809172343,A,O2 conc.A [nmol/mL],dataset_III,
341.8867924528302,163.1511121478468,A,O2 conc.A [nmol/mL],dataset_III,
342.2641509433962,163.2986015964602,A,O2 conc.A [nmol/mL],dataset_III,
342.6415094339623,162.92216537003,A,O2 conc.A [nmol/mL],dataset_III,
343.0188679245283,163.114933916462,A,O2 conc.A [nmol/mL],dataset_III,
343.3962264150944,163.5649352601716,A,O2 conc.A [nmol/mL],dataset_III,
343.7735849056604,163.2419405338788,A,O2 conc.A [nmol/mL],dataset_III,
344.1509433962264,163.773159061001,A,O2 conc.A [nmol/mL],dataset_III,
344.5283018867925,162.9863303521244,A,O2 conc.A [nmol/mL],dataset_III,
344.9056603773585,163.3157599986315,A,O2 conc.A [nmol/mL],dataset_III,
345.2830188679245,163.1093728016838,A,O2 conc.A [nmol/mL],dataset_III,
345.6603773584906,163.2872640921156,A,O2 conc.A [nmol/mL],dataset_III,
346.0377358490566,163.1315671685944,A,O2 conc.A [nmol/mL],dataset_III,
346.4150943396227,162.9806308644866,A,O2 conc.A [nmol/mL],dataset_III,
346.7924528301887,162.8915865891804,A,O2 conc.A [nmol/mL],dataset_III,
347.1698113207547,163.8625603578419,A,O2 conc.A [nmol/mL],dataset_III,
347.5471698113208,163.064275307581,A,O2 conc.A [nmol/mL],dataset_III,
347.9245283018868,162.5670068034399,A,O2 conc.A [nmol/mL],dataset_III,
348.3018867924528,162.896582230897,A,O2 conc.A [nmol/mL],dataset_III,
348.6792452830189,163.2158027241605,A,O2 conc.A [nmol/mL],dataset_III,
349.0566037735849,162.9088510953544,A,O2 conc.A [nmol/mL],dataset_III,
349.433962264151,163.3615251663084,A,O2 conc.A [nmol/mL],dataset_III,
349.811320754717,163.2595735959311,A,O2 conc.A [nmol/mL],dataset_III,
350.188679245283,162.9584497871163,A,O2 conc.A [nmol/mL],dataset_III,
350.5660377358491,162.8660408802921,A,O2 conc.A [nmol/mL],dataset_III,
350.9433962264151,162.7204550352892,A,O2 conc.A [nmol/mL],dataset_III,
351.3207547169811,162.784224073214,A,O2 conc.A [nmol/mL],dataset_III,
351.6981132075472,162.5784903620454,A,O2 conc.A [nmol/mL],dataset_III,
352.0754716981132,163.235435625113,A,O2 conc.A [nmol/mL],dataset_III,
352.4528301886792,163.3195721694822,A,O2 conc.A [nmol/mL],dataset_III,
352.8301886792453,162.5954228782446,A,O2 conc.A [nmol/mL],dataset_III,
353.2075471698113,162.6015970757041,A,O2 conc.A [nmol/mL],dataset_III,
353.5849056603773,162.4424502795785,A,O2 conc.A [nmol/mL],dataset_III,
353.9622641509434,162.6311751105999,A,O2 conc.A [nmol/mL],dataset_III,
354.3396226415094,162.0831148925491,A,O2 conc.A [nmol/mL],dataset_III,
354.7169811320755,162.5616897784119,A,O2 conc.A [nmol/mL],dataset_III,
355.0943396226415,163.1590487923023,A,O2 conc.A [nmol/mL],dataset_III,
355.4716981132075,162.7359622350497,A,O2 conc.A [nmol/mL],dataset_III,
355.8490566037736,163.0235868515481,A,O2 conc.A [nmol/mL],dataset_III,
356.2264150943396,162.6752589526005,A,O2 conc.A [nmol/mL],dataset_III,
356.6037735849056,163.2252284689107,A,O2 conc.A [nmol/mL],dataset_III,
356.9811320754717,162.8224265669736,A,O2 conc.A [nmol/mL],dataset_III,
357.3584905660377,162.6646819252921,A,O2 conc.A [nmol/mL],dataset_III,
357.7358490566038,163.3858489324347,A,O2 conc.A [nmol/mL],dataset_III,
358.1132075471698,162.654185390231,A,O2 conc.A [nmol/mL],dataset_III,
358.4905660377358,162.4175579451407,A,O2 conc.A [nmol/mL],dataset_III,
358.8679245283019,162.7609017117543,A,O2 conc.A [nmol/mL],dataset_III,
359.245283018868,162.6882758807223,A,O2 conc.A [nmol/mL],dataset_III,
359.6226415094339,162.9521262081247,A,O2 conc.A [nmol/mL],dataset_III,
360.0,162.4426970185053,A,O2 conc.A [nmol/mL],dataset_III,
360.3773584905661,162.8618451625538,A,O2 conc.A [nmol/mL],dataset_III,
360.7547169811321,162.8614134776265,A,O2 conc.A [nmol/mL],dataset_III,
361.1320754716981,162.4688649678611,A,O2 conc.A [nmol/mL],dataset_III,
361.5094339622642,162.6641582233783,A,O2 conc.A [nmol/mL],dataset_III,
361.8867924528302,162.4032196639994,A,O2 conc.A [nmol/mL],dataset_III,
362.2641509433962,163.1849201030049,A,O2 conc.A [nmol/mL],dataset_III,
362.6415094339623,162.4099936252582,A,O2 conc.A [nmol/mL],dataset_III,
363.0188679245283,162.460320336011,A,O2 conc.A [nmol/mL],dataset_III,
363.3962264150944,162.2946898721972,A,O2 conc.A [nmol/mL],dataset_III,
363.7735849056604,162.4621794917065,A,O2 conc.A [nmol/mL],dataset_III,
364.1509433962264,162.5348012369606,A,O2 conc.A [nmol/mL],dataset_III,
364.5283018867925,162.7157779607688,A,O2 conc.A [nmol/mL],dataset_III,
364.9056603773585,162.3587694487995,A,O2 conc.A [nmol/mL],dataset_III,
365.2830188679245,162.4525080540266,A,O2 conc.A [nmol/mL],dataset_III,
365.6603773584906,162.1323896353606,A,O2 conc.A [nmol/mL],dataset_III,
366.0377358490566,162.2672218533147,A,O2 conc.A [nmol/mL],dataset_III,
366.4150943396227,163.1505847322557,A,O2 conc.A [nmol/mL],dataset_III,
366.7924528301887,162.7095040727789,A,O2 conc.A [nmol/mL],dataset_III,
367.1698113207547,162.2413976959252,A,O2 conc.A [nmol/mL],dataset_III,
367.5471698113208,162.0899648265872,A,O2 conc.A [nmol/mL],dataset_III,
367.9245283018868,162.167978859549,A,O2 conc.A [nmol/mL],dataset_III,
368.3018867924528,162.3940122846725,A,O2 conc.A [nmol/mL],dataset_III,
368.6792452830189,162.395677378862,A,O2 conc.A [nmol/mL],dataset_III,
369.0566037735849,162.1884657136046,A,O2 conc.A [nmol/mL],dataset_III,
369.433962264151,162.0404726790362,A,O2 conc.A [nmol/mL],dataset_III,
369.811320754717,162.7052713537086,A,O2 conc.A [nmol/mL],dataset_III,
370.188679245283,162.4501585216624,A,O2 conc.A [nmol/mL],dataset_III,
370.5660377358491,162.2311555851294,A,O2 conc.A [nmol/mL],dataset_III,
370.9433962264151,162.2571927189642,A,O2 conc.A [nmol/mL],dataset_III,
371.3207547169811,162.1675358367218,A,O2 conc.A [nmol/mL],dataset_III,
371.6981132075472,161.5534675202459,A,O2 conc.A [nmol/mL],dataset_III,
372.0754716981132,162.303954768406,A,O2 conc.A [nmol/mL],dataset_III,
372.4528301886793,161.9949636390484,A,O2 conc.A [nmol/mL],dataset_III,
372.8301886792453,161.9994890967766,A,O2 conc.A [nmol/mL],dataset_III,
373.2075471698113,162.0776550001344,A,O2 conc.A [nmol/mL],dataset_III,
373.5849056603773,162.4083564600205,A,O2 conc.A [nmol/mL],dataset_III,
373.9622641509434,161.9202087590492,A,O2 conc.A [nmol/mL],dataset_III,
374.3396226415094,161.8418315260279,A,O2 conc.A [nmol/mL],dataset_III,
374.7169811320755,162.3479253395669,A,O2 conc.A [nmol/mL],dataset_III,
375.0943396226415,162.3641149768435,A,O2 conc.A [nmol/mL],dataset_III,
375.4716981132075,161.923349753784,A,O2 conc.A [nmol/mL],dataset_III,
375.8490566037736,162.2912430303066,A,O2 conc.A [nmol/mL],dataset_III,
376.2264150943396,162.0652959339017,A,O2 conc.A [nmol/mL],dataset_III,
376.6037735849056,162.2010875165126,A,O2 conc.A [nmol/mL],dataset_III,
376.9811320754717,161.7980848327894,A,O2 conc.A [nmol/mL],dataset_III,
377.3584905660377,162.3091089453212,A,O2 conc.A [nmol/mL],dataset_III,
377.7358490566038,162.3892605017758,A,O2 conc.A [nmol/mL],dataset_III,
378.1132075471698,162.2352745025275,A,O2 conc.A [nmol/mL],dataset_III,
378.4905660377358,162.2031516145459,A,O2 conc.A [nmol/mL],dataset_III,
378.8679245283019,161.1080582657376,A,O2 conc.A [nmol/mL],dataset_III,
379.245283018868,162.1038449228441,A,O2 conc.A [nmol/mL],dataset_III,
379.6226415094339,162.0198865873944,A,O2 conc.A [nmol/mL],dataset_III,
380.0,161.9770469710448,A,O2 conc.A [nmol/mL],dataset_III,
380.3773584905661,161.8437242816688,A,O2 conc.A [nmol/mL],dataset_III,
380.7547169811321,162.0027704545285,A,O2 conc.A [nmol/mL],dataset_III,
381.1320754716981,162.0795189939709,A,O2 conc.A [nmol/mL],dataset_III,
381.5094339622642,161.8981030342739,A,O2 conc.A [nmol/mL],dataset_III,
381.8867924528302,161.8357794712918,A,O2 conc.A [nmol/mL],dataset_III,
382.2641509433962,162.2466093908671,A,O2 conc.A [nmol/mL],dataset_III,
382.6415094339623,161.6503895933138,A,O2 conc.A [nmol/mL],dataset_III,
383.0188679245283,162.1718306016509,A,O2 conc.A [nmol/mL],dataset_III,
383.3962264150944,161.9460553502322,A,O2 conc.A [nmol/mL],dataset_III,
383.7735849056604,161.6883362550963,A,O2 conc.A [nmol/mL],dataset_III,
384.1509433962264,161.8044776244973,A,O2 conc.A [nmol/mL],dataset_III,
384.5283018867925,161.634535129853,A,O2 conc.A [nmol/mL],dataset_III,
384.9056603773585,162.020860092103,A,O2 conc.A [nmol/mL],dataset_III,
385.2830188679245,161.9266298347954,A,O2 conc.A [nmol/mL],dataset_III,
385.6603773584906,161.6880157822484,A,O2 conc.A [nmol/mL],dataset_III,
386.0377358490566,161.5392206834965,A,O2 conc.A [nmol/mL],dataset_III,
386.4150943396227,161.8777647138479,A,O2 conc.A [nmol/mL],dataset_III,
386.7924528301887,162.0292425243702,A,O2 conc.A [nmol/mL],dataset_III,
387.1698113207547,161.7489974674601,A,O2 conc.A [nmol/mL],dataset_III,
387.5471698113208,161.8696051121161,A,O2 conc.A [nmol/mL],dataset_III,
387.9245283018868,161.6585706312697,A,O2 conc.A [nmol/mL],dataset_III,
388.3018867924528,161.7570301523297,A,O2 conc.A [nmol/mL],dataset_III,
388.6792452830189,161.6548775547871,A,O2 conc.A [nmol/mL],dataset_III,
389.0566037735849,161.7887692500555,A,O2 conc.A [nmol/mL],dataset_III,
389.433962264151,161.3253760175766,A,O2 conc.A [nmol/mL],dataset_III,
389.811320754717,161.8514272079829,A,O2 conc.A [nmol/mL],dataset_III,
390.188679245283,161.6204568890805,A,O2 conc.A [nmol/mL],dataset_III,
390.5660377358491,161.7551524602616,A,O2 conc.A [nmol/mL],dataset_III,
390.9433962264151,161.5679833454164,A,O2 conc.A [nmol/mL],dataset_III,
391.3207547169811,161.7207116086158,A,O2 conc.A [nmol/mL],dataset_III,
391.6981132075472,161.3600410442742,A,O2 conc.A [nmol/mL],dataset_III,
392.0754716981132,161.9130307824963,A,O2 conc.A [nmol/mL],dataset_III,
392.4528301886793,161.1774164665545,A,O2 conc.A [nmol/mL],dataset_III,
392.8301886792453,161.3310533438683,A,O2 conc.A [nmol/mL],dataset_III,
393.2075471698113,161.6373399990441,A,O2 conc.A [nmol/mL],dataset_III,
393.5849056603773,161.9316944870347,A,O2 conc.A [nmol/mL],dataset_III,
393.9622641509434,161.6230759252395,A,O2 conc.A [nmol/mL],dataset_III,
394.3396226415094,161.4791276699718,A,O2 conc.A [nmol/mL],dataset_III,
394.7169811320755,161.1723926819249,A,O2 conc.A [nmol/mL],dataset_III,
395.0943396226415,161.4684064854971,A,O2 conc.A [nmol/mL],dataset_III,
395.4716981132075,161.4988168326216,A,O2 conc.A [nmol/mL],dataset_III,
395.8490566037736,161.9139886803867,A,O2 conc.A [nmol/mL],dataset_III,
396.2264150943396,161.6344382579979,A,O2 conc.A [nmol/mL],dataset_III,
396.6037735849056,161.0841941672665,A,O2 conc.A [nmol/mL],dataset_III,
396.9811320754717,161.9607225930508,A,O2 conc.A [nmol/mL],dataset_III,
397.3584905660377,161.3428357834274,A,O2 conc.A [nmol/mL],dataset_III,
397.7358490566038,161.2092837564895,A,O2 conc.A [nmol/mL],dataset_III,
398.1132075471698,161.7854147808325,A,O2 conc.A [nmol/mL],dataset_III,
398.4905660377358,161.3918306101432,A,O2 conc.A [nmol/mL],dataset_III,
398.8679245283019,161.2999793325202,A,O2 conc.A [nmol/mL],dataset_III,
399.245283018868,161.4340869114652,A,O2 conc.A [nmol/mL],dataset_III,
399.6226415094339,161.5781730408895,A,O2 conc.A [nmol/mL],dataset_III,
400.0,161.6028453281471,A,O2 conc.A [nmol/mL],dataset_III,
400.3773584905661,160.9982711079129,A,O2 conc.A [nmol/mL],dataset_III,
400.7547169811321,161.8292525060142,A,O2 conc.A [nmol/mL],dataset_III,
401.1320754716981,161.55390796557,A,O2 conc.A [nmol/mL],dataset_III,
401.5094339622642,161.2099527327729,A,O2 conc.A [nmol/mL],dataset_III,
401.8867924528302,161.0876484646562,A,O2 conc.A [nmol/mL],dataset_III,
402.2641509433962,161.0376207486369,A,O2 conc.A [nmol/mL],dataset_III,
402.6415094339623,161.298278894014,A,O2 conc.A [nmol/mL],dataset_III,
403.0188679245283,161.0929906417942,A,O2 conc.A [nmol/mL],dataset_III,
403.3962264150944,161.0513366564366,A,O2 conc.A [nmol/mL],dataset_III,
403.7735849056604,161.4329291813734,A,O2 conc.A [nmol/mL],dataset_III,
404.1509433962264,161.3088178484344,A,O2 conc.A [nmol/mL],dataset_III,
404.5283018867925,161.1065936301689,A,O2 conc.A [nmol/mL],dataset_III,
404.9056603773585,161.3763587760723,A,O2 conc.A [nmol/mL],dataset_III,
405.2830188679245,161.5222019658045,A,O2 conc.A [nmol/mL],dataset_III,
405.6603773584906,160.8942936632206,A,O2 conc.A [nmol/mL],dataset_III,
406.0377358490566,161.004655202437,A,O2 conc.A [nmol/mL],dataset_III,
406.4150943396227,161.3786940655633,A,O2 conc.A [nmol/mL],dataset_III,
406.7924528301887,161.310334178936,A,O2 conc.A [nmol/mL],dataset_III,
407.1698113207547,161.1748341835003,A,O2 conc.A [nmol/mL],dataset_III,
407.5471698113208,161.3963251981201,A,O2 conc.A [nmol/mL],dataset_III,
407.9245283018868,160.8212274007182,A,O2 conc.A [nmol/mL],dataset_III,
408.3018867924528,160.7110563062469,A,O2 conc.A [nmol/mL],dataset_III,
408.6792452830189,160.8517743569828,A,O2 conc.A [nmol/mL],dataset_III,
409.0566037735849,161.0865976517152,A,O2 conc.A [nmol/mL],dataset_III,
409.433962264151,160.8445003655,A,O2 conc.A [nmol/mL],dataset_III,
409.811320754717,160.9092779515198,A,O2 conc.A [nmol/mL],dataset_III,
410.188679245283,160.7748928921088,A,O2 conc.A [nmol/mL],dataset_III,
410.5660377358491,160.8510960668949,A,O2 conc.A [nmol/mL],dataset_III,
410.9433962264151,160.7425669793532,A,O2 conc.A [nmol/mL],dataset_III,
411.3207547169811,161.0731907664898,A,O2 conc.A [nmol/mL],dataset_III,
411.6981132075472,161.1676074128911,A,O2 conc.A [nmol/mL],dataset_III,
412.0754716981132,160.8363335917437,A,O2 conc.A [nmol/mL],dataset_III,
412.4528301886793,160.8921890583655,A,O2 conc.A [nmol/mL],dataset_III,
412.8301886792453,160.7863077945927,A,O2 conc.A [nmol/mL],dataset_III,
413.2075471698113,161.0519391719908,A,O2 conc.A [nmol/mL],dataset_III,
413.5849056603774,160.9289508079969,A,O2 conc.A [nmol/mL],dataset_III,
413.9622641509434,161.2927864534919,A,O2 conc.A [nmol/mL],dataset_III,
414.3396226415094,160.6079396492038,A,O2 conc.A [nmol/mL],dataset_III,
414.7169811320755,160.9599937129728,A,O2 conc.A [nmol/mL],dataset_III,
415.0943396226415,160.9679263677503,A,O2 conc.A [nmol/mL],dataset_III,
415.4716981132075,160.7543789046017,A,O2 conc.A [nmol/mL],dataset_III,
415.8490566037736,160.9779329096766,A,O2 conc.A [nmol/mL],dataset_III,
416.2264150943396,160.4599791462927,A,O2 conc.A [nmol/mL],dataset_III,
416.6037735849056,161.3368709969215,A,O2 conc.A [nmol/mL],dataset_III,
416.9811320754717,160.4592195566086,A,O2 conc.A [nmol/mL],dataset_III,
417.3584905660377,161.0122429157571,A,O2 conc.A [nmol/mL],dataset_III,
417.7358490566038,160.4895708615642,A,O2 conc.A [nmol/mL],dataset_III,
418.1132075471698,161.0451327197902,A,O2 conc.A [nmol/mL],dataset_III,
418.4905660377358,160.6487788860163,A,O2 conc.A [nmol/mL],dataset_III,
418.8679245283019,160.7721385501513,A,O2 conc.A [nmol/mL],dataset_III,
419.245283018868,160.7334291929888,A,O2 conc.A [nmol/mL],dataset_III,
419.6226415094339,160.9828372085317,A,O2 conc.A [nmol/mL],dataset_III,
420.0,160.6148272529685,A,O2 conc.A [nmol/mL],dataset_III,
420.3773584905661,159.9409786187556,A,O2 conc.A [nmol/mL],dataset_III,
420.7547169811321,160.4803202795048,A,O2 conc.A [nmol/mL],dataset_III,
421.1320754716981,160.7038234885878,A,O2 conc.A [nmol/mL],dataset_III,
421.5094339622642,160.5353387874217,A,O2 conc.A [nmol/mL],dataset_III,
421.8867924528302,160.8254714823258,A,O2 conc.A [nmol/mL],dataset_III,
422.2641509433962,160.8744084493817,A,O2 conc.A [nmol/mL],dataset_III,
422.6415094339623,160.5711941788458,A,O2 conc.A [nmol/mL],dataset_III,
423.0188679245283,160.2232862137017,A,O2 conc.A [nmol/mL],dataset_III,
423.3962264150944,160.9292992708233,A,O2 conc.A [nmol/mL],dataset_III,
423.7735849056604,160.841581799425,A,O2 conc.A [nmol/mL],dataset_III,
424.1509433962264,160.483581071964,A,O2 conc.A [nmol/mL],dataset_III,
424.5283018867925,161.0730113895718,A,O2 conc.A [nmol/mL],dataset_III,
424.9056603773585,160.4462808529579,A,O2 conc.A [nmol/mL],dataset_III,
425.2830188679245,160.2367802192028,A,O2 conc.A [nmol/mL],dataset_III,
425.6603773584906,160.4696522222694,A,O2 conc.A [nmol/mL],dataset_III,
426.0377358490566,160.7656394410614,A,O2 conc.A [nmol/mL],dataset_III,
426.4150943396227,160.2493780831097,A,O2 conc.A [nmol/mL],dataset_III,
426.7924528301887,160.9591081448289,A,O2 conc.A [nmol/mL],dataset_III,
427.1698113207547,160.2347307534899,A,O2 conc.A [nmol/mL],dataset_III,
427.5471698113208,160.6850283080651,A,O2 conc.A [nmol/mL],dataset_III,
427.9245283018868,160.5700987644594,A,O2 conc.A [nmol/mL],dataset_III,
428.3018867924528,160.3830293380466,A,O2 conc.A [nmol/mL],dataset_III,
428.6792452830189,160.6792372788995,A,O2 conc.A [nmol/mL],dataset_III,
429.0566037735849,160.0217147683032,A,O2 conc.A [nmol/mL],dataset_III,
429.433962264151,160.7236178435771,A,O2 conc.A [nmol/mL],dataset_III,
429.811320754717,160.355864320949,A,O2 conc.A [nmol/mL],dataset_III,
430.188679245283,160.2237369470984,A,O2 conc.A [nmol/mL],dataset_III,
430.5660377358491,160.5341997029727,A,O2 conc.A [nmol/mL],dataset_III,
430.9433962264151,160.5994413757874,A,O2 conc.A [nmol/mL],dataset_III,
431.3207547169811,160.5144759114959,A,O2 conc.A [nmol/mL],dataset_III,
431.6981132075472,160.8094634405816,A,O2 conc.A [nmol/mL],dataset_III,
432.0754716981132,160.5673294358423,A,O2 conc.A [nmol/mL],dataset_III,
432.4528301886793,160.6055850064739,A,O2 conc.A [nmol/mL],dataset_III,
432.8301886792453,160.1373027956442,A,O2 conc.A [nmol/mL],dataset_III,
433.2075471698113,160.2864601558047,A,O2 conc.A [nmol/mL],dataset_III,
433.5849056603773,160.3881352887534,A,O2 conc.A [nmol/mL],dataset_III,
433.9622641509434,160.230514515662,A,O2 conc.A [nmol/mL],dataset_III,
434.3396226415094,160.2979193148305,A,O2 conc.A [nmol/mL],dataset_III,
434.7169811320755,160.3165971298045,A,O2 conc.A [nmol/mL],dataset_III,
435.0943396226415,160.4086923494602,A,O2 conc.A [nmol/mL],dataset_III,
435.4716981132076,160.1597895791521,A,O2 conc.A [nmol/mL],dataset_III,
435.8490566037736,160.0853024298382,A,O2 conc.A [nmol/mL],dataset_III,
436.2264150943396,159.9532337530111,A,O2 conc.A [nmol/mL],dataset_III,
436.6037735849056,159.924940015947,A,O2 conc.A [nmol/mL],dataset_III,
436.9811320754717,160.4285463362754,A,O2 conc.A [nmol/mL],dataset_III,
437.3584905660377,160.1018635894343,A,O2 conc.A [nmol/mL],dataset_III,
437.7358490566038,160.3072904887442,A,O2 conc.A [nmol/mL],dataset_III,
438.1132075471698,159.7737738639638,A,O2 conc.A [nmol/mL],dataset_III,
438.4905660377358,159.6011332307097,A,O2 conc.A [nmol/mL],dataset_III,
438.8679245283019,159.8109628820823,A,O2 conc.A [nmol/mL],dataset_III,
439.2452830188679,160.3474528639161,A,O2 conc.A [nmol/mL],dataset_III,
439.6226415094339,160.3153759142475,A,O2 conc.A [nmol/mL],dataset_III,
440.0,160.1189266385481,A,O2 conc.A [nmol/mL],dataset_III,
440.3773584905661,159.8229348813867,A,O2 conc.A [nmol/mL],dataset_III,
440.7547169811321,159.9783371909234,A,O2 conc.A [nmol/mL],dataset_III,
441.1320754716982,159.9241581637324,A,O2 conc.A [nmol/mL],dataset_III,
441.5094339622642,159.8999153793004,A,O2 conc.A [nmol/mL],dataset_III,
441.8867924528302,159.3472016886498,A,O2 conc.A [nmol/mL],dataset_III,
442.2641509433962,159.7467979836541,A,O2 conc.A [nmol/mL],dataset_III,
442.6415094339623,159.9013127934006,A,O2 conc.A [nmol/mL],dataset_III,
443.0188679245283,160.3155073919599,A,O2 conc.A [nmol/mL],dataset_III,
443.3962264150944,159.9641466414839,A,O2 conc.A [nmol/mL],dataset_III,
443.7735849056604,160.261743380468,A,O2 conc.A [nmol/mL],dataset_III,
444.1509433962265,159.8006550139198,A,O2 conc.A [nmol/mL],dataset_III,
444.5283018867925,159.8234700280099,A,O2 conc.A [nmol/mL],dataset_III,
444.9056603773585,158.899347173024,A,O2 conc.A [nmol/mL],dataset_III,
445.2830188679245,159.9775956225575,A,O2 conc.A [nmol/mL],dataset_III,
445.6603773584906,159.9860973853098,A,O2 conc.A [nmol/mL],dataset_III,
446.0377358490566,160.2778236695838,A,O2 conc.A [nmol/mL],dataset_III,
446.4150943396227,159.7027540317132,A,O2 conc.A [nmol/mL],dataset_III,
446.7924528301887,159.8355433056751,A,O2 conc.A [nmol/mL],dataset_III,
447.1698113207547,159.6231832101555,A,O2 conc.A [nmol/mL],dataset_III,
447.5471698113208,159.4930613648098,A,O2 conc.A [nmol/mL],dataset_III,
447.9245283018868,159.5964090715522,A,O2 conc.A [nmol/mL],dataset_III,
448.3018867924528,159.6759968644028,A,O2 conc.A [nmol/mL],dataset_III,
448.6792452830189,160.0886664347689,A,O2 conc.A [nmol/mL],dataset_III,
449.0566037735849,159.73792026041,A,O2 conc.A [nmol/mL],dataset_III,
449.433962264151,159.5272915895011,A,O2 conc.A [nmol/mL],dataset_III,
449.811320754717,159.7479576811145,A,O2 conc.A [nmol/mL],dataset_III,
450.188679245283,159.754441495063,A,O2 conc.A [nmol/mL],dataset_III,
450.5660377358491,159.5185510742792,A,O2 conc.A [nmol/mL],dataset_III,
450.9433962264151,159.9609779270098,A,O2 conc.A [nmol/mL],dataset_III,
451.3207547169811,159.1906427296652,A,O2 conc.A [nmol/mL],dataset_III,
451.6981132075472,159.5969042274213,A,O2 conc.A [nmol/mL],dataset_III,
452.0754716981132,159.8041173328559,A,O2 conc.A [nmol/mL],dataset_III,
452.4528301886793,159.2908031185578,A,O2 conc.A [nmol/mL],dataset_III,
452.8301886792453,159.7032851175363,A,O2 conc.A [nmol/mL],dataset_III,
453.2075471698113,159.9237553748403,A,O2 conc.A [nmol/mL],dataset_III,
453.5849056603773,159.7015103602385,A,O2 conc.A [nmol/mL],dataset_III,
453.9622641509434,159.1531129905077,A,O2 conc.A [nmol/mL],dataset_III,
454.3396226415094,159.3811646517933,A,O2 conc.A [nmol/mL],dataset_III,
454.7169811320755,159.8588496916817,A,O2 conc.A [nmol/mL],dataset_III,
455.0943396226415,159.6129180847279,A,O2 conc.A [nmol/mL],dataset_III,
455.4716981132076,159.5234299712467,A,O2 conc.A [nmol/mL],dataset_III,
455.8490566037736,159.6237552869567,A,O2 conc.A [nmol/mL],dataset_III,
456.2264150943396,159.681277808188,A,O2 conc.A [nmol/mL],dataset_III,
456.6037735849056,159.3114596939451,A,O2 conc.A [nmol/mL],dataset_III,
456.9811320754717,159.403536415483,A,O2 conc.A [nmol/mL],dataset_III,
457.3584905660377,159.4994252803223,A,O2 conc.A [nmol/mL],dataset_III,
457.7358490566038,159.31526786986,A,O2 conc.A [nmol/mL],dataset_III,
458.1132075471698,159.4054548430698,A,O2 conc.A [nmol/mL],dataset_III,
458.4905660377359,159.750846105392,A,O2 conc.A [nmol/mL],dataset_III,
458.8679245283019,159.1719836313102,A,O2 conc.A [nmol/mL],dataset_III,
459.2452830188679,159.883164707147,A,O2 conc.A [nmol/mL],dataset_III,
459.6226415094339,159.8588955565812,A,O2 conc.A [nmol/mL],dataset_III,
460.0,158.9482600351085,A,O2 conc.A [nmol/mL],dataset_III,
460.3773584905661,159.3289246606758,A,O2 conc.A [nmol/mL],dataset_III,
460.7547169811321,159.4374136517096,A,O2 conc.A [nmol/mL],dataset_III,
461.1320754716982,159.1490834197542,A,O2 conc.A [nmol/mL],dataset_III,
461.5094339622642,159.1415914980298,A,O2 conc.A [nmol/mL],dataset_III,
461.8867924528302,159.2550681320741,A,O2 conc.A [nmol/mL],dataset_III,
462.2641509433962,159.486777010328,A,O2 conc.A [nmol/mL],dataset_III,
462.6415094339623,159.1617094610901,A,O2 conc.A [nmol/mL],dataset_III,
463.0188679245283,159.7337768059922,A,O2 conc.A [nmol/mL],dataset_III,
463.3962264150944,159.3371572859143,A,O2 conc.A [nmol/mL],dataset_III,
463.7735849056604,159.2265803965327,A,O2 conc.A [nmol/mL],dataset_III,
464.1509433962265,159.6020995710404,A,O2 conc.A [nmol/mL],dataset_III,
464.5283018867925,159.3839153807056,A,O2 conc.A [nmol/mL],dataset_III,
464.9056603773585,159.3072272080232,A,O2 conc.A [nmol/mL],dataset_III,
465.2830188679245,159.1196808505465,A,O2 conc.A [nmol/mL],dataset_III,
465.6603773584906,159.6435227818252,A,O2 conc.A [nmol/mL],dataset_III,
466.0377358490566,159.3805422078745,A,O2 conc.A [nmol/mL],dataset_III,
466.4150943396227,159.1142944085139,A,O2 conc.A [nmol/mL],dataset_III,
466.7924528301887,158.7584078868619,A,O2 conc.A [nmol/mL],dataset_III,
467.1698113207547,159.2335059919763,A,O2 conc.A [nmol/mL],dataset_III,
467.5471698113208,158.8418935154832,A,O2 conc.A [nmol/mL],dataset_III,
467.9245283018868,158.6864024825097,A,O2 conc.A [nmol/mL],dataset_III,
468.3018867924528,159.0331615259901,A,O2 conc.A [nmol/mL],dataset_III,
468.6792452830189,159.160877609878,A,O2 conc.A [nmol/mL],dataset_III,
469.0566037735849,159.3986905744887,A,O2 conc.A [nmol/mL],dataset_III,
469.433962264151,159.1362436541897,A,O2 conc.A [nmol/mL],dataset_III,
469.811320754717,159.2546960114232,A,O2 conc.A [nmol/mL],dataset_III,
470.188679245283,158.734280885047,A,O2 conc.A [nmol/mL],dataset_III,
470.5660377358491,159.022678948667,A,O2 conc.A [nmol/mL],dataset_III,
470.9433962264151,159.0469252544987,A,O2 conc.A [nmol/mL],dataset_III,
471.3207547169811,159.2189944024222,A,O2 conc.A [nmol/mL],dataset_III,
471.6981132075472,159.0200084561743,A,O2 conc.A [nmol/mL],dataset_III,
472.0754716981132,159.1795734588489,A,O2 conc.A [nmol/mL],dataset_III,
472.4528301886793,158.8400643389087,A,O2 conc.A [nmol/mL],dataset_III,
472.8301886792453,159.0431633090113,A,O2 conc.A [nmol/mL],dataset_III,
473.2075471698113,159.0449516143804,A,O2 conc.A [nmol/mL],dataset_III,
473.5849056603773,158.6163515145381,A,O2 conc.A [nmol/mL],dataset_III,
473.9622641509434,158.9602405344593,A,O2 conc.A [nmol/mL],dataset_III,
474.3396226415094,158.8238256772328,A,O2 conc.A [nmol/mL],dataset_III,
474.7169811320755,158.4154547534967,A,O2 conc.A [nmol/mL],dataset_III,
475.0943396226415,159.1186388423994,A,O2 conc.A [nmol/mL],dataset_III,
475.4716981132076,158.7761329340415,A,O2 conc.A [nmol/mL],dataset_III,
475.8490566037736,158.6410605213869,A,O2 conc.A [nmol/mL],dataset_III,
476.2264150943396,158.7473892818506,A,O2 conc.A [nmol/mL],dataset_III,
476.6037735849056,158.8638289754794,A,O2 conc.A [nmol/mL],dataset_III,
476.9811320754717,159.1938167027598,A,O2 conc.A [nmol/mL],dataset_III,
477.3584905660377,158.7629164629304,A,O2 conc.A [nmol/mL],dataset_III,
477.7358490566038,158.9100620699593,A,O2 conc.A [nmol/mL],dataset_III,
478.1132075471698,159.1229154719991,A,O2 conc.A [nmol/mL],dataset_III,
478.4905660377359,158.9004686926737,A,O2 conc.A [nmol/mL],dataset_III,
478.8679245283019,159.0217825312982,A,O2 conc.A [nmol/mL],dataset_III,
479.245283018868,158.6230744592912,A,O2 conc.A [nmol/mL],dataset_III,
479.6226415094339,158.9225246877344,A,O2 conc.A [nmol/mL],dataset_III,
480.0,158.7028287881952,A,O2 conc.A [nmol/mL],dataset_III,FCCP_1
480.125786163522,158.9816919970168,A,O2 conc.A [nmol/mL],dataset_III,
480.251572327044,158.4577973089474,A,O2 conc.A [nmol/mL],dataset_III,
480.3773584905661,158.5092360720362,A,O2 conc.A [nmol/mL],dataset_III,
480.503144654088,159.0165950103864,A,O2 conc.A [nmol/mL],dataset_III,
480.6289308176101,158.6455335822292,A,O2 conc.A [nmol/mL],dataset_III,
480.754716981132,158.5998198318905,A,O2 conc.A [nmol/mL],dataset_III,
480.8805031446541,158.7038281702024,A,O2 conc.A [nmol/mL],dataset_III,
481.0062893081761,158.5068117770815,A,O2 conc.A [nmol/mL],dataset_III,
481.1320754716981,159.0068045865615,A,O2 conc.A [nmol/mL],dataset_III,
481.2578616352201,158.3560494223524,A,O2 conc.A [nmol/mL],dataset_III,
481.3836477987421,158.6251045830449,A,O2 conc.A [nmol/mL],dataset_III,
481.5094339622642,158.7438045808706,A,O2 conc.A [nmol/mL],dataset_III,
481.6352201257862,158.6251701189765,A,O2 conc.A [nmol/mL],dataset_III,
481.7610062893082,158.4448333584656,A,O2 conc.A [nmol/mL],dataset_III,
481.8867924528302,158.4223435897624,A,O2 conc.A [nmol/mL],dataset_III,
482.0125786163522,158.7397416457722,A,O2 conc.A [nmol/mL],dataset_III,
482.1383647798742,158.3696456040934,A,O2 conc.A [nmol/mL],dataset_III,
482.2641509433962,158.7826234242211,A,O2 conc.A [nmol/mL],dataset_III,
482.3899371069182,158.2337506865781,A,O2 conc.A [nmol/mL],dataset_III,
482.5157232704403,158.4696985009991,A,O2 conc.A [nmol/mL],dataset_III,
482.6415094339623,158.6111120516496,A,O2 conc.A [nmol/mL],dataset_III,
482.7672955974843,158.2825267538686,A,O2 conc.A [nmol/mL],dataset_III,
482.8930817610063,158.7520375739557,A,O2 conc.A [nmol/mL],dataset_III,
483.0188679245283,158.5778140548005,A,O2 conc.A [nmol/mL],dataset_III,
483.1446540880503,158.3167907490694,A,O2 conc.A [nmol/mL],dataset_III,
483.2704402515723,158.1893966252792,A,O2 conc.A [nmol/mL],dataset_III,
483.3962264150944,158.1709824323451,A,O2 conc.A [nmol/mL],dataset_III,
483.5220125786163,158.5683532858028,A,O2 conc.A [nmol/mL],dataset_III,
483.6477987421384,158.259558472233,A,O2 conc.A [nmol/mL],dataset_III,
483.7735849056604,158.2006756091642,A,O2 conc.A [nmol/mL],dataset_III,
483.8993710691824,158.4771788798076,A,O2 conc.A [nmol/mL],dataset_III,
484.0251572327044,159.0974126301484,A,O2 conc.A [nmol/mL],dataset_III,
484.1509433962264,158.590438849107,A,O2 conc.A [nmol/mL],dataset_III,
484.2767295597484,158.7047656074154,A,O2 conc.A [nmol/mL],dataset_III,
484.4025157232704,158.5601651752856,A,O2 conc.A [nmol/mL],dataset_III,
484.5283018867925,158.6956499651489,A,O2 conc.A [nmol/mL],dataset_III,
484.6540880503144,158.1570217572227,A,O2 conc.A [nmol/mL],dataset_III,
484.7798742138365,158.3780275198989,A,O2 conc.A [nmol/mL],dataset_III,
484.9056603773585,158.5438282929781,A,O2 conc.A [nmol/mL],dataset_III,
485.0314465408805,158.466821231421,A,O2 conc.A [nmol/mL],dataset_III,
485.1572327044025,158.4160880027327,A,O2 conc.A [nmol/mL],dataset_III,
485.2830188679245,158.2903803683301,A,O2 conc.A [nmol/mL],dataset_III,
485.4088050314465,158.3849950279482,A,O2 conc.A [nmol/mL],dataset_III,
485.5345911949685,158.2487621607133,A,O2 conc.A [nmol/mL],dataset_III,
485.6603773584906,157.8295545964979,A,O2 conc.A [nmol/mL],dataset_III,
485.7861635220126,158.1290683631951,A,O2 conc.A [nmol/mL],dataset_III,
485.9119496855346,158.5392736374077,A,O2 conc.A [nmol/mL],dataset_III,
486.0377358490566,158.8022780057643,A,O2 conc.A [nmol/mL],dataset_III,
486.1635220125786,158.859035693405,A,O2 conc.A [nmol/mL],dataset_III,
486.2893081761006,158.4224455271612,A,O2 conc.A [nmol/mL],dataset_III,
486.4150943396227,158.6142060018886,A,O2 conc.A [nmol/mL],dataset_III,
486.5408805031446,158.6104433607069,A,O2 conc.A [nmol/mL],dataset_III,
486.6666666666667,158.2029598290994,A,O2 conc.A [nmol/mL],dataset_III,
486.7924528301887,157.9441030181146,A,O2 conc.A [nmol/mL],dataset_III,
486.9182389937107,158.368861384096,A,O2 conc.A [nmol/mL],dataset_III,
487.0440251572327,157.9131296945885,A,O2 conc.A [nmol/mL],dataset_III,
487.1698113207547,158.2662272927571,A,O2 conc.A [nmol/mL],dataset_III,
487.2955974842768,158.4907586182619,A,O2 conc.A [nmol/mL],dataset_III,
487.4213836477987,157.9762220310652,A,O2 conc.A [nmol/mL],dataset_III,
487.5471698113208,158.3318141798689,A,O2 conc.A [nmol/mL],dataset_III,
487.6729559748428,158.6262371259835,A,O2 conc.A [nmol/mL],dataset_III,
487.7987421383648,158.3990947469864,A,O2 conc.A [nmol/mL],dataset_III,
487.9245283018868,158.4317732648731,A,O2 conc.A [nmol/mL],dataset_III,
488.0503144654088,158.5203467166065,A,O2 conc.A [nmol/mL],dataset_III,
488.1761006289308,158.719364092812,A,O2 conc.A [nmol/mL],dataset_III,
488.3018867924528,158.3164340991575,A,O2 conc.A [nmol/mL],dataset_III,
488.4276729559749,158.5784021728257,A,O2 conc.A [nmol/mL],dataset_III,
488.5534591194968,158.247427223028,A,O2 conc.A [nmol/mL],dataset_III,
488.6792452830189,158.1193641390991,A,O2 conc.A [nmol/mL],dataset_III,
488.8050314465409,158.3270429366493,A,O2 conc.A [nmol/mL],dataset_III,
488.9308176100629,158.0893106362248,A,O2 conc.A [nmol/mL],dataset_III,
489.0566037735849,158.0899027635722,A,O2 conc.A [nmol/mL],dataset_III,
489.1823899371069,158.0736664425672,A,O2 conc.A [nmol/mL],dataset_III,
489.3081761006289,157.6441576317566,A,O2 conc.A [nmol/mL],dataset_III,
489.4339622641509,158.2367963968196,A,O2 conc.A [nmol/mL],dataset_III,
489.559748427673,157.8868665155859,A,O2 conc.A [nmol/mL],dataset_III,
489.685534591195,158.1684080864804,A,O2 conc.A [nmol/mL],dataset_III,
489.811320754717,158.5501139468774,A,O2 conc.A [nmol/mL],dataset_III,
489.937106918239,158.0497646108944,A,O2 conc.A [nmol/mL],dataset_III,
490.062893081761,158.0369020706257,A,O2 conc.A [nmol/mL],dataset_III,
490.188679245283,158.505768266894,A,O2 conc.A [nmol/mL],dataset_III,
490.314465408805,158.2937509679276,A,O2 conc.A [nmol/mL],dataset_III,
490.440251572327,158.3936871004747,A,O2 conc.A [nmol/mL],dataset_III,
490.5660377358491,158.0531106512486,A,O2 conc.A [nmol/mL],dataset_III,
490.6918238993711,158.3213298636572,A,O2 conc.A [nmol/mL],dataset_III,
490.8176100628931,157.9551401080012,A,O2 conc.A [nmol/mL],dataset_III,
490.9433962264151,157.950052733808,A,O2 conc.A [nmol/mL],dataset_III,
491.0691823899371,158.2604829615141,A,O2 conc.A [nmol/mL],dataset_III,
491.1949685534591,157.9541952621518,A,O2 conc.A [nmol/mL],dataset_III,
491.3207547169811,158.2879329024207,A,O2 conc.A [nmol/mL],dataset_III,
491.4465408805032,158.686437233151,A,O2 conc.A [nmol/mL],dataset_III,
491.5723270440251,157.6593390376283,A,O2 conc.A [nmol/mL],dataset_III,
491.6981132075472,157.8851854795445,A,O2 conc.A [nmol/mL],dataset_III,
491.8238993710692,158.3456309125543,A,O2 conc.A [nmol/mL],dataset_III,
491.9496855345912,158.0216811158286,A,O2 conc.A [nmol/mL],dataset_III,
492.0754716981132,158.3405779748492,A,O2 conc.A [nmol/mL],dataset_III,
492.2012578616352,157.7901429253351,A,O2 conc.A [nmol/mL],dataset_III,
492.3270440251572,158.1178472351202,A,O2 conc.A [nmol/mL],dataset_III,
492.4528301886792,157.9897230672904,A,O2 conc.A [nmol/mL],dataset_III,
492.5786163522013,158.0548046145033,A,O2 conc.A [nmol/mL],dataset_III,
492.7044025157232,158.0948396227442,A,O2 conc.A [nmol/mL],dataset_III,
492.8301886792453,157.6994066635828,A,O2 conc.A [nmol/mL],dataset_III,
492.9559748427673,157.7282205267951,A,O2 conc.A [nmol/mL],dataset_III,
493.0817610062893,158.3389116070365,A,O2 conc.A [nmol/mL],dataset_III,
493.2075471698113,158.0547488392699,A,O2 conc.A [nmol/mL],dataset_III,
493.3333333333333,158.0003759359834,A,O2 conc.A [nmol/mL],dataset_III,
493.4591194968554,157.9551137801742,A,O2 conc.A [nmol/mL],dataset_III,
493.5849056603773,158.0476104461453,A,O2 conc.A [nmol/mL],dataset_III,
493.7106918238994,157.6618322579721,A,O2 conc.A [nmol/mL],dataset_III,
493.8364779874214,157.6934005225952,A,O2 conc.A [nmol/mL],dataset_III,
493.9622641509434,158.261624648768,A,O2 conc.A [nmol/mL],dataset_III,
494.0880503144654,157.9656559904636,A,O2 conc.A [nmol/mL],dataset_III,
494.2138364779874,158.1327514074101,A,O2 conc.A [nmol/mL],dataset_III,
494.3396226415094,157.7610986150665,A,O2 conc.A [nmol/mL],dataset_III,
494.4654088050315,158.2490338399338,A,O2 conc.A [nmol/mL],dataset_III,
494.5911949685535,157.9835094516359,A,O2 conc.A [nmol/mL],dataset_III,
494.7169811320755,158.0098381759439,A,O2 conc.A [nmol/mL],dataset_III,
494.8427672955975,158.0190454596694,A,O2 conc.A [nmol/mL],dataset_III,
494.9685534591195,157.674946776279,A,O2 conc.A [nmol/mL],dataset_III,
495.0943396226415,157.4001044100531,A,O2 conc.A [nmol/mL],dataset_III,
495.2201257861635,157.5901691021833,A,O2 conc.A [nmol/mL],dataset_III,
495.3459119496856,158.2588352493417,A,O2 conc.A [nmol/mL],dataset_III,
495.4716981132075,158.1687099349833,A,O2 conc.A [nmol/mL],dataset_III,
495.5974842767296,157.7491426669696,A,O2 conc.A [nmol/mL],dataset_III,
495.7232704402516,157.7527876694561,A,O2 conc.A [nmol/mL],dataset_III,
495.8490566037736,158.0796916584575,A,O2 conc.A [nmol/mL],dataset_III,
495.9748427672956,157.7707708684356,A,O2 conc.A [nmol/mL],dataset_III,
496.1006289308176,157.4803912395235,A,O2 conc.A [nmol/mL],dataset_III,
496.2264150943396,158.1139245864638,A,O2 conc.A [nmol/mL],dataset_III,
496.3522012578616,157.9091658116359,A,O2 conc.A [nmol/mL],dataset_III,
496.4779874213837,157.1531183593093,A,O2 conc.A [nmol/mL],dataset_III,
496.6037735849056,157.6962376578596,A,O2 conc.A [nmol/mL],dataset_III,
496.7295597484277,157.8027844164109,A,O2 conc.A [nmol/mL],dataset_III,
496.8553459119497,157.8795100484706,A,O2 conc.A [nmol/mL],dataset_III,
496.9811320754717,157.7895674186421,A,O2 conc.A [nmol/mL],dataset_III,
497.1069182389937,157.5849252724856,A,O2 conc.A [nmol/mL],dataset_III,
497.2327044025157,157.7072518867685,A,O2 conc.A [nmol/mL],dataset_III,
497.3584905660377,157.8022224866961,A,O2 conc.A [nmol/mL],dataset_III,
497.4842767295597,157.6538519862001,A,O2 conc.A [nmol/mL],dataset_III,
497.6100628930818,157.6202082760503,A,O2 conc.A [nmol/mL],dataset_III,
497.7358490566038,158.0185347502499,A,O2 conc.A [nmol/mL],dataset_III,
497.8616352201258,157.4611920186624,A,O2 conc.A [nmol/mL],dataset_III,
497.9874213836478,157.6028081178221,A,O2 conc.A [nmol/mL],dataset_III,
498.1132075471698,157.1746866551394,A,O2 conc.A [nmol/mL],dataset_III,
498.2389937106918,157.8100762052122,A,O2 conc.A [nmol/mL],dataset_III,
498.3647798742138,157.8742295295178,A,O2 conc.A [nmol/mL],dataset_III,
498.4905660377358,157.7966147189001,A,O2 conc.A [nmol/mL],dataset_III,
498.6163522012579,157.8812406297124,A,O2 conc.A [nmol/mL],dataset_III,
498.7421383647799,157.7543285965484,A,O2 conc.A [nmol/mL],dataset_III,
498.8679245283019,157.7221100701329,A,O2 conc.A [nmol/mL],dataset_III,
498.9937106918239,157.747297214417,A,O2 conc.A [nmol/mL],dataset_III,
499.1194968553459,157.5543124862224,A,O2 conc.A [nmol/mL],dataset_III,
499.2452830188679,157.9105506323058,A,O2 conc.A [nmol/mL],dataset_III,
499.3710691823899,157.5186546500925,A,O2 conc.A [nmol/mL],dataset_III,
499.496855345912,157.2325386152229,A,O2 conc.A [nmol/mL],dataset_III,
499.6226415094339,157.8029013634861,A,O2 conc.A [nmol/mL],dataset_III,
499.748427672956,158.0454599546651,A,O2 conc.A [nmol/mL],dataset_III,
499.874213836478,157.3350752187076,A,O2 conc.A [nmol/mL],dataset_III,
500.0,157.5420339028708,A,O2 conc.A [nmol/mL],dataset_III,
500.125786163522,157.3884098158524,A,O2 conc.A [nmol/mL],dataset_III,
500.251572327044,157.4569530881955,A,O2 conc.A [nmol/mL],dataset_III,
500.3773584905661,157.5559506769923,A,O2 conc.A [nmol/mL],dataset_III,
500.503144654088,157.2263038072716,A,O2 conc.A [nmol/mL],dataset_III,
500.6289308176101,157.4596709439275,A,O2 conc.A [nmol/mL],dataset_III,
500.7547169811321,157.1549209164742,A,O2 conc.A [nmol/mL],dataset_III,
500.8805031446541,157.3716842169849,A,O2 conc.A [nmol/mL],dataset_III,
501.0062893081761,157.2095520389406,A,O2 conc.A [nmol/mL],dataset_III,
501.1320754716981,157.2336325677876,A,O2 conc.A [nmol/mL],dataset_III,
501.2578616352201,157.0607483284836,A,O2 conc.A [nmol/mL],dataset_III,
501.3836477987421,157.7878928689886,A,O2 conc.A [nmol/mL],dataset_III,
501.5094339622642,157.6026471851665,A,O2 conc.A [nmol/mL],dataset_III,
501.6352201257862,156.9883445683837,A,O2 conc.A [nmol/mL],dataset_III,
501.7610062893082,157.3108318186183,A,O2 conc.A [nmol/mL],dataset_III,
501.8867924528302,157.2847571789299,A,O2 conc.A [nmol/mL],dataset_III,
502.0125786163522,157.2719588837021,A,O2 conc.A [nmol/mL],dataset_III,
502.1383647798742,157.0753021005699,A,O2 conc.A [nmol/mL],dataset_III,
502.2641509433962,157.6179474490989,A,O2 conc.A [nmol/mL],dataset_III,
502.3899371069182,157.3227130932349,A,O2 conc.A [nmol/mL],dataset_III,
502.5157232704403,157.5310442689803,A,O2 conc.A [nmol/mL],dataset_III,
502.6415094339623,157.5380239660729,A,O2 conc.A [nmol/mL],dataset_III,
502.7672955974843,157.7425243178761,A,O2 conc.A [nmol/mL],dataset_III,
502.8930817610063,156.9372728684418,A,O2 conc.A [nmol/mL],dataset_III,
503.0188679245283,157.8179693970457,A,O2 conc.A [nmol/mL],dataset_III,
503.1446540880503,157.6928506029296,A,O2 conc.A [nmol/mL],dataset_III,
503.2704402515723,157.5112411822385,A,O2 conc.A [nmol/mL],dataset_III,
503.3962264150944,157.9562006259785,A,O2 conc.A [nmol/mL],dataset_III,
503.5220125786163,157.4038750919473,A,O2 conc.A [nmol/mL],dataset_III,
503.6477987421384,157.5503280339462,A,O2 conc.A [nmol/mL],dataset_III,
503.7735849056604,157.1526826601365,A,O2 conc.A [nmol/mL],dataset_III,
503.8993710691824,157.613203346478,A,O2 conc.A [nmol/mL],dataset_III,
504.0251572327044,157.3638983148572,A,O2 conc.A [nmol/mL],dataset_III,
504.1509433962264,157.201469603376,A,O2 conc.A [nmol/mL],dataset_III,
504.2767295597484,157.8358322458248,A,O2 conc.A [nmol/mL],dataset_III,
504.4025157232704,157.2227253264627,A,O2 conc.A [nmol/mL],dataset_III,
504.5283018867925,157.293468360691,A,O2 conc.A [nmol/mL],dataset_III,
504.6540880503144,157.2342608196028,A,O2 conc.A [nmol/mL],dataset_III,
504.7798742138365,157.0869908537371,A,O2 conc.A [nmol/mL],dataset_III,
504.9056603773585,157.4010544476344,A,O2 conc.A [nmol/mL],dataset_III,
505.0314465408805,157.445166506518,A,O2 conc.A [nmol/mL],dataset_III,
505.1572327044025,157.3414849884768,A,O2 conc.A [nmol/mL],dataset_III,
505.2830188679245,156.6550750352226,A,O2 conc.A [nmol/mL],dataset_III,
505.4088050314465,157.4895465887389,A,O2 conc.A [nmol/mL],dataset_III,
505.5345911949685,157.1423154811204,A,O2 conc.A [nmol/mL],dataset_III,
505.6603773584906,156.9181219397903,A,O2 conc.A [nmol/mL],dataset_III,
505.7861635220126,157.3653507529649,A,O2 conc.A [nmol/mL],dataset_III,
505.9119496855346,157.347570584209,A,O2 conc.A [nmol/mL],dataset_III,
506.0377358490566,156.9384175146121,A,O2 conc.A [nmol/mL],dataset_III,
506.1635220125786,157.8096225663131,A,O2 conc.A [nmol/mL],dataset_III,
506.2893081761006,156.88143471122,A,O2 conc.A [nmol/mL],dataset_III,
506.4150943396227,156.7429183701233,A,O2 conc.A [nmol/mL],dataset_III,
506.5408805031446,156.8799538831359,A,O2 conc.A [nmol/mL],dataset_III,
506.6666666666667,157.5160243898772,A,O2 conc.A [nmol/mL],dataset_III,
506.7924528301887,157.1091879332233,A,O2 conc.A [nmol/mL],dataset_III,
506.9182389937107,157.052465625695,A,O2 conc.A [nmol/mL],dataset_III,
507.0440251572327,157.1222680474725,A,O2 conc.A [nmol/mL],dataset_III,
507.1698113207547,156.9809816778795,A,O2 conc.A [nmol/mL],dataset_III,
507.2955974842768,156.9498969757709,A,O2 conc.A [nmol/mL],dataset_III,
507.4213836477987,156.9544866271608,A,O2 conc.A [nmol/mL],dataset_III,
507.5471698113208,157.2841070503648,A,O2 conc.A [nmol/mL],dataset_III,
507.6729559748428,157.3545598072757,A,O2 conc.A [nmol/mL],dataset_III,
507.7987421383648,156.8280003592808,A,O2 conc.A [nmol/mL],dataset_III,
507.9245283018868,157.1439081542601,A,O2 conc.A [nmol/mL],dataset_III,
508.0503144654088,157.2734806322639,A,O2 conc.A [nmol/mL],dataset_III,
508.1761006289308,156.7983184935833,A,O2 conc.A [nmol/mL],dataset_III,
508.3018867924528,156.9354424902185,A,O2 conc.A [nmol/mL],dataset_III,
508.4276729559749,156.7938957532354,A,O2 conc.A [nmol/mL],dataset_III,
508.5534591194968,156.7229823120381,A,O2 conc.A [nmol/mL],dataset_III,
508.6792452830189,157.0635328174094,A,O2 conc.A [nmol/mL],dataset_III,
508.8050314465409,156.8463616582791,A,O2 conc.A [nmol/mL],dataset_III,
508.9308176100629,157.1805046728075,A,O2 conc.A [nmol/mL],dataset_III,
509.0566037735849,157.0076945678057,A,O2 conc.A [nmol/mL],dataset_III,
509.1823899371069,157.1105345337354,A,O2 conc.A [nmol/mL],dataset_III,
509.3081761006289,156.9266346117876,A,O2 conc.A [nmol/mL],dataset_III,
509.4339622641509,156.8332836378239,A,O2 conc.A [nmol/mL],dataset_III,
509.559748427673,156.9616923417187,A,O2 conc.A [nmol/mL],dataset_III,
509.685534591195,156.975439234321,A,O2 conc.A [nmol/mL],dataset_III,
509.811320754717,156.7925520351145,A,O2 conc.A [nmol/mL],dataset_III,
509.937106918239,157.067992413486,A,O2 conc.A [nmol/mL],dataset_III,
510.062893081761,157.1403199037965,A,O2 conc.A [nmol/mL],dataset_III,
510.188679245283,156.985519505369,A,O2 conc.A [nmol/mL],dataset_III,
510.314465408805,157.3666991895394,A,O2 conc.A [nmol/mL],dataset_III,
510.440251572327,156.77256935252,A,O2 conc.A [nmol/mL],dataset_III,
510.5660377358491,157.0531308461328,A,O2 conc.A [nmol/mL],dataset_III,
510.6918238993711,156.8131256772144,A,O2 conc.A [nmol/mL],dataset_III,
510.8176100628931,156.9662943881202,A,O2 conc.A [nmol/mL],dataset_III,
510.9433962264151,156.6924773112206,A,O2 conc.A [nmol/mL],dataset_III,
511.0691823899371,157.1710731233946,A,O2 conc.A [nmol/mL],dataset_III,
511.1949685534591,156.928625137408,A,O2 conc.A [nmol/mL],dataset_III,
511.3207547169811,157.175008666704,A,O2 conc.A [nmol/mL],dataset_III,
511.4465408805032,156.5527512795768,A,O2 conc.A [nmol/mL],dataset_III,
511.5723270440251,156.7382240032157,A,O2 conc.A [nmol/mL],dataset_III,
511.6981132075472,156.6307889866807,A,O2 conc.A [nmol/mL],dataset_III,
511.8238993710692,156.7132726011679,A,O2 conc.A [nmol/mL],dataset_III,
511.9496855345912,156.6654332734436,A,O2 conc.A [nmol/mL],dataset_III,
512.0754716981132,156.8007780939248,A,O2 conc.A [nmol/mL],dataset_III,
512.2012578616352,156.8189291708244,A,O2 conc.A [nmol/mL],dataset_III,
512.3270440251572,156.8053223693376,A,O2 conc.A [nmol/mL],dataset_III,
512.4528301886793,156.6690152453741,A,O2 conc.A [nmol/mL],dataset_III,
512.5786163522013,156.8470801359358,A,O2 conc.A [nmol/mL],dataset_III,
512.7044025157232,157.0114553425121,A,O2 conc.A [nmol/mL],dataset_III,
512.8301886792453,156.5593102037317,A,O2 conc.A [nmol/mL],dataset_III,
512.9559748427673,156.7774288774897,A,O2 conc.A [nmol/mL],dataset_III,
513.0817610062893,156.7510166248696,A,O2 conc.A [nmol/mL],dataset_III,
513.2075471698113,156.8789506320703,A,O2 conc.A [nmol/mL],dataset_III,
513.3333333333334,156.7382249534001,A,O2 conc.A [nmol/mL],dataset_III,
513.4591194968554,156.7426010245121,A,O2 conc.A [nmol/mL],dataset_III,
513.5849056603773,156.4910709054182,A,O2 conc.A [nmol/mL],dataset_III,
513.7106918238994,156.736598436059,A,O2 conc.A [nmol/mL],dataset_III,
513.8364779874214,156.4930289790491,A,O2 conc.A [nmol/mL],dataset_III,
513.9622641509434,156.8447537882613,A,O2 conc.A [nmol/mL],dataset_III,
514.0880503144654,156.6823506172657,A,O2 conc.A [nmol/mL],dataset_III,
514.2138364779875,156.710447579632,A,O2 conc.A [nmol/mL],dataset_III,
514.3396226415094,156.4700130076228,A,O2 conc.A [nmol/mL],dataset_III,
514.4654088050314,156.8860776183248,A,O2 conc.A [nmol/mL],dataset_III,
514.5911949685535,156.8505443242933,A,O2 conc.A [nmol/mL],dataset_III,
514.7169811320755,156.8851744528191,A,O2 conc.A [nmol/mL],dataset_III,
514.8427672955975,157.2189676144342,A,O2 conc.A [nmol/mL],dataset_III,
514.9685534591194,156.641318872197,A,O2 conc.A [nmol/mL],dataset_III,
515.0943396226415,156.947627050177,A,O2 conc.A [nmol/mL],dataset_III,
515.2201257861635,156.6081470129721,A,O2 conc.A [nmol/mL],dataset_III,
515.3459119496855,156.7299534117971,A,O2 conc.A [nmol/mL],dataset_III,
515.4716981132076,156.715093567912,A,O2 conc.A [nmol/mL],dataset_III,
515.5974842767296,156.6822347749394,A,O2 conc.A [nmol/mL],dataset_III,
515.7232704402516,156.7729785017461,A,O2 conc.A [nmol/mL],dataset_III,
515.8490566037735,156.5247579849783,A,O2 conc.A [nmol/mL],dataset_III,
515.9748427672956,156.6033027733412,A,O2 conc.A [nmol/mL],dataset_III,
516.1006289308176,156.7192247376043,A,O2 conc.A [nmol/mL],dataset_III,
516.2264150943396,157.0146884235456,A,O2 conc.A [nmol/mL],dataset_III,
516.3522012578617,156.3594634040052,A,O2 conc.A [nmol/mL],dataset_III,
516.4779874213837,156.1108470388271,A,O2 conc.A [nmol/mL],dataset_III,
516.6037735849056,156.4336864437715,A,O2 conc.A [nmol/mL],dataset_III,
516.7295597484276,156.5695175473966,A,O2 conc.A [nmol/mL],dataset_III,
516.8553459119497,156.5831073350051,A,O2 conc.A [nmol/mL],dataset_III,
516.9811320754717,156.5547451306659,A,O2 conc.A [nmol/mL],dataset_III,
517.1069182389937,156.8197158373688,A,O2 conc.A [nmol/mL],dataset_III,
517.2327044025158,156.7603583773423,A,O2 conc.A [nmol/mL],dataset_III,
517.3584905660377,156.4963565753254,A,O2 conc.A [nmol/mL],dataset_III,
517.4842767295597,156.3836143932644,A,O2 conc.A [nmol/mL],dataset_III,
517.6100628930817,156.4068265759707,A,O2 conc.A [nmol/mL],dataset_III,
517.7358490566038,156.3965803804117,A,O2 conc.A [nmol/mL],dataset_III,
517.8616352201258,156.4215841725211,A,O2 conc.A [nmol/mL],dataset_III,
517.9874213836478,156.0771490228953,A,O2 conc.A [nmol/mL],dataset_III,
518.1132075471698,156.347379099658,A,O2 conc.A [nmol/mL],dataset_III,
518.2389937106918,156.3487469025194,A,O2 conc.A [nmol/mL],dataset_III,
518.3647798742138,156.4000744336832,A,O2 conc.A [nmol/mL],dataset_III,
518.4905660377358,156.376047149259,A,O2 conc.A [nmol/mL],dataset_III,
518.6163522012579,156.5999515600219,A,O2 conc.A [nmol/mL],dataset_III,
518.7421383647799,156.2912915578723,A,O2 conc.A [nmol/mL],dataset_III,
518.8679245283018,156.3069605937529,A,O2 conc.A [nmol/mL],dataset_III,
518.9937106918239,156.5444173300272,A,O2 conc.A [nmol/mL],dataset_III,
519.1194968553459,156.3424315519281,A,O2 conc.A [nmol/mL],dataset_III,
519.2452830188679,156.4477015675867,A,O2 conc.A [nmol/mL],dataset_III,
519.37106918239,156.5532494327347,A,O2 conc.A [nmol/mL],dataset_III,
519.496855345912,156.4837355041226,A,O2 conc.A [nmol/mL],dataset_III,
519.622641509434,156.433111364721,A,O2 conc.A [nmol/mL],dataset_III,
519.7484276729559,156.3137879856198,A,O2 conc.A [nmol/mL],dataset_III,
519.874213836478,156.5256995230671,A,O2 conc.A [nmol/mL],dataset_III,
520.0,156.3914411046765,A,O2 conc.A [nmol/mL],dataset_III,
520.125786163522,156.2136680536549,A,O2 conc.A [nmol/mL],dataset_III,
520.2515723270441,156.2945065667257,A,O2 conc.A [nmol/mL],dataset_III,
520.377358490566,156.0200041411966,A,O2 conc.A [nmol/mL],dataset_III,
520.503144654088,156.0764751140399,A,O2 conc.A [nmol/mL],dataset_III,
520.62893081761,155.8384647204307,A,O2 conc.A [nmol/mL],dataset_III,
520.7547169811321,156.131536506273,A,O2 conc.A [nmol/mL],dataset_III,
520.8805031446541,156.6277333291339,A,O2 conc.A [nmol/mL],dataset_III,
521.0062893081761,156.1470523857828,A,O2 conc.A [nmol/mL],dataset_III,
521.1320754716982,156.4753874221165,A,O2 conc.A [nmol/mL],dataset_III,
521.2578616352201,156.2699673763512,A,O2 conc.A [nmol/mL],dataset_III,
521.3836477987421,156.0880202562077,A,O2 conc.A [nmol/mL],dataset_III,
521.5094339622642,156.5900549628453,A,O2 conc.A [nmol/mL],dataset_III,
521.6352201257862,156.3933641682998,A,O2 conc.A [nmol/mL],dataset_III,
521.7610062893082,155.8021901869416,A,O2 conc.A [nmol/mL],dataset_III,
521.8867924528302,156.4928184999266,A,O2 conc.A [nmol/mL],dataset_III,
522.0125786163522,155.9560976987071,A,O2 conc.A [nmol/mL],dataset_III,
522.1383647798742,156.1726447080164,A,O2 conc.A [nmol/mL],dataset_III,
522.2641509433962,156.3764791722496,A,O2 conc.A [nmol/mL],dataset_III,
522.3899371069183,156.1268151488642,A,O2 conc.A [nmol/mL],dataset_III,
522.5157232704403,156.4738420751241,A,O2 conc.A [nmol/mL],dataset_III,
522.6415094339623,156.3767496235754,A,O2 conc.A [nmol/mL],dataset_III,
522.7672955974842,155.7845424030758,A,O2 conc.A [nmol/mL],dataset_III,
522.8930817610063,156.052980388864,A,O2 conc.A [nmol/mL],dataset_III,
523.0188679245283,156.2339349835786,A,O2 conc.A [nmol/mL],dataset_III,
523.1446540880503,156.0119945022851,A,O2 conc.A [nmol/mL],dataset_III,
523.2704402515724,156.0940026683739,A,O2 conc.A [nmol/mL],dataset_III,
523.3962264150944,156.3403456448892,A,O2 conc.A [nmol/mL],dataset_III,
523.5220125786163,156.2119223658387,A,O2 conc.A [nmol/mL],dataset_III,
523.6477987421383,155.8948999025085,A,O2 conc.A [nmol/mL],dataset_III,
523.7735849056604,156.1610338757689,A,O2 conc.A [nmol/mL],dataset_III,
523.8993710691824,155.9566424967907,A,O2 conc.A [nmol/mL],dataset_III,
524.0251572327044,155.7982394379033,A,O2 conc.A [nmol/mL],dataset_III,
524.1509433962265,155.8118511873574,A,O2 conc.A [nmol/mL],dataset_III,
524.2767295597484,156.1584316562862,A,O2 conc.A [nmol/mL],dataset_III,
524.4025157232704,156.0719919676715,A,O2 conc.A [nmol/mL],dataset_III,
524.5283018867924,156.0727059684747,A,O2 conc.A [nmol/mL],dataset_III,
524.6540880503145,155.7771233765389,A,O2 conc.A [nmol/mL],dataset_III,
524.7798742138365,156.0100208731891,A,O2 conc.A [nmol/mL],dataset_III,
524.9056603773585,155.7890389809353,A,O2 conc.A [nmol/mL],dataset_III,
525.0314465408806,155.8090600466754,A,O2 conc.A [nmol/mL],dataset_III,
525.1572327044025,155.9917044380723,A,O2 conc.A [nmol/mL],dataset_III,
525.2830188679245,155.6794661366512,A,O2 conc.A [nmol/mL],dataset_III,
525.4088050314465,156.1849581882937,A,O2 conc.A [nmol/mL],dataset_III,
525.5345911949686,156.6316897067503,A,O2 conc.A [nmol/mL],dataset_III,
525.6603773584906,156.1170024284447,A,O2 conc.A [nmol/mL],dataset_III,
525.7861635220125,155.7338984536735,A,O2 conc.A [nmol/mL],dataset_III,
525.9119496855346,155.9191554821455,A,O2 conc.A [nmol/mL],dataset_III,
526.0377358490566,155.59041999706,A,O2 conc.A [nmol/mL],dataset_III,
526.1635220125786,155.8772030099161,A,O2 conc.A [nmol/mL],dataset_III,
526.2893081761006,156.090763211427,A,O2 conc.A [nmol/mL],dataset_III,
526.4150943396227,156.1036085413889,A,O2 conc.A [nmol/mL],dataset_III,
526.5408805031446,155.6906542836983,A,O2 conc.A [nmol/mL],dataset_III,
526.6666666666666,156.0157040078658,A,O2 conc.A [nmol/mL],dataset_III,
526.7924528301887,156.2223472229827,A,O2 conc.A [nmol/mL],dataset_III,
526.9182389937107,156.3643457352453,A,O2 conc.A [nmol/mL],dataset_III,
527.0440251572327,155.742701740537,A,O2 conc.A [nmol/mL],dataset_III,
527.1698113207547,155.6941780804349,A,O2 conc.A [nmol/mL],dataset_III,
527.2955974842768,155.9161596729798,A,O2 conc.A [nmol/mL],dataset_III,
527.4213836477987,155.1628607848045,A,O2 conc.A [nmol/mL],dataset_III,
527.5471698113207,155.7544524499076,A,O2 conc.A [nmol/mL],dataset_III,
527.6729559748428,155.8117948301179,A,O2 conc.A [nmol/mL],dataset_III,
527.7987421383648,155.7570306978138,A,O2 conc.A [nmol/mL],dataset_III,
527.9245283018868,155.4682255099118,A,O2 conc.A [nmol/mL],dataset_III,
528.0503144654087,155.795133662276,A,O2 conc.A [nmol/mL],dataset_III,
528.1761006289308,155.6546969064522,A,O2 conc.A [nmol/mL],dataset_III,
528.3018867924528,156.03054744834,A,O2 conc.A [nmol/mL],dataset_III,
528.4276729559748,155.6038856016309,A,O2 conc.A [nmol/mL],dataset_III,
528.5534591194969,155.755245645809,A,O2 conc.A [nmol/mL],dataset_III,
528.6792452830189,155.7599225692341,A,O2 conc.A [nmol/mL],dataset_III,
528.8050314465409,155.9523800281108,A,O2 conc.A [nmol/mL],dataset_III,
528.930817610063,155.1663386449558,A,O2 conc.A [nmol/mL],dataset_III,
529.0566037735849,155.7099861833675,A,O2 conc.A [nmol/mL],dataset_III,
529.1823899371069,155.9773738269056,A,O2 conc.A [nmol/mL],dataset_III,
529.3081761006289,155.6893756025528,A,O2 conc.A [nmol/mL],dataset_III,
529.433962264151,155.3903910425362,A,O2 conc.A [nmol/mL],dataset_III,
529.559748427673,155.8461024495544,A,O2 conc.A [nmol/mL],dataset_III,
529.6855345911949,155.8409522552459,A,O2 conc.A [nmol/mL],dataset_III,
529.811320754717,155.6814858029738,A,O2 conc.A [nmol/mL],dataset_III,
529.937106918239,155.4514868464197,A,O2 conc.A [nmol/mL],dataset_III,
530.062893081761,155.5485946091417,A,O2 conc.A [nmol/mL],dataset_III,
530.188679245283,155.6476518905745,A,O2 conc.A [nmol/mL],dataset_III,
530.3144654088051,155.4995354261546,A,O2 conc.A [nmol/mL],dataset_III,
530.440251572327,155.2307016752915,A,O2 conc.A [nmol/mL],dataset_III,
530.566037735849,155.5107521849325,A,O2 conc.A [nmol/mL],dataset_III,
530.6918238993711,155.6799655233329,A,O2 conc.A [nmol/mL],dataset_III,
530.8176100628931,155.5609641124135,A,O2 conc.A [nmol/mL],dataset_III,
530.9433962264151,155.6611635417374,A,O2 conc.A [nmol/mL],dataset_III,
531.069182389937,155.6932988685483,A,O2 conc.A [nmol/mL],dataset_III,
531.1949685534591,155.8888558711842,A,O2 conc.A [nmol/mL],dataset_III,
531.3207547169811,156.2079956492416,A,O2 conc.A [nmol/mL],dataset_III,
531.4465408805031,155.8323119506958,A,O2 conc.A [nmol/mL],dataset_III,
531.5723270440252,155.2906127263126,A,O2 conc.A [nmol/mL],dataset_III,
531.6981132075472,154.9697862484098,A,O2 conc.A [nmol/mL],dataset_III,
531.8238993710692,155.6027345653536,A,O2 conc.A [nmol/mL],dataset_III,
531.9496855345913,155.636524838621,A,O2 conc.A [nmol/mL],dataset_III,
532.0754716981132,155.3205370256334,A,O2 conc.A [nmol/mL],dataset_III,
532.2012578616352,155.6713410086781,A,O2 conc.A [nmol/mL],dataset_III,
532.3270440251572,155.4039256996959,A,O2 conc.A [nmol/mL],dataset_III,
532.4528301886793,155.6886556521441,A,O2 conc.A [nmol/mL],dataset_III,
532.5786163522013,155.4989362979913,A,O2 conc.A [nmol/mL],dataset_III,
532.7044025157232,155.672009111201,A,O2 conc.A [nmol/mL],dataset_III,
532.8301886792453,155.129172287279,A,O2 conc.A [nmol/mL],dataset_III,
532.9559748427673,155.4476819893161,A,O2 conc.A [nmol/mL],dataset_III,
533.0817610062893,155.5124773287584,A,O2 conc.A [nmol/mL],dataset_III,
533.2075471698113,155.1857352713871,A,O2 conc.A [nmol/mL],dataset_III,
533.3333333333334,156.0048661395043,A,O2 conc.A [nmol/mL],dataset_III,
533.4591194968554,155.3914158442093,A,O2 conc.A [nmol/mL],dataset_III,
533.5849056603773,155.8664297517708,A,O2 conc.A [nmol/mL],dataset_III,
533.7106918238994,155.3451789190243,A,O2 conc.A [nmol/mL],dataset_III,
533.8364779874214,155.4460992752196,A,O2 conc.A [nmol/mL],dataset_III,
533.9622641509434,155.7918951643029,A,O2 conc.A [nmol/mL],dataset_III,
534.0880503144654,155.5642040199179,A,O2 conc.A [nmol/mL],dataset_III,
534.2138364779875,155.528588518519,A,O2 conc.A [nmol/mL],dataset_III,
534.3396226415094,155.5393884152761,A,O2 conc.A [nmol/mL],dataset_III,
534.4654088050314,155.1236907064574,A,O2 conc.A [nmol/mL],dataset_III,
534.5911949685535,155.3601694293937,A,O2 conc.A [nmol/mL],dataset_III,
534.7169811320755,155.2107740066184,A,O2 conc.A [nmol/mL],dataset_III,
534.8427672955975,155.4915664554529,A,O2 conc.A [nmol/mL],dataset_III,
534.9685534591194,155.298541132059,A,O2 conc.A [nmol/mL],dataset_III,
535.0943396226415,155.4158535065705,A,O2 conc.A [nmol/mL],dataset_III,
535.2201257861635,155.3998727684158,A,O2 conc.A [nmol/mL],dataset_III,
535.3459119496855,155.4024309352903,A,O2 conc.A [nmol/mL],dataset_III,
535.4716981132076,155.3951643733242,A,O2 conc.A [nmol/mL],dataset_III,
535.5974842767296,155.2330842494918,A,O2 conc.A [nmol/mL],dataset_III,
535.7232704402516,155.1250056994869,A,O2 conc.A [nmol/mL],dataset_III,
535.8490566037735,155.214744943329,A,O2 conc.A [nmol/mL],dataset_III,
535.9748427672956,155.6410462281196,A,O2 conc.A [nmol/mL],dataset_III,
536.1006289308176,155.4590297168662,A,O2 conc.A [nmol/mL],dataset_III,
536.2264150943396,155.5045557276892,A,O2 conc.A [nmol/mL],dataset_III,
536.3522012578617,155.6951364889086,A,O2 conc.A [nmol/mL],dataset_III,
536.4779874213837,155.0476143988305,A,O2 conc.A [nmol/mL],dataset_III,
536.6037735849056,155.4622878597855,A,O2 conc.A [nmol/mL],dataset_III,
536.7295597484276,155.0583588504057,A,O2 conc.A [nmol/mL],dataset_III,
536.8553459119497,155.2358718492809,A,O2 conc.A [nmol/mL],dataset_III,
536.9811320754717,155.4328425819816,A,O2 conc.A [nmol/mL],dataset_III,
537.1069182389937,155.7076965603645,A,O2 conc.A [nmol/mL],dataset_III,
537.2327044025158,155.1008966302615,A,O2 conc.A [nmol/mL],dataset_III,
537.3584905660377,155.2650664247818,A,O2 conc.A [nmol/mL],dataset_III,
537.4842767295597,155.570152311469,A,O2 conc.A [nmol/mL],dataset_III,
537.6100628930817,154.9009687029389,A,O2 conc.A [nmol/mL],dataset_III,
537.7358490566038,155.3562765837568,A,O2 conc.A [nmol/mL],dataset_III,
537.8616352201258,155.1810064397806,A,O2 conc.A [nmol/mL],dataset_III,
537.9874213836478,155.0299798568125,A,O2 conc.A [nmol/mL],dataset_III,
538.1132075471698,155.2793889277484,A,O2 conc.A [nmol/mL],dataset_III,
538.2389937106918,155.3837903097417,A,O2 conc.A [nmol/mL],dataset_III,
538.3647798742138,154.9993615259984,A,O2 conc.A [nmol/mL],dataset_III,
538.4905660377358,155.3147115343415,A,O2 conc.A [nmol/mL],dataset_III,
538.6163522012579,155.255384208588,A,O2 conc.A [nmol/mL],dataset_III,
538.7421383647799,154.8939160069881,A,O2 conc.A [nmol/mL],dataset_III,
538.8679245283018,155.5850501725296,A,O2 conc.A [nmol/mL],dataset_III,
538.9937106918239,155.4615002455554,A,O2 conc.A [nmol/mL],dataset_III,
539.1194968553459,154.9663705134339,A,O2 conc.A [nmol/mL],dataset_III,
539.2452830188679,155.0270221020292,A,O2 conc.A [nmol/mL],dataset_III,
539.37106918239,155.3587025034546,A,O2 conc.A [nmol/mL],dataset_III,
539.496855345912,155.0344728054799,A,O2 conc.A [nmol/mL],dataset_III,
539.622641509434,154.6907330383284,A,O2 conc.A [nmol/mL],dataset_III,
539.7484276729559,155.4052108400426,A,O2 conc.A [nmol/mL],dataset_III,
539.874213836478,155.1375132899938,A,O2 conc.A [nmol/mL],dataset_III,
540.0,155.6044020998424,A,O2 conc.A [nmol/mL],dataset_III,FCCP_2
540.125786163522,155.2093399362848,A,O2 conc.A [nmol/mL],dataset_III,
540.2515723270441,155.1600488651858,A,O2 conc.A [nmol/mL],dataset_III,
540.377358490566,155.8232534294736,A,O2 conc.A [nmol/mL],dataset_III,
540.503144654088,155.053989027409,A,O2 conc.A [nmol/mL],dataset_III,
540.62893081761,154.8513294765657,A,O2 conc.A [nmol/mL],dataset_III,
540.7547169811321,155.1389104400346,A,O2 conc.A [nmol/mL],dataset_III,
540.8805031446541,155.3578771982549,A,O2 conc.A [nmol/mL],dataset_III,
541.0062893081761,154.7749859645038,A,O2 conc.A [nmol/mL],dataset_III,
541.1320754716982,154.8315272453937,A,O2 conc.A [nmol/mL],dataset_III,
541.2578616352201,155.1633653099783,A,O2 conc.A [nmol/mL],dataset_III,
541.3836477987421,154.2439121906221,A,O2 conc.A [nmol/mL],dataset_III,
541.5094339622641,154.7624063677007,A,O2 conc.A [nmol/mL],dataset_III,
541.6352201257862,155.2267745369546,A,O2 conc.A [nmol/mL],dataset_III,
541.7610062893082,154.8735460119482,A,O2 conc.A [nmol/mL],dataset_III,
541.8867924528302,154.6059376756459,A,O2 conc.A [nmol/mL],dataset_III,
542.0125786163522,155.4862775884296,A,O2 conc.A [nmol/mL],dataset_III,
542.1383647798742,154.6445795921396,A,O2 conc.A [nmol/mL],dataset_III,
542.2641509433962,154.8586994449855,A,O2 conc.A [nmol/mL],dataset_III,
542.3899371069182,154.8886853998023,A,O2 conc.A [nmol/mL],dataset_III,
542.5157232704403,154.9949818086507,A,O2 conc.A [nmol/mL],dataset_III,
542.6415094339623,154.8741468378436,A,O2 conc.A [nmol/mL],dataset_III,
542.7672955974842,154.9386092913101,A,O2 conc.A [nmol/mL],dataset_III,
542.8930817610063,154.9655516278023,A,O2 conc.A [nmol/mL],dataset_III,
543.0188679245283,154.9218362925706,A,O2 conc.A [nmol/mL],dataset_III,
543.1446540880503,154.9591512713118,A,O2 conc.A [nmol/mL],dataset_III,
543.2704402515724,154.3334287952081,A,O2 conc.A [nmol/mL],dataset_III,
543.3962264150944,155.0307537922752,A,O2 conc.A [nmol/mL],dataset_III,
543.5220125786163,154.5617008386566,A,O2 conc.A [nmol/mL],dataset_III,
543.6477987421383,154.3634810257135,A,O2 conc.A [nmol/mL],dataset_III,
543.7735849056604,155.2428067676545,A,O2 conc.A [nmol/mL],dataset_III,
543.8993710691824,154.5684183541947,A,O2 conc.A [nmol/mL],dataset_III,
544.0251572327044,154.9270918292083,A,O2 conc.A [nmol/mL],dataset_III,
544.1509433962265,154.6813115557516,A,O2 conc.A [nmol/mL],dataset_III,
544.2767295597484,154.6971627447315,A,O2 conc.A [nmol/mL],dataset_III,
544.4025157232704,154.9800203587196,A,O2 conc.A [nmol/mL],dataset_III,
544.5283018867924,154.5893777916552,A,O2 conc.A [nmol/mL],dataset_III,
544.6540880503145,154.9369299625003,A,O2 conc.A [nmol/mL],dataset_III,
544.7798742138365,154.9312618725257,A,O2 conc.A [nmol/mL],dataset_III,
544.9056603773585,155.1195280897026,A,O2 conc.A [nmol/mL],dataset_III,
545.0314465408806,154.7366901620937,A,O2 conc.A [nmol/mL],dataset_III,
545.1572327044025,155.0747163851145,A,O2 conc.A [nmol/mL],dataset_III,
545.2830188679245,155.235571851881,A,O2 conc.A [nmol/mL],dataset_III,
545.4088050314465,155.1943960976496,A,O2 conc.A [nmol/mL],dataset_III,
545.5345911949686,154.9365721190786,A,O2 conc.A [nmol/mL],dataset_III,
545.6603773584906,154.8946717497471,A,O2 conc.A [nmol/mL],dataset_III,
545.7861635220125,155.487071322219,A,O2 conc.A [nmol/mL],dataset_III,
545.9119496855346,155.3250789113921,A,O2 conc.A [nmol/mL],dataset_III,
546.0377358490566,154.5677079388996,A,O2 conc.A [nmol/mL],dataset_III,
546.1635220125786,154.9825918560013,A,O2 conc.A [nmol/mL],dataset_III,
546.2893081761006,154.8945067409153,A,O2 conc.A [nmol/mL],dataset_III,
546.4150943396227,154.7544111333965,A,O2 conc.A [nmol/mL],dataset_III,
546.5408805031446,154.7669996770218,A,O2 conc.A [nmol/mL],dataset_III,
546.6666666666666,154.8429452146151,A,O2 conc.A [nmol/mL],dataset_III,
546.7924528301887,154.9476658895709,A,O2 conc.A [nmol/mL],dataset_III,
546.9182389937107,154.7603460693131,A,O2 conc.A [nmol/mL],dataset_III,
547.0440251572327,154.7829293663168,A,O2 conc.A [nmol/mL],dataset_III,
547.1698113207547,155.0383433502959,A,O2 conc.A [nmol/mL],dataset_III,
547.2955974842768,154.7620656671992,A,O2 conc.A [nmol/mL],dataset_III,
547.4213836477987,154.8112185620436,A,O2 conc.A [nmol/mL],dataset_III,
547.5471698113207,154.9148478019159,A,O2 conc.A [nmol/mL],dataset_III,
547.6729559748428,155.0679332190161,A,O2 conc.A [nmol/mL],dataset_III,
547.7987421383648,154.9587051857988,A,O2 conc.A [nmol/mL],dataset_III,
547.9245283018868,154.7385760300727,A,O2 conc.A [nmol/mL],dataset_III,
548.0503144654089,154.688553484459,A,O2 conc.A [nmol/mL],dataset_III,
548.1761006289308,154.3230260553336,A,O2 conc.A [nmol/mL],dataset_III,
548.3018867924528,154.694269914462,A,O2 conc.A [nmol/mL],dataset_III,
548.4276729559748,154.3542891669729,A,O2 conc.A [nmol/mL],dataset_III,
548.5534591194969,154.3498990750633,A,O2 conc.A [nmol/mL],dataset_III,
548.6792452830189,154.7608634958277,A,O2 conc.A [nmol/mL],dataset_III,
548.8050314465409,154.5654192966955,A,O2 conc.A [nmol/mL],dataset_III,
548.930817610063,154.7009432954125,A,O2 conc.A [nmol/mL],dataset_III,
549.0566037735849,154.4184774711387,A,O2 conc.A [nmol/mL],dataset_III,
549.1823899371069,154.8678465817684,A,O2 conc.A [nmol/mL],dataset_III,
549.3081761006289,154.5958159547433,A,O2 conc.A [nmol/mL],dataset_III,
549.433962264151,154.8491323218071,A,O2 conc.A [nmol/mL],dataset_III,
549.559748427673,154.7128876934788,A,O2 conc.A [nmol/mL],dataset_III,
549.6855345911949,154.5781671621086,A,O2 conc.A [nmol/mL],dataset_III,
549.811320754717,154.4095503819235,A,O2 conc.A [nmol/mL],dataset_III,
549.937106918239,154.529386462148,A,O2 conc.A [nmol/mL],dataset_III,
550.062893081761,154.720839522242,A,O2 conc.A [nmol/mL],dataset_III,
550.188679245283,154.6805786628126,A,O2 conc.A [nmol/mL],dataset_III,
550.3144654088051,154.1995953944835,A,O2 conc.A [nmol/mL],dataset_III,
550.440251572327,154.7472393990784,A,O2 conc.A [nmol/mL],dataset_III,
550.566037735849,154.4296692287685,A,O2 conc.A [nmol/mL],dataset_III,
550.6918238993711,154.6792894726123,A,O2 conc.A [nmol/mL],dataset_III,
550.8176100628931,154.293428805227,A,O2 conc.A [nmol/mL],dataset_III,
550.9433962264151,154.6195920207222,A,O2 conc.A [nmol/mL],dataset_III,
551.069182389937,154.2533075563558,A,O2 conc.A [nmol/mL],dataset_III,
551.1949685534591,154.477122063273,A,O2 conc.A [nmol/mL],dataset_III,
551.3207547169811,154.3626027320314,A,O2 conc.A [nmol/mL],dataset_III,
551.4465408805031,154.3580443704226,A,O2 conc.A [nmol/mL],dataset_III,
551.5723270440252,154.2801180297546,A,O2 conc.A [nmol/mL],dataset_III,
551.6981132075472,154.375697395209,A,O2 conc.A [nmol/mL],dataset_III,
551.8238993710692,153.9712608254693,A,O2 conc.A [nmol/mL],dataset_III,
551.9496855345911,154.617896750237,A,O2 conc.A [nmol/mL],dataset_III,
552.0754716981132,154.6314958026859,A,O2 conc.A [nmol/mL],dataset_III,
552.2012578616352,154.2727080165423,A,O2 conc.A [nmol/mL],dataset_III,
552.3270440251572,154.0307901546342,A,O2 conc.A [nmol/mL],dataset_III,
552.4528301886793,154.2063788199703,A,O2 conc.A [nmol/mL],dataset_III,
552.5786163522013,154.597287046121,A,O2 conc.A [nmol/mL],dataset_III,
552.7044025157232,154.5090909832702,A,O2 conc.A [nmol/mL],dataset_III,
552.8301886792453,154.2699497258803,A,O2 conc.A [nmol/mL],dataset_III,
552.9559748427673,154.5616841372874,A,O2 conc.A [nmol/mL],dataset_III,
553.0817610062893,154.0693225792684,A,O2 conc.A [nmol/mL],dataset_III,
553.2075471698113,154.1688610116351,A,O2 conc.A [nmol/mL],dataset_III,
553.3333333333334,154.432999232092,A,O2 conc.A [nmol/mL],dataset_III,
553.4591194968554,154.2826964139654,A,O2 conc.A [nmol/mL],dataset_III,
553.5849056603773,154.15169564753,A,O2 conc.A [nmol/mL],dataset_III,
553.7106918238994,153.6632974655754,A,O2 conc.A [nmol/mL],dataset_III,
553.8364779874214,154.4514608076977,A,O2 conc.A [nmol/mL],dataset_III,
553.9622641509434,154.3569145031924,A,O2 conc.A [nmol/mL],dataset_III,
554.0880503144654,153.8325807934607,A,O2 conc.A [nmol/mL],dataset_III,
554.2138364779875,154.4107201228381,A,O2 conc.A [nmol/mL],dataset_III,
554.3396226415094,154.2493750872909,A,O2 conc.A [nmol/mL],dataset_III,
554.4654088050314,154.3150020469506,A,O2 conc.A [nmol/mL],dataset_III,
554.5911949685535,154.4739189798346,A,O2 conc.A [nmol/mL],dataset_III,
554.7169811320755,154.0449763024938,A,O2 conc.A [nmol/mL],dataset_III,
554.8427672955975,154.4006663827885,A,O2 conc.A [nmol/mL],dataset_III,
554.9685534591194,154.3855661926792,A,O2 conc.A [nmol/mL],dataset_III,
555.0943396226415,154.39730891491,A,O2 conc.A [nmol/mL],dataset_III,
555.2201257861635,154.6082462500402,A,O2 conc.A [nmol/mL],dataset_III,
555.3459119496855,154.3562683414779,A,O2 conc.A [nmol/mL],dataset_III,
555.4716981132076,154.0435225283744,A,O2 conc.A [nmol/mL],dataset_III,
555.5974842767296,154.6258353859712,A,O2 conc.A [nmol/mL],dataset_III,
555.7232704402516,153.8917384694506,A,O2 conc.A [nmol/mL],dataset_III,
555.8490566037735,154.0452130321156,A,O2 conc.A [nmol/mL],dataset_III,
555.9748427672956,153.9121038277453,A,O2 conc.A [nmol/mL],dataset_III,
556.1006289308176,154.1198583803402,A,O2 conc.A [nmol/mL],dataset_III,
556.2264150943396,154.4084307256955,A,O2 conc.A [nmol/mL],dataset_III,
556.3522012578617,154.4546497187083,A,O2 conc.A [nmol/mL],dataset_III,
556.4779874213837,154.2384099079924,A,O2 conc.A [nmol/mL],dataset_III,
556.6037735849056,153.9625101126273,A,O2 conc.A [nmol/mL],dataset_III,
556.7295597484276,153.9687800534042,A,O2 conc.A [nmol/mL],dataset_III,
556.8553459119497,153.9487134931346,A,O2 conc.A [nmol/mL],dataset_III,
556.9811320754717,154.3300500221751,A,O2 conc.A [nmol/mL],dataset_III,
557.1069182389937,153.8575323444248,A,O2 conc.A [nmol/mL],dataset_III,
557.2327044025158,154.2926260688516,A,O2 conc.A [nmol/mL],dataset_III,
557.3584905660377,154.0606733062017,A,O2 conc.A [nmol/mL],dataset_III,
557.4842767295597,154.1041619162679,A,O2 conc.A [nmol/mL],dataset_III,
557.6100628930817,154.4314060681152,A,O2 conc.A [nmol/mL],dataset_III,
557.7358490566038,153.9269702925488,A,O2 conc.A [nmol/mL],dataset_III,
557.8616352201258,154.4535632689611,A,O2 conc.A [nmol/mL],dataset_III,
557.9874213836478,153.67809527888,A,O2 conc.A [nmol/mL],dataset_III,
558.1132075471698,153.8165948439764,A,O2 conc.A [nmol/mL],dataset_III,
558.2389937106918,153.6205152403602,A,O2 conc.A [nmol/mL],dataset_III,
558.3647798742138,153.8207449437362,A,O2 conc.A [nmol/mL],dataset_III,
558.4905660377359,154.1454882626027,A,O2 conc.A [nmol/mL],dataset_III,
558.6163522012579,154.1765273280297,A,O2 conc.A [nmol/mL],dataset_III,
558.7421383647799,154.0611162113566,A,O2 conc.A [nmol/mL],dataset_III,
558.8679245283018,154.04352269964,A,O2 conc.A [nmol/mL],dataset_III,
558.9937106918239,153.6757452887465,A,O2 conc.A [nmol/mL],dataset_III,
559.1194968553459,153.6296963983558,A,O2 conc.A [nmol/mL],dataset_III,
559.2452830188679,154.0297041820873,A,O2 conc.A [nmol/mL],dataset_III,
559.37106918239,154.2830107481345,A,O2 conc.A [nmol/mL],dataset_III,
559.496855345912,153.8473526372734,A,O2 conc.A [nmol/mL],dataset_III,
559.622641509434,153.6135737467379,A,O2 conc.A [nmol/mL],dataset_III,
559.7484276729559,153.5397208549331,A,O2 conc.A [nmol/mL],dataset_III,
559.874213836478,153.7452053691664,A,O2 conc.A [nmol/mL],dataset_III,
560.0,154.3025815767757,A,O2 conc.A [nmol/mL],dataset_III,
560.125786163522,153.8480880602282,A,O2 conc.A [nmol/mL],dataset_III,
560.2515723270441,153.6328644244392,A,O2 conc.A [nmol/mL],dataset_III,
560.377358490566,153.7323098802184,A,O2 conc.A [nmol/mL],dataset_III,
560.503144654088,153.7561186717042,A,O2 conc.A [nmol/mL],dataset_III,
560.62893081761,153.9357355915701,A,O2 conc.A [nmol/mL],dataset_III,
560.7547169811321,153.6966554475697,A,O2 conc.A [nmol/mL],dataset_III,
560.8805031446541,153.631501990459,A,O2 conc.A [nmol/mL],dataset_III,
561.0062893081761,153.7993099611184,A,O2 conc.A [nmol/mL],dataset_III,
561.1320754716982,153.9558091114949,A,O2 conc.A [nmol/mL],dataset_III,
561.2578616352201,154.0102297953838,A,O2 conc.A [nmol/mL],dataset_III,
561.3836477987421,153.9609291804885,A,O2 conc.A [nmol/mL],dataset_III,
561.5094339622641,153.7012492669884,A,O2 conc.A [nmol/mL],dataset_III,
561.6352201257862,153.3841815678478,A,O2 conc.A [nmol/mL],dataset_III,
561.7610062893082,153.600649109548,A,O2 conc.A [nmol/mL],dataset_III,
561.8867924528302,153.8636258164757,A,O2 conc.A [nmol/mL],dataset_III,
562.0125786163522,153.4515239697472,A,O2 conc.A [nmol/mL],dataset_III,
562.1383647798742,153.8404149198385,A,O2 conc.A [nmol/mL],dataset_III,
562.2641509433962,153.6220934497665,A,O2 conc.A [nmol/mL],dataset_III,
562.3899371069183,153.6163737716532,A,O2 conc.A [nmol/mL],dataset_III,
562.5157232704403,154.0341188350026,A,O2 conc.A [nmol/mL],dataset_III,
562.6415094339623,153.8012525634347,A,O2 conc.A [nmol/mL],dataset_III,
562.7672955974842,154.0814607721398,A,O2 conc.A [nmol/mL],dataset_III,
562.8930817610063,153.4964108049106,A,O2 conc.A [nmol/mL],dataset_III,
563.0188679245283,154.006236672902,A,O2 conc.A [nmol/mL],dataset_III,
563.1446540880503,153.9431488003979,A,O2 conc.A [nmol/mL],dataset_III,
563.2704402515724,152.9594553258393,A,O2 conc.A [nmol/mL],dataset_III,
563.3962264150944,153.6784656658312,A,O2 conc.A [nmol/mL],dataset_III,
563.5220125786163,154.0784167689726,A,O2 conc.A [nmol/mL],dataset_III,
563.6477987421383,153.8797023350017,A,O2 conc.A [nmol/mL],dataset_III,
563.7735849056604,153.5671850235358,A,O2 conc.A [nmol/mL],dataset_III,
563.8993710691824,153.6116450379779,A,O2 conc.A [nmol/mL],dataset_III,
564.0251572327044,153.3364077633047,A,O2 conc.A [nmol/mL],dataset_III,
564.1509433962265,153.7060704040971,A,O2 conc.A [nmol/mL],dataset_III,
564.2767295597484,153.1985315842438,A,O2 conc.A [nmol/mL],dataset_III,
564.4025157232704,153.3853252415217,A,O2 conc.A [nmol/mL],dataset_III,
564.5283018867924,153.9112703406027,A,O2 conc.A [nmol/mL],dataset_III,
564.6540880503145,153.6186653124855,A,O2 conc.A [nmol/mL],dataset_III,
564.7798742138365,153.5252773842025,A,O2 conc.A [nmol/mL],dataset_III,
564.9056603773585,153.5819834386277,A,O2 conc.A [nmol/mL],dataset_III,
565.0314465408806,154.2862620454804,A,O2 conc.A [nmol/mL],dataset_III,
565.1572327044025,153.8519128630163,A,O2 conc.A [nmol/mL],dataset_III,
565.2830188679245,153.3915328446459,A,O2 conc.A [nmol/mL],dataset_III,
565.4088050314465,153.9944579488854,A,O2 conc.A [nmol/mL],dataset_III,
565.5345911949686,153.5478990997538,A,O2 conc.A [nmol/mL],dataset_III,
565.6603773584906,153.7473543905392,A,O2 conc.A [nmol/mL],dataset_III,
565.7861635220125,153.4080948669754,A,O2 conc.A [nmol/mL],dataset_III,
565.9119496855346,153.3126158060557,A,O2 conc.A [nmol/mL],dataset_III,
566.0377358490566,153.7398852914172,A,O2 conc.A [nmol/mL],dataset_III,
566.1635220125786,153.3395127617297,A,O2 conc.A [nmol/mL],dataset_III,
566.2893081761006,153.3287322431649,A,O2 conc.A [nmol/mL],dataset_III,
566.4150943396227,153.7408476697973,A,O2 conc.A [nmol/mL],dataset_III,
566.5408805031446,153.2181991605519,A,O2 conc.A [nmol/mL],dataset_III,
566.6666666666666,153.1462307405067,A,O2 conc.A [nmol/mL],dataset_III,
566.7924528301887,153.6296346629992,A,O2 conc.A [nmol/mL],dataset_III,
566.9182389937107,152.9957279807066,A,O2 conc.A [nmol/mL],dataset_III,
567.0440251572327,153.2900942956809,A,O2 conc.A [nmol/mL],dataset_III,
567.1698113207547,153.3789415048158,A,O2 conc.A [nmol/mL],dataset_III,
567.2955974842768,153.1263536082998,A,O2 conc.A [nmol/mL],dataset_III,
567.4213836477987,153.1756600484008,A,O2 conc.A [nmol/mL],dataset_III,
567.5471698113207,153.6138032338289,A,O2 conc.A [nmol/mL],dataset_III,
567.6729559748428,153.5127755912188,A,O2 conc.A [nmol/mL],dataset_III,
567.7987421383648,153.1955617805813,A,O2 conc.A [nmol/mL],dataset_III,
567.9245283018868,153.5566883621332,A,O2 conc.A [nmol/mL],dataset_III,
568.0503144654087,153.7964639038452,A,O2 conc.A [nmol/mL],dataset_III,
568.1761006289308,153.0883671640771,A,O2 conc.A [nmol/mL],dataset_III,
568.3018867924528,153.4166128882392,A,O2 conc.A [nmol/mL],dataset_III,
568.4276729559748,153.8877890993799,A,O2 conc.A [nmol/mL],dataset_III,
568.5534591194969,153.5387435577269,A,O2 conc.A [nmol/mL],dataset_III,
568.6792452830189,153.5816271894581,A,O2 conc.A [nmol/mL],dataset_III,
568.8050314465409,153.3205700637759,A,O2 conc.A [nmol/mL],dataset_III,
568.930817610063,153.1634446153347,A,O2 conc.A [nmol/mL],dataset_III,
569.0566037735849,153.6411058010565,A,O2 conc.A [nmol/mL],dataset_III,
569.1823899371069,153.5110214363457,A,O2 conc.A [nmol/mL],dataset_III,
569.3081761006289,153.3270367269645,A,O2 conc.A [nmol/mL],dataset_III,
569.433962264151,153.2159109150356,A,O2 conc.A [nmol/mL],dataset_III,
569.559748427673,152.8876408621047,A,O2 conc.A [nmol/mL],dataset_III,
569.6855345911949,153.3558760494573,A,O2 conc.A [nmol/mL],dataset_III,
569.811320754717,153.1362986240047,A,O2 conc.A [nmol/mL],dataset_III,
569.937106918239,153.2685905710184,A,O2 conc.A [nmol/mL],dataset_III,
570.062893081761,153.4616253071451,A,O2 conc.A [nmol/mL],dataset_III,
570.188679245283,153.4912094604758,A,O2 conc.A [nmol/mL],dataset_III,
570.3144654088051,153.4582863492794,A,O2 conc.A [nmol/mL],dataset_III,
570.440251572327,153.8346295130374,A,O2 conc.A [nmol/mL],dataset_III,
570.566037735849,153.5544703852491,A,O2 conc.A [nmol/mL],dataset_III,
570.6918238993711,153.068998531979,A,O2 conc.A [nmol/mL],dataset_III,
570.8176100628931,153.0432699180034,A,O2 conc.A [nmol/mL],dataset_III,
570.9433962264151,153.8222104030056,A,O2 conc.A [nmol/mL],dataset_III,
571.069182389937,153.0666685052532,A,O2 conc.A [nmol/mL],dataset_III,
571.1949685534591,153.2137935321612,A,O2 conc.A [nmol/mL],dataset_III,
571.3207547169811,153.6533694627017,A,O2 conc.A [nmol/mL],dataset_III,
571.4465408805031,153.6383109823545,A,O2 conc.A [nmol/mL],dataset_III,
571.5723270440252,153.1881513294081,A,O2 conc.A [nmol/mL],dataset_III,
571.6981132075472,153.2546224300515,A,O2 conc.A [nmol/mL],dataset_III,
571.8238993710692,152.7776866571292,A,O2 conc.A [nmol/mL],dataset_III,
571.9496855345911,152.9517041305854,A,O2 conc.A [nmol/mL],dataset_III,
572.0754716981132,153.0798038462551,A,O2 conc.A [nmol/mL],dataset_III,
572.2012578616352,153.1620309094769,A,O2 conc.A [nmol/mL],dataset_III,
572.3270440251572,153.0749431559014,A,O2 conc.A [nmol/mL],dataset_III,
572.4528301886793,153.1861740933762,A,O2 conc.A [nmol/mL],dataset_III,
572.5786163522013,153.6886032995227,A,O2 conc.A [nmol/mL],dataset_III,
572.7044025157232,153.2488404593402,A,O2 conc.A [nmol/mL],dataset_III,
572.8301886792453,153.2022593641206,A,O2 conc.A [nmol/mL],dataset_III,
572.9559748427673,153.1178664792214,A,O2 conc.A [nmol/mL],dataset_III,
573.0817610062893,153.0667603120652,A,O2 conc.A [nmol/mL],dataset_III,
573.2075471698113,153.4103006864341,A,O2 conc.A [nmol/mL],dataset_III,
573.3333333333334,152.8465765017694,A,O2 conc.A [nmol/mL],dataset_III,
573.4591194968554,153.0553243012483,A,O2 conc.A [nmol/mL],dataset_III,
573.5849056603773,152.8051021978103,A,O2 conc.A [nmol/mL],dataset_III,
573.7106918238994,153.0931562541288,A,O2 conc.A [nmol/mL],dataset_III,
573.8364779874214,153.0934637322729,A,O2 conc.A [nmol/mL],dataset_III,
573.9622641509434,153.2861551018094,A,O2 conc.A [nmol/mL],dataset_III,
574.0880503144654,153.3477712030518,A,O2 conc.A [nmol/mL],dataset_III,
574.2138364779875,153.2064492042393,A,O2 conc.A [nmol/mL],dataset_III,
574.3396226415094,153.4385752657534,A,O2 conc.A [nmol/mL],dataset_III,
574.4654088050314,153.4224635840406,A,O2 conc.A [nmol/mL],dataset_III,
574.5911949685535,153.0965047621278,A,O2 conc.A [nmol/mL],dataset_III,
574.7169811320755,153.1033291288369,A,O2 conc.A [nmol/mL],dataset_III,
574.8427672955975,152.5182493133217,A,O2 conc.A [nmol/mL],dataset_III,
574.9685534591194,153.0747078604956,A,O2 conc.A [nmol/mL],dataset_III,
575.0943396226415,152.9857014939108,A,O2 conc.A [nmol/mL],dataset_III,
575.2201257861635,152.557177902476,A,O2 conc.A [nmol/mL],dataset_III,
575.3459119496855,152.8637825205529,A,O2 conc.A [nmol/mL],dataset_III,
575.4716981132076,153.203312343273,A,O2 conc.A [nmol/mL],dataset_III,
575.5974842767296,152.6465900930673,A,O2 conc.A [nmol/mL],dataset_III,
575.7232704402516,153.2718487888843,A,O2 conc.A [nmol/mL],dataset_III,
575.8490566037735,153.0596381504642,A,O2 conc.A [nmol/mL],dataset_III,
575.9748427672956,152.8761686212854,A,O2 conc.A [nmol/mL],dataset_III,
576.1006289308176,152.8900111451181,A,O2 conc.A [nmol/mL],dataset_III,
576.2264150943396,153.1254020660418,A,O2 conc.A [nmol/mL],dataset_III,
576.3522012578617,152.5523990431683,A,O2 conc.A [nmol/mL],dataset_III,
576.4779874213837,153.4127654210868,A,O2 conc.A [nmol/mL],dataset_III,
576.6037735849056,152.6915473767955,A,O2 conc.A [nmol/mL],dataset_III,
576.7295597484276,152.6959087717589,A,O2 conc.A [nmol/mL],dataset_III,
576.8553459119497,153.1847489546096,A,O2 conc.A [nmol/mL],dataset_III,
576.9811320754717,153.0693973121318,A,O2 conc.A [nmol/mL],dataset_III,
577.1069182389937,153.1955594753579,A,O2 conc.A [nmol/mL],dataset_III,
577.2327044025158,153.1180341429781,A,O2 conc.A [nmol/mL],dataset_III,
577.3584905660377,152.9429651797781,A,O2 conc.A [nmol/mL],dataset_III,
577.4842767295597,152.5220974839894,A,O2 conc.A [nmol/mL],dataset_III,
577.6100628930817,152.715310866202,A,O2 conc.A [nmol/mL],dataset_III,
577.7358490566038,152.8754580079337,A,O2 conc.A [nmol/mL],dataset_III,
577.8616352201258,152.8138798472298,A,O2 conc.A [nmol/mL],dataset_III,
577.9874213836478,152.2973071077407,A,O2 conc.A [nmol/mL],dataset_III,
578.1132075471698,153.0639314758167,A,O2 conc.A [nmol/mL],dataset_III,
578.2389937106918,153.2279430745374,A,O2 conc.A [nmol/mL],dataset_III,
578.3647798742138,153.1535085817841,A,O2 conc.A [nmol/mL],dataset_III,
578.4905660377358,152.5253471985585,A,O2 conc.A [nmol/mL],dataset_III,
578.6163522012579,152.8811311231789,A,O2 conc.A [nmol/mL],dataset_III,
578.7421383647799,152.2328422301646,A,O2 conc.A [nmol/mL],dataset_III,
578.8679245283018,153.1792986098732,A,O2 conc.A [nmol/mL],dataset_III,
578.9937106918239,152.2641521699993,A,O2 conc.A [nmol/mL],dataset_III,
579.1194968553459,152.8440759113224,A,O2 conc.A [nmol/mL],dataset_III,
579.2452830188679,153.0244209657329,A,O2 conc.A [nmol/mL],dataset_III,
579.37106918239,153.0489337993764,A,O2 conc.A [nmol/mL],dataset_III,
579.496855345912,152.8044233183885,A,O2 conc.A [nmol/mL],dataset_III,
579.622641509434,152.3543455005002,A,O2 conc.A [nmol/mL],dataset_III,
579.7484276729559,152.6777913875824,A,O2 conc.A [nmol/mL],dataset_III,
579.874213836478,152.6283330403637,A,O2 conc.A [nmol/mL],dataset_III,
580.0,152.7798297717383,A,O2 conc.A [nmol/mL],dataset_III,
580.125786163522,152.9270038010471,A,O2 conc.A [nmol/mL],dataset_III,
580.2515723270441,152.8379048486868,A,O2 conc.A [nmol/mL],dataset_III,
580.377358490566,153.1951260905937,A,O2 conc.A [nmol/mL],dataset_III,
580.503144654088,152.8223119880234,A,O2 conc.A [nmol/mL],dataset_III,
580.62893081761,152.552172220233,A,O2 conc.A [nmol/mL],dataset_III,
580.7547169811321,153.0491988084161,A,O2 conc.A [nmol/mL],dataset_III,
580.8805031446541,152.5553992272064,A,O2 conc.A [nmol/mL],dataset_III,
581.0062893081761,152.6968244442477,A,O2 conc.A [nmol/mL],dataset_III,
581.1320754716982,152.6638803711666,A,O2 conc.A [nmol/mL],dataset_III,
581.2578616352201,152.0377053730647,A,O2 conc.A [nmol/mL],dataset_III,
581.3836477987421,152.6725455240649,A,O2 conc.A [nmol/mL],dataset_III,
581.5094339622642,152.6680278471506,A,O2 conc.A [nmol/mL],dataset_III,
581.6352201257862,152.5355689180989,A,O2 conc.A [nmol/mL],dataset_III,
581.7610062893082,152.5450007611256,A,O2 conc.A [nmol/mL],dataset_III,
581.8867924528302,152.2515489548051,A,O2 conc.A [nmol/mL],dataset_III,
582.0125786163522,152.5855929786402,A,O2 conc.A [nmol/mL],dataset_III,
582.1383647798742,152.9330358462763,A,O2 conc.A [nmol/mL],dataset_III,
582.2641509433962,152.5053144059183,A,O2 conc.A [nmol/mL],dataset_III,
582.3899371069183,152.4114276832948,A,O2 conc.A [nmol/mL],dataset_III,
582.5157232704403,152.3823542207088,A,O2 conc.A [nmol/mL],dataset_III,
582.6415094339623,153.0308857447033,A,O2 conc.A [nmol/mL],dataset_III,
582.7672955974842,152.1801302186824,A,O2 conc.A [nmol/mL],dataset_III,
582.8930817610063,152.722505855981,A,O2 conc.A [nmol/mL],dataset_III,
583.0188679245283,152.5314486886786,A,O2 conc.A [nmol/mL],dataset_III,
583.1446540880503,152.9761471665013,A,O2 conc.A [nmol/mL],dataset_III,
583.2704402515724,152.8160667391033,A,O2 conc.A [nmol/mL],dataset_III,
583.3962264150944,152.4584982006369,A,O2 conc.A [nmol/mL],dataset_III,
583.5220125786163,152.0875378709785,A,O2 conc.A [nmol/mL],dataset_III,
583.6477987421383,152.8226423144357,A,O2 conc.A [nmol/mL],dataset_III,
583.7735849056604,152.8220705937739,A,O2 conc.A [nmol/mL],dataset_III,
583.8993710691824,152.1736615014784,A,O2 conc.A [nmol/mL],dataset_III,
584.0251572327044,152.6285226976544,A,O2 conc.A [nmol/mL],dataset_III,
584.1509433962265,152.2343500093834,A,O2 conc.A [nmol/mL],dataset_III,
584.2767295597484,152.2328213932523,A,O2 conc.A [nmol/mL],dataset_III,
584.4025157232704,152.0168679382296,A,O2 conc.A [nmol/mL],dataset_III,
584.5283018867924,152.6447499232086,A,O2 conc.A [nmol/mL],dataset_III,
584.6540880503145,152.4716330461037,A,O2 conc.A [nmol/mL],dataset_III,
584.7798742138365,152.5198031955011,A,O2 conc.A [nmol/mL],dataset_III,
584.9056603773585,152.7516243202509,A,O2 conc.A [nmol/mL],dataset_III,
585.0314465408806,152.5479890684627,A,O2 conc.A [nmol/mL],dataset_III,
585.1572327044025,152.5193009217685,A,O2 conc.A [nmol/mL],dataset_III,
585.2830188679245,152.5528060255713,A,O2 conc.A [nmol/mL],dataset_III,
585.4088050314465,152.0916719179985,A,O2 conc.A [nmol/mL],dataset_III,
585.5345911949686,152.341525918641,A,O2 conc.A [nmol/mL],dataset_III,
585.6603773584906,152.0409041368785,A,O2 conc.A [nmol/mL],dataset_III,
585.7861635220125,152.1098185711332,A,O2 conc.A [nmol/mL],dataset_III,
585.9119496855346,152.3041700466569,A,O2 conc.A [nmol/mL],dataset_III,
586.0377358490566,152.5849233998192,A,O2 conc.A [nmol/mL],dataset_III,
586.1635220125786,152.8263323219955,A,O2 conc.A [nmol/mL],dataset_III,
586.2893081761006,152.0328078510427,A,O2 conc.A [nmol/mL],dataset_III,
586.4150943396227,152.3397660691006,A,O2 conc.A [nmol/mL],dataset_III,
586.5408805031446,152.2710331792046,A,O2 conc.A [nmol/mL],dataset_III,
586.6666666666666,152.412897017107,A,O2 conc.A [nmol/mL],dataset_III,
586.7924528301887,152.4190179053237,A,O2 conc.A [nmol/mL],dataset_III,
586.9182389937107,152.3563480490656,A,O2 conc.A [nmol/mL],dataset_III,
587.0440251572327,152.0162759456249,A,O2 conc.A [nmol/mL],dataset_III,
587.1698113207547,152.3490662602202,A,O2 conc.A [nmol/mL],dataset_III,
587.2955974842768,152.4658064059965,A,O2 conc.A [nmol/mL],dataset_III,
587.4213836477987,152.1067043428606,A,O2 conc.A [nmol/mL],dataset_III,
587.5471698113207,152.721920605115,A,O2 conc.A [nmol/mL],dataset_III,
587.6729559748428,152.1609784019758,A,O2 conc.A [nmol/mL],dataset_III,
587.7987421383648,152.0535689712591,A,O2 conc.A [nmol/mL],dataset_III,
587.9245283018868,152.2784561035548,A,O2 conc.A [nmol/mL],dataset_III,
588.0503144654087,152.1322912961631,A,O2 conc.A [nmol/mL],dataset_III,
588.1761006289308,151.8472227869168,A,O2 conc.A [nmol/mL],dataset_III,
588.3018867924528,152.1748041170576,A,O2 conc.A [nmol/mL],dataset_III,
588.4276729559748,152.5725962471581,A,O2 conc.A [nmol/mL],dataset_III,
588.5534591194969,152.6666310395386,A,O2 conc.A [nmol/mL],dataset_III,
588.6792452830189,152.0165649183011,A,O2 conc.A [nmol/mL],dataset_III,
588.8050314465409,152.3769712575794,A,O2 conc.A [nmol/mL],dataset_III,
588.930817610063,152.1761122936273,A,O2 conc.A [nmol/mL],dataset_III,
589.0566037735849,152.2062789105723,A,O2 conc.A [nmol/mL],dataset_III,
589.1823899371069,152.4444773797078,A,O2 conc.A [nmol/mL],dataset_III,
589.3081761006289,152.3329797817218,A,O2 conc.A [nmol/mL],dataset_III,
589.433962264151,152.150869326835,A,O2 conc.A [nmol/mL],dataset_III,
589.559748427673,151.8724304747184,A,O2 conc.A [nmol/mL],dataset_III,
589.6855345911949,151.8159486589935,A,O2 conc.A [nmol/mL],dataset_III,
589.811320754717,152.0732666650183,A,O2 conc.A [nmol/mL],dataset_III,
589.937106918239,152.162501847742,A,O2 conc.A [nmol/mL],dataset_III,
590.062893081761,152.1997188121852,A,O2 conc.A [nmol/mL],dataset_III,
590.188679245283,152.2617455007095,A,O2 conc.A [nmol/mL],dataset_III,
590.3144654088051,152.3034767678103,A,O2 conc.A [nmol/mL],dataset_III,
590.440251572327,151.4501386346672,A,O2 conc.A [nmol/mL],dataset_III,
590.566037735849,152.2690952153584,A,O2 conc.A [nmol/mL],dataset_III,
590.6918238993711,151.7737005112011,A,O2 conc.A [nmol/mL],dataset_III,
590.8176100628931,152.3064069222806,A,O2 conc.A [nmol/mL],dataset_III,
590.9433962264151,152.1043781838221,A,O2 conc.A [nmol/mL],dataset_III,
591.069182389937,152.1701843795284,A,O2 conc.A [nmol/mL],dataset_III,
591.1949685534591,151.8696403112758,A,O2 conc.A [nmol/mL],dataset_III,
591.3207547169811,152.0678619019135,A,O2 conc.A [nmol/mL],dataset_III,
591.4465408805031,151.5227232499695,A,O2 conc.A [nmol/mL],dataset_III,
591.5723270440252,152.2556653722384,A,O2 conc.A [nmol/mL],dataset_III,
591.6981132075472,151.8914713566472,A,O2 conc.A [nmol/mL],dataset_III,
591.8238993710692,151.319238290845,A,O2 conc.A [nmol/mL],dataset_III,
591.9496855345913,152.2242065762125,A,O2 conc.A [nmol/mL],dataset_III,
592.0754716981132,152.370356442706,A,O2 conc.A [nmol/mL],dataset_III,
592.2012578616352,151.724457955187,A,O2 conc.A [nmol/mL],dataset_III,
592.3270440251572,152.2389951289813,A,O2 conc.A [nmol/mL],dataset_III,
592.4528301886793,151.7407061180002,A,O2 conc.A [nmol/mL],dataset_III,
592.5786163522013,151.3538421465403,A,O2 conc.A [nmol/mL],dataset_III,
592.7044025157232,151.8233265086988,A,O2 conc.A [nmol/mL],dataset_III,
592.8301886792453,151.986661063512,A,O2 conc.A [nmol/mL],dataset_III,
592.9559748427673,151.9308420561034,A,O2 conc.A [nmol/mL],dataset_III,
593.0817610062893,151.9156810843778,A,O2 conc.A [nmol/mL],dataset_III,
593.2075471698113,151.9562146346898,A,O2 conc.A [nmol/mL],dataset_III,
593.3333333333334,151.9285751594001,A,O2 conc.A [nmol/mL],dataset_III,
593.4591194968554,151.8127539908751,A,O2 conc.A [nmol/mL],dataset_III,
593.5849056603773,151.7087455466963,A,O2 conc.A [nmol/mL],dataset_III,
593.7106918238994,151.7849680013431,A,O2 conc.A [nmol/mL],dataset_III,
593.8364779874214,151.7558273949355,A,O2 conc.A [nmol/mL],dataset_III,
593.9622641509434,151.7603422038614,A,O2 conc.A [nmol/mL],dataset_III,
594.0880503144654,151.552661825144,A,O2 conc.A [nmol/mL],dataset_III,
594.2138364779875,151.6850789100812,A,O2 conc.A [nmol/mL],dataset_III,
594.3396226415094,151.8336113766519,A,O2 conc.A [nmol/mL],dataset_III,
594.4654088050314,151.8827368803099,A,O2 conc.A [nmol/mL],dataset_III,
594.5911949685535,151.7817022390662,A,O2 conc.A [nmol/mL],dataset_III,
594.7169811320755,151.7441218206322,A,O2 conc.A [nmol/mL],dataset_III,
594.8427672955975,151.9159765908292,A,O2 conc.A [nmol/mL],dataset_III,
594.9685534591194,151.9783086108351,A,O2 conc.A [nmol/mL],dataset_III,
595.0943396226415,151.9370387386016,A,O2 conc.A [nmol/mL],dataset_III,
595.2201257861635,151.3218688208144,A,O2 conc.A [nmol/mL],dataset_III,
595.3459119496855,151.6378221426032,A,O2 conc.A [nmol/mL],dataset_III,
595.4716981132076,151.9204143854208,A,O2 conc.A [nmol/mL],dataset_III,
595.5974842767296,151.8651773928264,A,O2 conc.A [nmol/mL],dataset_III,
595.7232704402516,151.8986080354785,A,O2 conc.A [nmol/mL],dataset_III,
595.8490566037735,151.7995705854023,A,O2 conc.A [nmol/mL],dataset_III,
595.9748427672956,151.4999258310647,A,O2 conc.A [nmol/mL],dataset_III,
596.1006289308176,152.0112784879729,A,O2 conc.A [nmol/mL],dataset_III,
596.2264150943396,151.3580674595796,A,O2 conc.A [nmol/mL],dataset_III,
596.3522012578617,151.936731449484,A,O2 conc.A [nmol/mL],dataset_III,
596.4779874213837,151.678525541813,A,O2 conc.A [nmol/mL],dataset_III,
596.6037735849056,151.3067830917967,A,O2 conc.A [nmol/mL],dataset_III,
596.7295597484276,151.5682342709751,A,O2 conc.A [nmol/mL],dataset_III,
596.8553459119497,151.9605392309879,A,O2 conc.A [nmol/mL],dataset_III,
596.9811320754717,151.5048282001462,A,O2 conc.A [nmol/mL],dataset_III,
597.1069182389937,151.3416053416454,A,O2 conc.A [nmol/mL],dataset_III,
597.2327044025158,151.5643856931544,A,O2 conc.A [nmol/mL],dataset_III,
597.3584905660377,151.4243918477039,A,O2 conc.A [nmol/mL],dataset_III,
597.4842767295597,151.3085879157773,A,O2 conc.A [nmol/mL],dataset_III,
597.6100628930817,151.7229496718863,A,O2 conc.A [nmol/mL],dataset_III,
597.7358490566038,151.8054356339742,A,O2 conc.A [nmol/mL],dataset_III,
597.8616352201258,151.4602870260221,A,O2 conc.A [nmol/mL],dataset_III,
597.9874213836478,151.7214529344762,A,O2 conc.A [nmol/mL],dataset_III,
598.1132075471698,151.4861177730803,A,O2 conc.A [nmol/mL],dataset_III,
598.2389937106918,151.5502733177661,A,O2 conc.A [nmol/mL],dataset_III,
598.3647798742138,151.5983797760486,A,O2 conc.A [nmol/mL],dataset_III,
598.4905660377358,151.9331773818936,A,O2 conc.A [nmol/mL],dataset_III,
598.6163522012579,151.6790735360838,A,O2 conc.A [nmol/mL],dataset_III,
598.7421383647799,151.294732865901,A,O2 conc.A [nmol/mL],dataset_III,
598.8679245283018,151.6657957752186,A,O2 conc.A [nmol/mL],dataset_III,
598.9937106918239,151.473868721967,A,O2 conc.A [nmol/mL],dataset_III,
599.1194968553459,151.4049030105445,A,O2 conc.A [nmol/mL],dataset_III,
599.2452830188679,151.3038800966365,A,O2 conc.A [nmol/mL],dataset_III,
599.37106918239,151.4995826936226,A,O2 conc.A [nmol/mL],dataset_III,
599.496855345912,151.4834419736851,A,O2 conc.A [nmol/mL],dataset_III,
599.622641509434,151.3902568146159,A,O2 conc.A [nmol/mL],dataset_III,
599.7484276729559,151.1353428929726,A,O2 conc.A [nmol/mL],dataset_III,
599.874213836478,151.0486639789752,A,O2 conc.A [nmol/mL],dataset_III,
600.0,151.4997804932163,A,O2 conc.A [nmol/mL],dataset_III,FCCP_3
600.125786163522,151.5046628636409,A,O2 conc.A [nmol/mL],dataset_III,
600.2515723270441,151.9982211401027,A,O2 conc.A [nmol/mL],dataset_III,
600.377358490566,151.4001005014054,A,O2 conc.A [nmol/mL],dataset_III,
600.503144654088,151.6924495482768,A,O2 conc.A [nmol/mL],dataset_III,
600.62893081761,151.7282217232166,A,O2 conc.A [nmol/mL],dataset_III,
600.7547169811321,151.4064813579297,A,O2 conc.A [nmol/mL],dataset_III,
600.8805031446541,151.4332755452488,A,O2 conc.A [nmol/mL],dataset_III,
601.0062893081761,151.298941602463,A,O2 conc.A [nmol/mL],dataset_III,
601.1320754716982,151.8425195733607,A,O2 conc.A [nmol/mL],dataset_III,
601.2578616352201,151.0139489532224,A,O2 conc.A [nmol/mL],dataset_III,
601.3836477987421,151.3734726757376,A,O2 conc.A [nmol/mL],dataset_III,
601.5094339622641,151.7217421697731,A,O2 conc.A [nmol/mL],dataset_III,
601.6352201257862,151.3411186052532,A,O2 conc.A [nmol/mL],dataset_III,
601.7610062893082,151.2176314374707,A,O2 conc.A [nmol/mL],dataset_III,
601.8867924528302,151.4109136544696,A,O2 conc.A [nmol/mL],dataset_III,
602.0125786163522,151.4767671799206,A,O2 conc.A [nmol/mL],dataset_III,
602.1383647798742,151.4792081241779,A,O2 conc.A [nmol/mL],dataset_III,
602.2641509433962,151.4000853573605,A,O2 conc.A [nmol/mL],dataset_III,
602.3899371069182,151.5095244752855,A,O2 conc.A [nmol/mL],dataset_III,
602.5157232704403,151.5507541199592,A,O2 conc.A [nmol/mL],dataset_III,
602.6415094339623,151.0299352823272,A,O2 conc.A [nmol/mL],dataset_III,
602.7672955974842,151.2042602024367,A,O2 conc.A [nmol/mL],dataset_III,
602.8930817610063,151.5087331325005,A,O2 conc.A [nmol/mL],dataset_III,
603.0188679245283,151.405792443114,A,O2 conc.A [nmol/mL],dataset_III,
603.1446540880503,151.3346146018062,A,O2 conc.A [nmol/mL],dataset_III,
603.2704402515724,151.4364114331756,A,O2 conc.A [nmol/mL],dataset_III,
603.3962264150944,151.4986572751489,A,O2 conc.A [nmol/mL],dataset_III,
603.5220125786163,151.0384342039351,A,O2 conc.A [nmol/mL],dataset_III,
603.6477987421383,150.9385369887946,A,O2 conc.A [nmol/mL],dataset_III,
603.7735849056604,150.9491798456886,A,O2 conc.A [nmol/mL],dataset_III,
603.8993710691824,151.6945958580737,A,O2 conc.A [nmol/mL],dataset_III,
604.0251572327044,150.9586462933081,A,O2 conc.A [nmol/mL],dataset_III,
604.1509433962265,151.1559347627149,A,O2 conc.A [nmol/mL],dataset_III,
604.2767295597484,151.1605390739799,A,O2 conc.A [nmol/mL],dataset_III,
604.4025157232704,151.4570007922704,A,O2 conc.A [nmol/mL],dataset_III,
604.5283018867924,150.7569825754141,A,O2 conc.A [nmol/mL],dataset_III,
604.6540880503145,151.174072893793,A,O2 conc.A [nmol/mL],dataset_III,
604.7798742138365,151.4798141271228,A,O2 conc.A [nmol/mL],dataset_III,
604.9056603773585,151.4472690725914,A,O2 conc.A [nmol/mL],dataset_III,
605.0314465408806,151.2631992203064,A,O2 conc.A [nmol/mL],dataset_III,
605.1572327044025,151.0879635377926,A,O2 conc.A [nmol/mL],dataset_III,
605.2830188679245,151.5849462577901,A,O2 conc.A [nmol/mL],dataset_III,
605.4088050314465,150.7198656873152,A,O2 conc.A [nmol/mL],dataset_III,
605.5345911949686,151.375425884648,A,O2 conc.A [nmol/mL],dataset_III,
605.6603773584906,151.2495511217595,A,O2 conc.A [nmol/mL],dataset_III,
605.7861635220125,151.2625929040724,A,O2 conc.A [nmol/mL],dataset_III,
605.9119496855346,151.1736130237893,A,O2 conc.A [nmol/mL],dataset_III,
606.0377358490566,151.1507829346922,A,O2 conc.A [nmol/mL],dataset_III,
606.1635220125786,151.3245119718429,A,O2 conc.A [nmol/mL],dataset_III,
606.2893081761006,150.7958808497981,A,O2 conc.A [nmol/mL],dataset_III,
606.4150943396227,150.7648311338108,A,O2 conc.A [nmol/mL],dataset_III,
606.5408805031446,151.1094095015983,A,O2 conc.A [nmol/mL],dataset_III,
606.6666666666666,151.0741609627387,A,O2 conc.A [nmol/mL],dataset_III,
606.7924528301887,151.0943653771103,A,O2 conc.A [nmol/mL],dataset_III,
606.9182389937107,151.4433856539218,A,O2 conc.A [nmol/mL],dataset_III,
607.0440251572327,150.8932771411498,A,O2 conc.A [nmol/mL],dataset_III,
607.1698113207547,151.2182612414545,A,O2 conc.A [nmol/mL],dataset_III,
607.2955974842768,151.1188705490305,A,O2 conc.A [nmol/mL],dataset_III,
607.4213836477987,151.6067262960647,A,O2 conc.A [nmol/mL],dataset_III,
607.5471698113207,150.656866105608,A,O2 conc.A [nmol/mL],dataset_III,
607.6729559748428,150.8632380626835,A,O2 conc.A [nmol/mL],dataset_III,
607.7987421383648,150.8778694084835,A,O2 conc.A [nmol/mL],dataset_III,
607.9245283018868,151.3145447130878,A,O2 conc.A [nmol/mL],dataset_III,
608.0503144654089,150.7717414146188,A,O2 conc.A [nmol/mL],dataset_III,
608.1761006289308,151.3835338754126,A,O2 conc.A [nmol/mL],dataset_III,
608.3018867924528,151.3609022718998,A,O2 conc.A [nmol/mL],dataset_III,
608.4276729559748,151.1701054243611,A,O2 conc.A [nmol/mL],dataset_III,
608.5534591194969,151.0553733397167,A,O2 conc.A [nmol/mL],dataset_III,
608.6792452830189,150.549311850511,A,O2 conc.A [nmol/mL],dataset_III,
608.8050314465409,150.976220842675,A,O2 conc.A [nmol/mL],dataset_III,
608.930817610063,150.5653426196681,A,O2 conc.A [nmol/mL],dataset_III,
609.0566037735849,150.8246810055961,A,O2 conc.A [nmol/mL],dataset_III,
609.1823899371069,150.9584398552805,A,O2 conc.A [nmol/mL],dataset_III,
609.3081761006289,150.8227738965446,A,O2 conc.A [nmol/mL],dataset_III,
609.433962264151,151.1300202166048,A,O2 conc.A [nmol/mL],dataset_III,
609.559748427673,150.8523518445329,A,O2 conc.A [nmol/mL],dataset_III,
609.6855345911949,150.4898273970695,A,O2 conc.A [nmol/mL],dataset_III,
609.811320754717,150.6042857140035,A,O2 conc.A [nmol/mL],dataset_III,
609.937106918239,150.5431499905666,A,O2 conc.A [nmol/mL],dataset_III,
610.062893081761,150.7748465611704,A,O2 conc.A [nmol/mL],dataset_III,
610.188679245283,151.1581774373273,A,O2 conc.A [nmol/mL],dataset_III,
610.3144654088051,150.9650448025264,A,O2 conc.A [nmol/mL],dataset_III,
610.440251572327,150.915812725772,A,O2 conc.A [nmol/mL],dataset_III,
610.566037735849,150.5019170769588,A,O2 conc.A [nmol/mL],dataset_III,
610.6918238993711,151.4078804558598,A,O2 conc.A [nmol/mL],dataset_III,
610.8176100628931,150.8008507694384,A,O2 conc.A [nmol/mL],dataset_III,
610.9433962264151,151.4044717948378,A,O2 conc.A [nmol/mL],dataset_III,
611.069182389937,150.5757153332319,A,O2 conc.A [nmol/mL],dataset_III,
611.1949685534591,150.6429361421477,A,O2 conc.A [nmol/mL],dataset_III,
611.3207547169811,151.4271402023818,A,O2 conc.A [nmol/mL],dataset_III,
611.4465408805031,150.5008034026063,A,O2 conc.A [nmol/mL],dataset_III,
611.5723270440252,150.8665554201279,A,O2 conc.A [nmol/mL],dataset_III,
611.6981132075472,150.6696547120778,A,O2 conc.A [nmol/mL],dataset_III,
611.8238993710692,150.543180011471,A,O2 conc.A [nmol/mL],dataset_III,
611.9496855345911,151.2791300611988,A,O2 conc.A [nmol/mL],dataset_III,
612.0754716981132,150.4801544649461,A,O2 conc.A [nmol/mL],dataset_III,
612.2012578616352,150.9478730436066,A,O2 conc.A [nmol/mL],dataset_III,
612.3270440251572,150.9919195080908,A,O2 conc.A [nmol/mL],dataset_III,
612.4528301886793,150.4552180603175,A,O2 conc.A [nmol/mL],dataset_III,
612.5786163522013,150.2261891668933,A,O2 conc.A [nmol/mL],dataset_III,
612.7044025157232,150.2476625806655,A,O2 conc.A [nmol/mL],dataset_III,
612.8301886792453,150.4852537533581,A,O2 conc.A [nmol/mL],dataset_III,
612.9559748427673,150.7331428527807,A,O2 conc.A [nmol/mL],dataset_III,
613.0817610062893,150.7536642834551,A,O2 conc.A [nmol/mL],dataset_III,
613.2075471698113,150.6148691724781,A,O2 conc.A [nmol/mL],dataset_III,
613.3333333333334,150.6281312350016,A,O2 conc.A [nmol/mL],dataset_III,
613.4591194968554,150.8902967858579,A,O2 conc.A [nmol/mL],dataset_III,
613.5849056603773,150.8311502559164,A,O2 conc.A [nmol/mL],dataset_III,
613.7106918238994,150.7261276326076,A,O2 conc.A [nmol/mL],dataset_III,
613.8364779874214,150.4695243617561,A,O2 conc.A [nmol/mL],dataset_III,
613.9622641509434,150.810486400935,A,O2 conc.A [nmol/mL],dataset_III,
614.0880503144654,150.6537226904216,A,O2 conc.A [nmol/mL],dataset_III,
614.2138364779875,150.4137885490861,A,O2 conc.A [nmol/mL],dataset_III,
614.3396226415094,150.4488504314042,A,O2 conc.A [nmol/mL],dataset_III,
614.4654088050314,150.8925634050055,A,O2 conc.A [nmol/mL],dataset_III,
614.5911949685535,151.0390740207268,A,O2 conc.A [nmol/mL],dataset_III,
614.7169811320755,150.437623911612,A,O2 conc.A [nmol/mL],dataset_III,
614.8427672955975,150.0428656207293,A,O2 conc.A [nmol/mL],dataset_III,
614.9685534591194,150.7015756531075,A,O2 conc.A [nmol/mL],dataset_III,
615.0943396226415,150.3212210817977,A,O2 conc.A [nmol/mL],dataset_III,
615.2201257861635,150.7224883929884,A,O2 conc.A [nmol/mL],dataset_III,
615.3459119496855,150.4377015977423,A,O2 conc.A [nmol/mL],dataset_III,
615.4716981132076,151.0814176014618,A,O2 conc.A [nmol/mL],dataset_III,
615.5974842767296,150.5444061721323,A,O2 conc.A [nmol/mL],dataset_III,
615.7232704402516,150.734384785319,A,O2 conc.A [nmol/mL],dataset_III,
615.8490566037735,150.1972357414157,A,O2 conc.A [nmol/mL],dataset_III,
615.9748427672956,149.7885033787776,A,O2 conc.A [nmol/mL],dataset_III,
616.1006289308176,150.5194860820872,A,O2 conc.A [nmol/mL],dataset_III,
616.2264150943396,150.5434711390658,A,O2 conc.A [nmol/mL],dataset_III,
616.3522012578617,150.6503823394489,A,O2 conc.A [nmol/mL],dataset_III,
616.4779874213837,150.3241816310918,A,O2 conc.A [nmol/mL],dataset_III,
616.6037735849056,150.1320019322561,A,O2 conc.A [nmol/mL],dataset_III,
616.7295597484276,150.0471647783189,A,O2 conc.A [nmol/mL],dataset_III,
616.8553459119497,150.5779009147737,A,O2 conc.A [nmol/mL],dataset_III,
616.9811320754717,150.6095154813901,A,O2 conc.A [nmol/mL],dataset_III,
617.1069182389937,150.2053302314893,A,O2 conc.A [nmol/mL],dataset_III,
617.2327044025158,150.2845882221916,A,O2 conc.A [nmol/mL],dataset_III,
617.3584905660377,150.2268775803274,A,O2 conc.A [nmol/mL],dataset_III,
617.4842767295597,149.9274491337487,A,O2 conc.A [nmol/mL],dataset_III,
617.6100628930817,150.4433569701799,A,O2 conc.A [nmol/mL],dataset_III,
617.7358490566038,150.5974091606388,A,O2 conc.A [nmol/mL],dataset_III,
617.8616352201258,150.3223947672395,A,O2 conc.A [nmol/mL],dataset_III,
617.9874213836478,150.0149411821493,A,O2 conc.A [nmol/mL],dataset_III,
618.1132075471698,150.3133058507916,A,O2 conc.A [nmol/mL],dataset_III,
618.2389937106918,150.6963190576048,A,O2 conc.A [nmol/mL],dataset_III,
618.3647798742138,150.8800169636294,A,O2 conc.A [nmol/mL],dataset_III,
618.4905660377359,150.4071417962208,A,O2 conc.A [nmol/mL],dataset_III,
618.6163522012579,150.1349593177186,A,O2 conc.A [nmol/mL],dataset_III,
618.7421383647799,149.8281277732463,A,O2 conc.A [nmol/mL],dataset_III,
618.8679245283018,149.9303646782358,A,O2 conc.A [nmol/mL],dataset_III,
618.9937106918239,150.2869538776629,A,O2 conc.A [nmol/mL],dataset_III,
619.1194968553459,150.3579441861511,A,O2 conc.A [nmol/mL],dataset_III,
619.2452830188679,150.3579898730708,A,O2 conc.A [nmol/mL],dataset_III,
619.37106918239,150.2204125889487,A,O2 conc.A [nmol/mL],dataset_III,
619.496855345912,149.892678492439,A,O2 conc.A [nmol/mL],dataset_III,
619.622641509434,149.8766970994918,A,O2 conc.A [nmol/mL],dataset_III,
619.7484276729559,150.299969236276,A,O2 conc.A [nmol/mL],dataset_III,
619.874213836478,150.0493232379467,A,O2 conc.A [nmol/mL],dataset_III,
620.0,150.5740011570505,A,O2 conc.A [nmol/mL],dataset_III,
620.125786163522,149.8753911464868,A,O2 conc.A [nmol/mL],dataset_III,
620.2515723270441,150.6542208789556,A,O2 conc.A [nmol/mL],dataset_III,
620.377358490566,150.0581494156323,A,O2 conc.A [nmol/mL],dataset_III,
620.503144654088,150.2728977746566,A,O2 conc.A [nmol/mL],dataset_III,
620.62893081761,150.2652180697441,A,O2 conc.A [nmol/mL],dataset_III,
620.7547169811321,150.115752763032,A,O2 conc.A [nmol/mL],dataset_III,
620.8805031446541,149.6907110023944,A,O2 conc.A [nmol/mL],dataset_III,
621.0062893081761,150.0658099299775,A,O2 conc.A [nmol/mL],dataset_III,
621.1320754716982,150.559350888597,A,O2 conc.A [nmol/mL],dataset_III,
621.2578616352201,149.8508645838056,A,O2 conc.A [nmol/mL],dataset_III,
621.3836477987421,149.7028626787035,A,O2 conc.A [nmol/mL],dataset_III,
621.5094339622641,150.1009986542232,A,O2 conc.A [nmol/mL],dataset_III,
621.6352201257862,150.0449473250221,A,O2 conc.A [nmol/mL],dataset_III,
621.7610062893082,149.8171607147442,A,O2 conc.A [nmol/mL],dataset_III,
621.8867924528302,149.9445550384316,A,O2 conc.A [nmol/mL],dataset_III,
622.0125786163522,150.0047555093272,A,O2 conc.A [nmol/mL],dataset_III,
622.1383647798742,150.0141337272254,A,O2 conc.A [nmol/mL],dataset_III,
622.2641509433962,150.1503728617123,A,O2 conc.A [nmol/mL],dataset_III,
622.3899371069183,150.2786722822329,A,O2 conc.A [nmol/mL],dataset_III,
622.5157232704403,150.1911022584757,A,O2 conc.A [nmol/mL],dataset_III,
622.6415094339623,150.1720977790208,A,O2 conc.A [nmol/mL],dataset_III,
622.7672955974842,150.4990233971256,A,O2 conc.A [nmol/mL],dataset_III,
622.8930817610063,150.3451405275247,A,O2 conc.A [nmol/mL],dataset_III,
623.0188679245283,149.3354317459305,A,O2 conc.A [nmol/mL],dataset_III,
623.1446540880503,149.965178386427,A,O2 conc.A [nmol/mL],dataset_III,
623.2704402515724,149.6541583627349,A,O2 conc.A [nmol/mL],dataset_III,
623.3962264150944,149.8683388573602,A,O2 conc.A [nmol/mL],dataset_III,
623.5220125786163,150.2257185026355,A,O2 conc.A [nmol/mL],dataset_III,
623.6477987421383,149.9749805684361,A,O2 conc.A [nmol/mL],dataset_III,
623.7735849056604,149.9105068466599,A,O2 conc.A [nmol/mL],dataset_III,
623.8993710691824,150.3391741079009,A,O2 conc.A [nmol/mL],dataset_III,
624.0251572327044,149.6263138031426,A,O2 conc.A [nmol/mL],dataset_III,
624.1509433962265,149.9711317640462,A,O2 conc.A [nmol/mL],dataset_III,
624.2767295597484,150.1241021293172,A,O2 conc.A [nmol/mL],dataset_III,
624.4025157232704,149.9852731537813,A,O2 conc.A [nmol/mL],dataset_III,
624.5283018867924,149.6807477378786,A,O2 conc.A [nmol/mL],dataset_III,
624.6540880503145,149.958251712869,A,O2 conc.A [nmol/mL],dataset_III,
624.7798742138365,150.1580987105699,A,O2 conc.A [nmol/mL],dataset_III,
624.9056603773585,150.0378602230659,A,O2 conc.A [nmol/mL],dataset_III,
625.0314465408806,150.0202976492242,A,O2 conc.A [nmol/mL],dataset_III,
625.1572327044025,150.010063863202,A,O2 conc.A [nmol/mL],dataset_III,
625.2830188679245,149.9593268418013,A,O2 conc.A [nmol/mL],dataset_III,
625.4088050314465,149.6075407812829,A,O2 conc.A [nmol/mL],dataset_III,
625.5345911949686,149.8329074983087,A,O2 conc.A [nmol/mL],dataset_III,
625.6603773584906,150.0102195311916,A,O2 conc.A [nmol/mL],dataset_III,
625.7861635220125,149.116209870332,A,O2 conc.A [nmol/mL],dataset_III,
625.9119496855346,150.0764587254619,A,O2 conc.A [nmol/mL],dataset_III,
626.0377358490566,149.9638474125615,A,O2 conc.A [nmol/mL],dataset_III,
626.1635220125786,149.6007734323319,A,O2 conc.A [nmol/mL],dataset_III,
626.2893081761006,149.6775578981047,A,O2 conc.A [nmol/mL],dataset_III,
626.4150943396227,149.8055121620401,A,O2 conc.A [nmol/mL],dataset_III,
626.5408805031446,149.9521582889447,A,O2 conc.A [nmol/mL],dataset_III,
626.6666666666666,149.7476199504623,A,O2 conc.A [nmol/mL],dataset_III,
626.7924528301887,150.1252044522027,A,O2 conc.A [nmol/mL],dataset_III,
626.9182389937107,149.9290621413589,A,O2 conc.A [nmol/mL],dataset_III,
627.0440251572327,149.6214649498022,A,O2 conc.A [nmol/mL],dataset_III,
627.1698113207547,149.6926393845516,A,O2 conc.A [nmol/mL],dataset_III,
627.2955974842768,149.8596568332068,A,O2 conc.A [nmol/mL],dataset_III,
627.4213836477987,149.9771824982638,A,O2 conc.A [nmol/mL],dataset_III,
627.5471698113207,149.957419922271,A,O2 conc.A [nmol/mL],dataset_III,
627.6729559748428,149.755344678506,A,O2 conc.A [nmol/mL],dataset_III,
627.7987421383648,149.8094439413396,A,O2 conc.A [nmol/mL],dataset_III,
627.9245283018868,149.7581219821371,A,O2 conc.A [nmol/mL],dataset_III,
628.0503144654087,149.9622217868307,A,O2 conc.A [nmol/mL],dataset_III,
628.1761006289308,149.5024902394683,A,O2 conc.A [nmol/mL],dataset_III,
628.3018867924528,149.8920891047721,A,O2 conc.A [nmol/mL],dataset_III,
628.4276729559748,149.2706047288385,A,O2 conc.A [nmol/mL],dataset_III,
628.5534591194969,149.8387907974279,A,O2 conc.A [nmol/mL],dataset_III,
628.6792452830189,149.7824128245811,A,O2 conc.A [nmol/mL],dataset_III,
628.8050314465409,149.7105931457185,A,O2 conc.A [nmol/mL],dataset_III,
628.930817610063,149.1698614141437,A,O2 conc.A [nmol/mL],dataset_III,
629.0566037735849,150.0870218272812,A,O2 conc.A [nmol/mL],dataset_III,
629.1823899371069,149.9122706590518,A,O2 conc.A [nmol/mL],dataset_III,
629.3081761006289,149.6863570190887,A,O2 conc.A [nmol/mL],dataset_III,
629.433962264151,149.7869988315304,A,O2 conc.A [nmol/mL],dataset_III,
629.559748427673,149.4298035240831,A,O2 conc.A [nmol/mL],dataset_III,
629.6855345911949,149.7850444132703,A,O2 conc.A [nmol/mL],dataset_III,
629.811320754717,150.0393249747186,A,O2 conc.A [nmol/mL],dataset_III,
629.937106918239,149.3471088535408,A,O2 conc.A [nmol/mL],dataset_III,
630.062893081761,150.3071466847651,A,O2 conc.A [nmol/mL],dataset_III,
630.188679245283,149.5170521369803,A,O2 conc.A [nmol/mL],dataset_III,
630.3144654088051,149.825463408295,A,O2 conc.A [nmol/mL],dataset_III,
630.440251572327,149.4044108076343,A,O2 conc.A [nmol/mL],dataset_III,
630.566037735849,149.7008669743209,A,O2 conc.A [nmol/mL],dataset_III,
630.6918238993711,149.2771077819027,A,O2 conc.A [nmol/mL],dataset_III,
630.8176100628931,149.4231711887807,A,O2 conc.A [nmol/mL],dataset_III,
630.9433962264151,149.523102435218,A,O2 conc.A [nmol/mL],dataset_III,
631.069182389937,149.4086184156378,A,O2 conc.A [nmol/mL],dataset_III,
631.1949685534591,149.5045433895232,A,O2 conc.A [nmol/mL],dataset_III,
631.3207547169811,149.8012161602381,A,O2 conc.A [nmol/mL],dataset_III,
631.4465408805031,149.2302837021819,A,O2 conc.A [nmol/mL],dataset_III,
631.5723270440252,149.2429437769903,A,O2 conc.A [nmol/mL],dataset_III,
631.6981132075472,149.545973947118,A,O2 conc.A [nmol/mL],dataset_III,
631.8238993710692,149.3854887786297,A,O2 conc.A [nmol/mL],dataset_III,
631.9496855345911,149.2679259954315,A,O2 conc.A [nmol/mL],dataset_III,
632.0754716981132,149.5441985199678,A,O2 conc.A [nmol/mL],dataset_III,
632.2012578616352,149.3624256715999,A,O2 conc.A [nmol/mL],dataset_III,
632.3270440251572,149.5798794976182,A,O2 conc.A [nmol/mL],dataset_III,
632.4528301886793,149.4782314937004,A,O2 conc.A [nmol/mL],dataset_III,
632.5786163522013,149.4301948489925,A,O2 conc.A [nmol/mL],dataset_III,
632.7044025157232,149.4557656481832,A,O2 conc.A [nmol/mL],dataset_III,
632.8301886792453,149.720962804352,A,O2 conc.A [nmol/mL],dataset_III,
632.9559748427673,149.7860058879728,A,O2 conc.A [nmol/mL],dataset_III,
633.0817610062893,149.4099057544027,A,O2 conc.A [nmol/mL],dataset_III,
633.2075471698113,149.184641997347,A,O2 conc.A [nmol/mL],dataset_III,
633.3333333333334,149.0566380522502,A,O2 conc.A [nmol/mL],dataset_III,
633.4591194968554,148.868393477471,A,O2 conc.A [nmol/mL],dataset_III,
633.5849056603773,149.1251260910715,A,O2 conc.A [nmol/mL],dataset_III,
633.7106918238994,149.198362216439,A,O2 conc.A [nmol/mL],dataset_III,
633.8364779874214,149.3906353176881,A,O2 conc.A [nmol/mL],dataset_III,
633.9622641509434,148.9259615610974,A,O2 conc.A [nmol/mL],dataset_III,
634.0880503144654,149.7458461314373,A,O2 conc.A [nmol/mL],dataset_III,
634.2138364779875,149.6466393307134,A,O2 conc.A [nmol/mL],dataset_III,
634.3396226415094,149.684370047048,A,O2 conc.A [nmol/mL],dataset_III,
634.4654088050314,149.2371819669122,A,O2 conc.A [nmol/mL],dataset_III,
634.5911949685535,149.4187318990354,A,O2 conc.A [nmol/mL],dataset_III,
634.7169811320755,149.1132175672786,A,O2 conc.A [nmol/mL],dataset_III,
634.8427672955975,149.7298381014963,A,O2 conc.A [nmol/mL],dataset_III,
634.9685534591194,149.031456507626,A,O2 conc.A [nmol/mL],dataset_III,
635.0943396226415,149.1986335057911,A,O2 conc.A [nmol/mL],dataset_III,
635.2201257861635,149.6752208683655,A,O2 conc.A [nmol/mL],dataset_III,
635.3459119496855,149.9341469909438,A,O2 conc.A [nmol/mL],dataset_III,
635.4716981132076,149.2810894061916,A,O2 conc.A [nmol/mL],dataset_III,
635.5974842767296,149.1927895326681,A,O2 conc.A [nmol/mL],dataset_III,
635.7232704402516,148.6618921680071,A,O2 conc.A [nmol/mL],dataset_III,
635.8490566037735,149.7086152195487,A,O2 conc.A [nmol/mL],dataset_III,
635.9748427672956,149.3503748230809,A,O2 conc.A [nmol/mL],dataset_III,
636.1006289308176,148.7946711366224,A,O2 conc.A [nmol/mL],dataset_III,
636.2264150943396,149.4758226282824,A,O2 conc.A [nmol/mL],dataset_III,
636.3522012578617,149.4037807885882,A,O2 conc.A [nmol/mL],dataset_III,
636.4779874213837,149.1540376254548,A,O2 conc.A [nmol/mL],dataset_III,
636.6037735849056,149.0955055021807,A,O2 conc.A [nmol/mL],dataset_III,
636.7295597484276,149.4098229887831,A,O2 conc.A [nmol/mL],dataset_III,
636.8553459119497,149.2781050541928,A,O2 conc.A [nmol/mL],dataset_III,
636.9811320754717,149.3336541944138,A,O2 conc.A [nmol/mL],dataset_III,
637.1069182389937,149.5108965302221,A,O2 conc.A [nmol/mL],dataset_III,
637.2327044025158,149.494897398588,A,O2 conc.A [nmol/mL],dataset_III,
637.3584905660377,149.3790552497682,A,O2 conc.A [nmol/mL],dataset_III,
637.4842767295597,149.3275752125869,A,O2 conc.A [nmol/mL],dataset_III,
637.6100628930817,148.8540349187857,A,O2 conc.A [nmol/mL],dataset_III,
637.7358490566038,148.8870433711408,A,O2 conc.A [nmol/mL],dataset_III,
637.8616352201258,149.3628659055619,A,O2 conc.A [nmol/mL],dataset_III,
637.9874213836478,149.3123629838379,A,O2 conc.A [nmol/mL],dataset_III,
638.1132075471698,149.2724347876251,A,O2 conc.A [nmol/mL],dataset_III,
638.2389937106918,149.3453032130118,A,O2 conc.A [nmol/mL],dataset_III,
638.3647798742138,148.9890426420442,A,O2 conc.A [nmol/mL],dataset_III,
638.4905660377358,149.2611013999429,A,O2 conc.A [nmol/mL],dataset_III,
638.6163522012579,148.8649773520114,A,O2 conc.A [nmol/mL],dataset_III,
638.7421383647799,149.120119703258,A,O2 conc.A [nmol/mL],dataset_III,
638.8679245283018,149.3291832188645,A,O2 conc.A [nmol/mL],dataset_III,
638.9937106918239,148.9199626775775,A,O2 conc.A [nmol/mL],dataset_III,
639.1194968553459,149.5697328410871,A,O2 conc.A [nmol/mL],dataset_III,
639.2452830188679,149.3573527943507,A,O2 conc.A [nmol/mL],dataset_III,
639.37106918239,149.4091867726484,A,O2 conc.A [nmol/mL],dataset_III,
639.496855345912,149.0056979468983,A,O2 conc.A [nmol/mL],dataset_III,
639.622641509434,148.7035767510011,A,O2 conc.A [nmol/mL],dataset_III,
639.7484276729559,148.8684937158578,A,O2 conc.A [nmol/mL],dataset_III,
639.874213836478,149.1733849796155,A,O2 conc.A [nmol/mL],dataset_III,
640.0,148.9580445415245,A,O2 conc.A [nmol/mL],dataset_III,
640.125786163522,149.2004636551243,A,O2 conc.A [nmol/mL],dataset_III,
640.2515723270441,149.0500631555444,A,O2 conc.A [nmol/mL],dataset_III,
640.377358490566,148.8573380510647,A,O2 conc.A [nmol/mL],dataset_III,
640.503144654088,149.2306573747951,A,O2 conc.A [nmol/mL],dataset_III,
640.62893081761,149.3273667906799,A,O2 conc.A [nmol/mL],dataset_III,
640.7547169811321,148.7987203757764,A,O2 conc.A [nmol/mL],dataset_III,
640.8805031446541,149.1020616475311,A,O2 conc.A [nmol/mL],dataset_III,
641.0062893081761,149.0055603499796,A,O2 conc.A [nmol/mL],dataset_III,
641.1320754716982,149.0289587832591,A,O2 conc.A [nmol/mL],dataset_III,
641.2578616352201,148.925039065131,A,O2 conc.A [nmol/mL],dataset_III,
641.3836477987421,148.6302226369709,A,O2 conc.A [nmol/mL],dataset_III,
641.5094339622642,149.2881009972401,A,O2 conc.A [nmol/mL],dataset_III,
641.6352201257862,148.6671491542471,A,O2 conc.A [nmol/mL],dataset_III,
641.7610062893082,148.7027175996445,A,O2 conc.A [nmol/mL],dataset_III,
641.8867924528302,149.0767688954534,A,O2 conc.A [nmol/mL],dataset_III,
642.0125786163522,148.9499970104732,A,O2 conc.A [nmol/mL],dataset_III,
642.1383647798742,148.6983461131919,A,O2 conc.A [nmol/mL],dataset_III,
642.2641509433962,148.725295592723,A,O2 conc.A [nmol/mL],dataset_III,
642.3899371069183,148.8423351272991,A,O2 conc.A [nmol/mL],dataset_III,
642.5157232704403,148.7653160181814,A,O2 conc.A [nmol/mL],dataset_III,
642.6415094339623,149.0282952073513,A,O2 conc.A [nmol/mL],dataset_III,
642.7672955974842,148.5679359099398,A,O2 conc.A [nmol/mL],dataset_III,
642.8930817610063,148.9421479224568,A,O2 conc.A [nmol/mL],dataset_III,
643.0188679245283,149.2262785203047,A,O2 conc.A [nmol/mL],dataset_III,
643.1446540880503,148.8863124271406,A,O2 conc.A [nmol/mL],dataset_III,
643.2704402515724,148.6062255901275,A,O2 conc.A [nmol/mL],dataset_III,
643.3962264150944,148.6398663848863,A,O2 conc.A [nmol/mL],dataset_III,
643.5220125786163,148.8238691875133,A,O2 conc.A [nmol/mL],dataset_III,
643.6477987421383,148.6492266098564,A,O2 conc.A [nmol/mL],dataset_III,
643.7735849056604,149.1062577628265,A,O2 conc.A [nmol/mL],dataset_III,
643.8993710691824,148.3298383336251,A,O2 conc.A [nmol/mL],dataset_III,
644.0251572327044,149.192002025662,A,O2 conc.A [nmol/mL],dataset_III,
644.1509433962265,148.268340930941,A,O2 conc.A [nmol/mL],dataset_III,
644.2767295597484,148.7566632291657,A,O2 conc.A [nmol/mL],dataset_III,
644.4025157232704,148.488499459519,A,O2 conc.A [nmol/mL],dataset_III,
644.5283018867924,148.9566153835106,A,O2 conc.A [nmol/mL],dataset_III,
644.6540880503145,148.5503882178378,A,O2 conc.A [nmol/mL],dataset_III,
644.7798742138365,148.4529567381954,A,O2 conc.A [nmol/mL],dataset_III,
644.9056603773585,148.6435445177753,A,O2 conc.A [nmol/mL],dataset_III,
645.0314465408806,148.6181256505368,A,O2 conc.A [nmol/mL],dataset_III,
645.1572327044025,148.2294473565716,A,O2 conc.A [nmol/mL],dataset_III,
645.2830188679245,148.8191609887519,A,O2 conc.A [nmol/mL],dataset_III,
645.4088050314465,148.0997026431372,A,O2 conc.A [nmol/mL],dataset_III,
645.5345911949686,148.9842704071978,A,O2 conc.A [nmol/mL],dataset_III,
645.6603773584906,148.5999969235779,A,O2 conc.A [nmol/mL],dataset_III,
645.7861635220125,148.9130919002976,A,O2 conc.A [nmol/mL],dataset_III,
645.9119496855346,148.5170277223538,A,O2 conc.A [nmol/mL],dataset_III,
646.0377358490566,148.4612175651212,A,O2 conc.A [nmol/mL],dataset_III,
646.1635220125786,148.8147584303948,A,O2 conc.A [nmol/mL],dataset_III,
646.2893081761006,148.4981135188532,A,O2 conc.A [nmol/mL],dataset_III,
646.4150943396227,148.2495740012076,A,O2 conc.A [nmol/mL],dataset_III,
646.5408805031446,148.6070333657509,A,O2 conc.A [nmol/mL],dataset_III,
646.6666666666666,148.2768622464507,A,O2 conc.A [nmol/mL],dataset_III,
646.7924528301887,148.6102299055501,A,O2 conc.A [nmol/mL],dataset_III,
646.9182389937107,148.9505186496232,A,O2 conc.A [nmol/mL],dataset_III,
647.0440251572327,148.8387779313733,A,O2 conc.A [nmol/mL],dataset_III,
647.1698113207547,148.5909008335113,A,O2 conc.A [nmol/mL],dataset_III,
647.2955974842768,148.5413352819615,A,O2 conc.A [nmol/mL],dataset_III,
647.4213836477987,148.4958956780665,A,O2 conc.A [nmol/mL],dataset_III,
647.5471698113207,148.4080327414167,A,O2 conc.A [nmol/mL],dataset_III,
647.6729559748428,148.6485146242766,A,O2 conc.A [nmol/mL],dataset_III,
647.7987421383648,148.5126019427643,A,O2 conc.A [nmol/mL],dataset_III,
647.9245283018868,148.4489754920034,A,O2 conc.A [nmol/mL],dataset_III,
648.0503144654087,148.6042392781185,A,O2 conc.A [nmol/mL],dataset_III,
648.1761006289308,148.0244602235477,A,O2 conc.A [nmol/mL],dataset_III,
648.3018867924528,149.0105015145939,A,O2 conc.A [nmol/mL],dataset_III,
648.4276729559748,148.6712419934672,A,O2 conc.A [nmol/mL],dataset_III,
648.5534591194969,148.1575947657246,A,O2 conc.A [nmol/mL],dataset_III,
648.6792452830189,148.5271242870773,A,O2 conc.A [nmol/mL],dataset_III,
648.8050314465409,148.2084184352631,A,O2 conc.A [nmol/mL],dataset_III,
648.930817610063,148.3481997005545,A,O2 conc.A [nmol/mL],dataset_III,
649.0566037735849,148.251566493042,A,O2 conc.A [nmol/mL],dataset_III,
649.1823899371069,148.740636120817,A,O2 conc.A [nmol/mL],dataset_III,
649.3081761006289,147.9798146085329,A,O2 conc.A [nmol/mL],dataset_III,
649.433962264151,148.3637266877589,A,O2 conc.A [nmol/mL],dataset_III,
649.559748427673,148.0323863607958,A,O2 conc.A [nmol/mL],dataset_III,
649.6855345911949,148.4318667596265,A,O2 conc.A [nmol/mL],dataset_III,
649.811320754717,148.3498792236398,A,O2 conc.A [nmol/mL],dataset_III,
649.937106918239,148.0699533119838,A,O2 conc.A [nmol/mL],dataset_III,
650.062893081761,148.7738939582796,A,O2 conc.A [nmol/mL],dataset_III,
650.188679245283,148.7971481471369,A,O2 conc.A [nmol/mL],dataset_III,
650.3144654088051,148.2575688553741,A,O2 conc.A [nmol/mL],dataset_III,
650.440251572327,148.5214235922918,A,O2 conc.A [nmol/mL],dataset_III,
650.566037735849,148.3460669378662,A,O2 conc.A [nmol/mL],dataset_III,
650.6918238993711,148.4364558477722,A,O2 conc.A [nmol/mL],dataset_III,
650.8176100628931,148.750955475071,A,O2 conc.A [nmol/mL],dataset_III,
650.9433962264151,148.2930896438544,A,O2 conc.A [nmol/mL],dataset_III,
651.069182389937,148.8006187314503,A,O2 conc.A [nmol/mL],dataset_III,
651.1949685534591,148.2728552104573,A,O2 conc.A [nmol/mL],dataset_III,
651.3207547169811,148.3138425034857,A,O2 conc.A [nmol/mL],dataset_III,
651.4465408805031,148.8018874097157,A,O2 conc.A [nmol/mL],dataset_III,
651.5723270440252,148.3906894129153,A,O2 conc.A [nmol/mL],dataset_III,
651.6981132075472,147.8062267684144,A,O2 conc.A [nmol/mL],dataset_III,
651.8238993710692,148.362739958824,A,O2 conc.A [nmol/mL],dataset_III,
651.9496855345913,147.9784029959006,A,O2 conc.A [nmol/mL],dataset_III,
652.0754716981132,147.8755426431453,A,O2 conc.A [nmol/mL],dataset_III,
652.2012578616352,148.0478597139813,A,O2 conc.A [nmol/mL],dataset_III,
652.3270440251572,148.3573675883216,A,O2 conc.A [nmol/mL],dataset_III,
652.4528301886793,147.9898326432778,A,O2 conc.A [nmol/mL],dataset_III,
652.5786163522013,147.9101869924292,A,O2 conc.A [nmol/mL],dataset_III,
652.7044025157232,148.1578882998537,A,O2 conc.A [nmol/mL],dataset_III,
652.8301886792453,148.3463084082177,A,O2 conc.A [nmol/mL],dataset_III,
652.9559748427673,148.0633882383961,A,O2 conc.A [nmol/mL],dataset_III,
653.0817610062893,147.9032007763399,A,O2 conc.A [nmol/mL],dataset_III,
653.2075471698113,147.6789637824173,A,O2 conc.A [nmol/mL],dataset_III,
653.3333333333334,148.0204133771965,A,O2 conc.A [nmol/mL],dataset_III,
653.4591194968554,148.4178681728475,A,O2 conc.A [nmol/mL],dataset_III,
653.5849056603773,148.4496406809784,A,O2 conc.A [nmol/mL],dataset_III,
653.7106918238994,148.3888980518315,A,O2 conc.A [nmol/mL],dataset_III,
653.8364779874214,148.13994944165,A,O2 conc.A [nmol/mL],dataset_III,
653.9622641509434,148.20843716139,A,O2 conc.A [nmol/mL],dataset_III,
654.0880503144654,148.4853522401014,A,O2 conc.A [nmol/mL],dataset_III,
654.2138364779875,147.9435840851738,A,O2 conc.A [nmol/mL],dataset_III,
654.3396226415094,148.2440993992476,A,O2 conc.A [nmol/mL],dataset_III,
654.4654088050314,147.677683469478,A,O2 conc.A [nmol/mL],dataset_III,
654.5911949685535,148.3083090472719,A,O2 conc.A [nmol/mL],dataset_III,
654.7169811320755,148.0173009353406,A,O2 conc.A [nmol/mL],dataset_III,
654.8427672955975,147.8334808995563,A,O2 conc.A [nmol/mL],dataset_III,
654.9685534591194,148.3079243086649,A,O2 conc.A [nmol/mL],dataset_III,
655.0943396226415,147.8292341468428,A,O2 conc.A [nmol/mL],dataset_III,
655.2201257861635,147.8825495286409,A,O2 conc.A [nmol/mL],dataset_III,
655.3459119496855,148.4759016168356,A,O2 conc.A [nmol/mL],dataset_III,
655.4716981132076,147.8225178036543,A,O2 conc.A [nmol/mL],dataset_III,
655.5974842767296,147.9123498813442,A,O2 conc.A [nmol/mL],dataset_III,
655.7232704402516,147.8978645778102,A,O2 conc.A [nmol/mL],dataset_III,
655.8490566037735,148.257205502681,A,O2 conc.A [nmol/mL],dataset_III,
655.9748427672956,147.5943544035555,A,O2 conc.A [nmol/mL],dataset_III,
656.1006289308176,148.3582583119181,A,O2 conc.A [nmol/mL],dataset_III,
656.2264150943396,147.9771479884495,A,O2 conc.A [nmol/mL],dataset_III,
656.3522012578617,147.951096929042,A,O2 conc.A [nmol/mL],dataset_III,
656.4779874213837,147.7984702268021,A,O2 conc.A [nmol/mL],dataset_III,
656.6037735849056,147.9786048123979,A,O2 conc.A [nmol/mL],dataset_III,
656.7295597484276,148.3748930882244,A,O2 conc.A [nmol/mL],dataset_III,
656.8553459119497,148.0528348674982,A,O2 conc.A [nmol/mL],dataset_III,
656.9811320754717,147.7588137862055,A,O2 conc.A [nmol/mL],dataset_III,
657.1069182389937,147.897437106796,A,O2 conc.A [nmol/mL],dataset_III,
657.2327044025158,148.1102162273892,A,O2 conc.A [nmol/mL],dataset_III,
657.3584905660377,147.990261292077,A,O2 conc.A [nmol/mL],dataset_III,
657.4842767295597,147.8969294394373,A,O2 conc.A [nmol/mL],dataset_III,
657.6100628930817,148.104727378907,A,O2 conc.A [nmol/mL],dataset_III,
657.7358490566038,148.0361828851958,A,O2 conc.A [nmol/mL],dataset_III,
657.8616352201258,147.6688092735234,A,O2 conc.A [nmol/mL],dataset_III,
657.9874213836478,147.4518362524408,A,O2 conc.A [nmol/mL],dataset_III,
658.1132075471698,148.0480144546179,A,O2 conc.A [nmol/mL],dataset_III,
658.2389937106918,148.3795804974397,A,O2 conc.A [nmol/mL],dataset_III,
658.3647798742138,147.7023636818386,A,O2 conc.A [nmol/mL],dataset_III,
658.4905660377358,147.8646206643885,A,O2 conc.A [nmol/mL],dataset_III,
658.6163522012579,148.2307210026363,A,O2 conc.A [nmol/mL],dataset_III,
658.7421383647799,148.3194362116785,A,O2 conc.A [nmol/mL],dataset_III,
658.8679245283018,147.8931637555469,A,O2 conc.A [nmol/mL],dataset_III,
658.9937106918239,148.1816131654529,A,O2 conc.A [nmol/mL],dataset_III,
659.1194968553459,148.0491674029241,A,O2 conc.A [nmol/mL],dataset_III,
659.2452830188679,147.7148820409623,A,O2 conc.A [nmol/mL],dataset_III,
659.37106918239,147.3414601323832,A,O2 conc.A [nmol/mL],dataset_III,
659.496855345912,147.611133209773,A,O2 conc.A [nmol/mL],dataset_III,
659.622641509434,147.9231244963328,A,O2 conc.A [nmol/mL],dataset_III,
659.7484276729559,147.9279579353449,A,O2 conc.A [nmol/mL],dataset_III,
659.874213836478,147.6899101521765,A,O2 conc.A [nmol/mL],dataset_III,
660.0,147.5933733596828,A,O2 conc.A [nmol/mL],dataset_III,FCCP_4
660.125786163522,147.4000490846885,A,O2 conc.A [nmol/mL],dataset_III,
660.2515723270441,147.3723690205283,A,O2 conc.A [nmol/mL],dataset_III,
660.377358490566,147.7542494410285,A,O2 conc.A [nmol/mL],dataset_III,
660.503144654088,147.3834230198126,A,O2 conc.A [nmol/mL],dataset_III,
660.62893081761,147.7656570173607,A,O2 conc.A [nmol/mL],dataset_III,
660.7547169811321,147.5622652999336,A,O2 conc.A [nmol/mL],dataset_III,
660.8805031446541,147.6475463853604,A,O2 conc.A [nmol/mL],dataset_III,
661.0062893081761,148.2777564476577,A,O2 conc.A [nmol/mL],dataset_III,
661.1320754716982,147.7508071596741,A,O2 conc.A [nmol/mL],dataset_III,
661.2578616352201,147.6451802807384,A,O2 conc.A [nmol/mL],dataset_III,
661.3836477987421,147.6800615342192,A,O2 conc.A [nmol/mL],dataset_III,
661.5094339622641,147.347308171407,A,O2 conc.A [nmol/mL],dataset_III,
661.6352201257862,148.0428367725368,A,O2 conc.A [nmol/mL],dataset_III,
661.7610062893082,147.9123305442421,A,O2 conc.A [nmol/mL],dataset_III,
661.8867924528302,147.5597046379414,A,O2 conc.A [nmol/mL],dataset_III,
662.0125786163522,147.7423524405596,A,O2 conc.A [nmol/mL],dataset_III,
662.1383647798742,147.5094629403428,A,O2 conc.A [nmol/mL],dataset_III,
662.2641509433962,147.7687546486781,A,O2 conc.A [nmol/mL],dataset_III,
662.3899371069182,147.3262681271738,A,O2 conc.A [nmol/mL],dataset_III,
662.5157232704403,147.7212059440017,A,O2 conc.A [nmol/mL],dataset_III,
662.6415094339623,148.0219826854474,A,O2 conc.A [nmol/mL],dataset_III,
662.7672955974842,147.7505624979843,A,O2 conc.A [nmol/mL],dataset_III,
662.8930817610063,147.4837967822014,A,O2 conc.A [nmol/mL],dataset_III,
663.0188679245283,147.8610885747101,A,O2 conc.A [nmol/mL],dataset_III,
663.1446540880503,148.1036087773509,A,O2 conc.A [nmol/mL],dataset_III,
663.2704402515724,147.7910334821046,A,O2 conc.A [nmol/mL],dataset_III,
663.3962264150944,147.6249354197032,A,O2 conc.A [nmol/mL],dataset_III,
663.5220125786163,147.3923992746144,A,O2 conc.A [nmol/mL],dataset_III,
663.6477987421383,147.6941905505324,A,O2 conc.A [nmol/mL],dataset_III,
663.7735849056604,148.0581744134927,A,O2 conc.A [nmol/mL],dataset_III,
663.8993710691824,147.0657146165404,A,O2 conc.A [nmol/mL],dataset_III,
664.0251572327044,147.8065839422436,A,O2 conc.A [nmol/mL],dataset_III,
664.1509433962265,147.5915364832532,A,O2 conc.A [nmol/mL],dataset_III,
664.2767295597484,147.9252546124478,A,O2 conc.A [nmol/mL],dataset_III,
664.4025157232704,147.5072586151915,A,O2 conc.A [nmol/mL],dataset_III,
664.5283018867924,146.9906386685656,A,O2 conc.A [nmol/mL],dataset_III,
664.6540880503145,148.0217555638519,A,O2 conc.A [nmol/mL],dataset_III,
664.7798742138365,147.2263774132254,A,O2 conc.A [nmol/mL],dataset_III,
664.9056603773585,147.7086301109669,A,O2 conc.A [nmol/mL],dataset_III,
665.0314465408806,147.4689844013752,A,O2 conc.A [nmol/mL],dataset_III,
665.1572327044025,147.4833073134093,A,O2 conc.A [nmol/mL],dataset_III,
665.2830188679245,147.5199367646775,A,O2 conc.A [nmol/mL],dataset_III,
665.4088050314465,147.3413911961176,A,O2 conc.A [nmol/mL],dataset_III,
665.5345911949686,147.5168305883611,A,O2 conc.A [nmol/mL],dataset_III,
665.6603773584906,147.5394302885833,A,O2 conc.A [nmol/mL],dataset_III,
665.7861635220125,147.6552385822853,A,O2 conc.A [nmol/mL],dataset_III,
665.9119496855346,147.4784207263863,A,O2 conc.A [nmol/mL],dataset_III,
666.0377358490566,147.5191652943308,A,O2 conc.A [nmol/mL],dataset_III,
666.1635220125786,147.7638652899551,A,O2 conc.A [nmol/mL],dataset_III,
666.2893081761006,147.1986406111918,A,O2 conc.A [nmol/mL],dataset_III,
666.4150943396227,147.4340089410476,A,O2 conc.A [nmol/mL],dataset_III,
666.5408805031446,147.5283779979595,A,O2 conc.A [nmol/mL],dataset_III,
666.6666666666666,147.6599858720506,A,O2 conc.A [nmol/mL],dataset_III,
666.7924528301887,147.3775581373239,A,O2 conc.A [nmol/mL],dataset_III,
666.9182389937107,147.4106177959089,A,O2 conc.A [nmol/mL],dataset_III,
667.0440251572327,147.2918707424409,A,O2 conc.A [nmol/mL],dataset_III,
667.1698113207547,147.6804983833887,A,O2 conc.A [nmol/mL],dataset_III,
667.2955974842768,147.2824682649186,A,O2 conc.A [nmol/mL],dataset_III,
667.4213836477987,147.5264113287443,A,O2 conc.A [nmol/mL],dataset_III,
667.5471698113207,147.3219463054747,A,O2 conc.A [nmol/mL],dataset_III,
667.6729559748428,147.3474531605475,A,O2 conc.A [nmol/mL],dataset_III,
667.7987421383648,147.0263043250884,A,O2 conc.A [nmol/mL],dataset_III,
667.9245283018868,147.3385737942982,A,O2 conc.A [nmol/mL],dataset_III,
668.0503144654089,147.3093111487259,A,O2 conc.A [nmol/mL],dataset_III,
668.1761006289308,146.9381494436934,A,O2 conc.A [nmol/mL],dataset_III,
668.3018867924528,147.1162663611493,A,O2 conc.A [nmol/mL],dataset_III,
668.4276729559748,147.1802402832665,A,O2 conc.A [nmol/mL],dataset_III,
668.5534591194969,146.9038541023771,A,O2 conc.A [nmol/mL],dataset_III,
668.6792452830189,146.9740662023386,A,O2 conc.A [nmol/mL],dataset_III,
668.8050314465409,147.6380748655837,A,O2 conc.A [nmol/mL],dataset_III,
668.930817610063,147.0055153283035,A,O2 conc.A [nmol/mL],dataset_III,
669.0566037735849,147.0411683335194,A,O2 conc.A [nmol/mL],dataset_III,
669.1823899371069,146.8987244472417,A,O2 conc.A [nmol/mL],dataset_III,
669.3081761006289,147.5468371005121,A,O2 conc.A [nmol/mL],dataset_III,
669.433962264151,147.4618705581805,A,O2 conc.A [nmol/mL],dataset_III,
669.559748427673,147.3041995687062,A,O2 conc.A [nmol/mL],dataset_III,
669.6855345911949,147.2380324873153,A,O2 conc.A [nmol/mL],dataset_III,
669.811320754717,147.0863307720932,A,O2 conc.A [nmol/mL],dataset_III,
669.937106918239,147.1305238179909,A,O2 conc.A [nmol/mL],dataset_III,
670.062893081761,147.0254143225253,A,O2 conc.A [nmol/mL],dataset_III,
670.188679245283,147.3508467598243,A,O2 conc.A [nmol/mL],dataset_III,
670.3144654088051,147.3516553928345,A,O2 conc.A [nmol/mL],dataset_III,
670.440251572327,147.3990907995235,A,O2 conc.A [nmol/mL],dataset_III,
670.566037735849,147.6754843469032,A,O2 conc.A [nmol/mL],dataset_III,
670.6918238993711,147.3323796412666,A,O2 conc.A [nmol/mL],dataset_III,
670.8176100628931,147.3065464827409,A,O2 conc.A [nmol/mL],dataset_III,
670.9433962264151,147.3911657672848,A,O2 conc.A [nmol/mL],dataset_III,
671.069182389937,146.7470657036703,A,O2 conc.A [nmol/mL],dataset_III,
671.1949685534591,147.1260781794982,A,O2 conc.A [nmol/mL],dataset_III,
671.3207547169811,146.739096234366,A,O2 conc.A [nmol/mL],dataset_III,
671.4465408805031,147.5038618950933,A,O2 conc.A [nmol/mL],dataset_III,
671.5723270440252,146.9786233461039,A,O2 conc.A [nmol/mL],dataset_III,
671.6981132075472,147.5374828388139,A,O2 conc.A [nmol/mL],dataset_III,
671.8238993710692,147.3519103178314,A,O2 conc.A [nmol/mL],dataset_III,
671.9496855345911,146.9407973879247,A,O2 conc.A [nmol/mL],dataset_III,
672.0754716981132,146.6562417128922,A,O2 conc.A [nmol/mL],dataset_III,
672.2012578616352,146.7825059000914,A,O2 conc.A [nmol/mL],dataset_III,
672.3270440251572,147.3155174319337,A,O2 conc.A [nmol/mL],dataset_III,
672.4528301886793,146.9678383778948,A,O2 conc.A [nmol/mL],dataset_III,
672.5786163522013,146.6701696524784,A,O2 conc.A [nmol/mL],dataset_III,
672.7044025157232,146.9766398947591,A,O2 conc.A [nmol/mL],dataset_III,
672.8301886792453,147.4483212180084,A,O2 conc.A [nmol/mL],dataset_III,
672.9559748427673,147.4197808301722,A,O2 conc.A [nmol/mL],dataset_III,
673.0817610062893,146.8915269722211,A,O2 conc.A [nmol/mL],dataset_III,
673.2075471698113,147.0791542063752,A,O2 conc.A [nmol/mL],dataset_III,
673.3333333333334,147.1476387373086,A,O2 conc.A [nmol/mL],dataset_III,
673.4591194968554,146.6169879099692,A,O2 conc.A [nmol/mL],dataset_III,
673.5849056603773,146.8458754730575,A,O2 conc.A [nmol/mL],dataset_III,
673.7106918238994,146.8700796458575,A,O2 conc.A [nmol/mL],dataset_III,
673.8364779874214,147.0647729332665,A,O2 conc.A [nmol/mL],dataset_III,
673.9622641509434,146.8285114518177,A,O2 conc.A [nmol/mL],dataset_III,
674.0880503144654,146.5990669297732,A,O2 conc.A [nmol/mL],dataset_III,
674.2138364779875,147.0217922783854,A,O2 conc.A [nmol/mL],dataset_III,
674.3396226415094,146.7725656315842,A,O2 conc.A [nmol/mL],dataset_III,
674.4654088050314,146.6184203200669,A,O2 conc.A [nmol/mL],dataset_III,
674.5911949685535,146.6113720639961,A,O2 conc.A [nmol/mL],dataset_III,
674.7169811320755,146.8543035782491,A,O2 conc.A [nmol/mL],dataset_III,
674.8427672955975,147.2651393126171,A,O2 conc.A [nmol/mL],dataset_III,
674.9685534591194,146.8510654580485,A,O2 conc.A [nmol/mL],dataset_III,
675.0943396226415,147.155310118909,A,O2 conc.A [nmol/mL],dataset_III,
675.2201257861635,146.3178228544321,A,O2 conc.A [nmol/mL],dataset_III,
675.3459119496855,146.6620173732442,A,O2 conc.A [nmol/mL],dataset_III,
675.4716981132076,146.5495120736281,A,O2 conc.A [nmol/mL],dataset_III,
675.5974842767296,146.7876976313755,A,O2 conc.A [nmol/mL],dataset_III,
675.7232704402516,147.041212025066,A,O2 conc.A [nmol/mL],dataset_III,
675.8490566037735,146.7043735135892,A,O2 conc.A [nmol/mL],dataset_III,
675.9748427672956,146.5221941944031,A,O2 conc.A [nmol/mL],dataset_III,
676.1006289308176,147.062578862062,A,O2 conc.A [nmol/mL],dataset_III,
676.2264150943396,146.627437776008,A,O2 conc.A [nmol/mL],dataset_III,
676.3522012578617,146.8784373243376,A,O2 conc.A [nmol/mL],dataset_III,
676.4779874213837,146.6363753765681,A,O2 conc.A [nmol/mL],dataset_III,
676.6037735849056,146.9242332181533,A,O2 conc.A [nmol/mL],dataset_III,
676.7295597484276,146.6913916940987,A,O2 conc.A [nmol/mL],dataset_III,
676.8553459119497,146.9783948334842,A,O2 conc.A [nmol/mL],dataset_III,
676.9811320754717,146.927183377677,A,O2 conc.A [nmol/mL],dataset_III,
677.1069182389937,147.3195765303094,A,O2 conc.A [nmol/mL],dataset_III,
677.2327044025158,146.7365424627142,A,O2 conc.A [nmol/mL],dataset_III,
677.3584905660377,146.5050801241316,A,O2 conc.A [nmol/mL],dataset_III,
677.4842767295597,146.4509605376842,A,O2 conc.A [nmol/mL],dataset_III,
677.6100628930817,146.584237476454,A,O2 conc.A [nmol/mL],dataset_III,
677.7358490566038,146.819722219209,A,O2 conc.A [nmol/mL],dataset_III,
677.8616352201258,146.5397642827927,A,O2 conc.A [nmol/mL],dataset_III,
677.9874213836478,147.090289316145,A,O2 conc.A [nmol/mL],dataset_III,
678.1132075471698,146.7529538676976,A,O2 conc.A [nmol/mL],dataset_III,
678.2389937106918,146.4509464823576,A,O2 conc.A [nmol/mL],dataset_III,
678.3647798742138,146.5717898034343,A,O2 conc.A [nmol/mL],dataset_III,
678.4905660377359,146.5202598978769,A,O2 conc.A [nmol/mL],dataset_III,
678.6163522012579,146.7167487200024,A,O2 conc.A [nmol/mL],dataset_III,
678.7421383647799,146.408165396012,A,O2 conc.A [nmol/mL],dataset_III,
678.8679245283018,146.9773267733889,A,O2 conc.A [nmol/mL],dataset_III,
678.9937106918239,146.560085252871,A,O2 conc.A [nmol/mL],dataset_III,
679.1194968553459,146.5821695643388,A,O2 conc.A [nmol/mL],dataset_III,
679.2452830188679,146.8646038679907,A,O2 conc.A [nmol/mL],dataset_III,
679.37106918239,146.4390252788646,A,O2 conc.A [nmol/mL],dataset_III,
679.496855345912,146.6181273696665,A,O2 conc.A [nmol/mL],dataset_III,
679.622641509434,147.0588505131283,A,O2 conc.A [nmol/mL],dataset_III,
679.7484276729559,146.7059097616813,A,O2 conc.A [nmol/mL],dataset_III,
679.874213836478,146.6689065890521,A,O2 conc.A [nmol/mL],dataset_III,
680.0,146.4686789100253,A,O2 conc.A [nmol/mL],dataset_III,
680.125786163522,146.3315446302491,A,O2 conc.A [nmol/mL],dataset_III,
680.2515723270441,147.0096337986441,A,O2 conc.A [nmol/mL],dataset_III,
680.377358490566,146.5247314474092,A,O2 conc.A [nmol/mL],dataset_III,
680.503144654088,147.0315831650884,A,O2 conc.A [nmol/mL],dataset_III,
680.62893081761,146.378438534096,A,O2 conc.A [nmol/mL],dataset_III,
680.7547169811321,146.8554773120859,A,O2 conc.A [nmol/mL],dataset_III,
680.8805031446541,146.4827368187725,A,O2 conc.A [nmol/mL],dataset_III,
681.0062893081761,146.6305883474252,A,O2 conc.A [nmol/mL],dataset_III,
681.1320754716982,146.8228969605738,A,O2 conc.A [nmol/mL],dataset_III,
681.2578616352201,146.6214303474833,A,O2 conc.A [nmol/mL],dataset_III,
681.3836477987421,146.7040178440185,A,O2 conc.A [nmol/mL],dataset_III,
681.5094339622641,146.104968075475,A,O2 conc.A [nmol/mL],dataset_III,
681.6352201257862,146.3728519966928,A,O2 conc.A [nmol/mL],dataset_III,
681.7610062893082,146.9915265019608,A,O2 conc.A [nmol/mL],dataset_III,
681.8867924528302,146.4153970644783,A,O2 conc.A [nmol/mL],dataset_III,
682.0125786163522,146.5446654700355,A,O2 conc.A [nmol/mL],dataset_III,
682.1383647798742,146.4165625154791,A,O2 conc.A [nmol/mL],dataset_III,
682.2641509433962,146.2942673459207,A,O2 conc.A [nmol/mL],dataset_III,
682.3899371069183,146.0684740300917,A,O2 conc.A [nmol/mL],dataset_III,
682.5157232704403,146.1488802025813,A,O2 conc.A [nmol/mL],dataset_III,
682.6415094339623,146.8472851045791,A,O2 conc.A [nmol/mL],dataset_III,
682.7672955974842,146.3992042707404,A,O2 conc.A [nmol/mL],dataset_III,
682.8930817610063,146.114094165652,A,O2 conc.A [nmol/mL],dataset_III,
683.0188679245283,146.1776068680456,A,O2 conc.A [nmol/mL],dataset_III,
683.1446540880503,146.614307268552,A,O2 conc.A [nmol/mL],dataset_III,
683.2704402515724,146.1514895244275,A,O2 conc.A [nmol/mL],dataset_III,
683.3962264150944,146.2242659450384,A,O2 conc.A [nmol/mL],dataset_III,
683.5220125786163,146.0937723972108,A,O2 conc.A [nmol/mL],dataset_III,
683.6477987421383,146.0504751365384,A,O2 conc.A [nmol/mL],dataset_III,
683.7735849056604,146.7698498962142,A,O2 conc.A [nmol/mL],dataset_III,
683.8993710691824,146.3146890910984,A,O2 conc.A [nmol/mL],dataset_III,
684.0251572327044,146.2618616457677,A,O2 conc.A [nmol/mL],dataset_III,
684.1509433962265,146.1842028630847,A,O2 conc.A [nmol/mL],dataset_III,
684.2767295597484,146.5050053855809,A,O2 conc.A [nmol/mL],dataset_III,
684.4025157232704,146.3345868904478,A,O2 conc.A [nmol/mL],dataset_III,
684.5283018867924,146.3846313426421,A,O2 conc.A [nmol/mL],dataset_III,
684.6540880503145,146.3380893104022,A,O2 conc.A [nmol/mL],dataset_III,
684.7798742138365,146.2068693224716,A,O2 conc.A [nmol/mL],dataset_III,
684.9056603773585,146.1683045188269,A,O2 conc.A [nmol/mL],dataset_III,
685.0314465408806,145.847128000627,A,O2 conc.A [nmol/mL],dataset_III,
685.1572327044025,146.1502358687895,A,O2 conc.A [nmol/mL],dataset_III,
685.2830188679245,146.8063967979651,A,O2 conc.A [nmol/mL],dataset_III,
685.4088050314465,145.9479750594142,A,O2 conc.A [nmol/mL],dataset_III,
685.5345911949686,146.2512540705078,A,O2 conc.A [nmol/mL],dataset_III,
685.6603773584906,146.3264193594796,A,O2 conc.A [nmol/mL],dataset_III,
685.7861635220125,146.533321176471,A,O2 conc.A [nmol/mL],dataset_III,
685.9119496855346,146.8917109417856,A,O2 conc.A [nmol/mL],dataset_III,
686.0377358490566,146.1202697033621,A,O2 conc.A [nmol/mL],dataset_III,
686.1635220125786,145.9925197588543,A,O2 conc.A [nmol/mL],dataset_III,
686.2893081761006,146.4691655253055,A,O2 conc.A [nmol/mL],dataset_III,
686.4150943396227,146.249701594532,A,O2 conc.A [nmol/mL],dataset_III,
686.5408805031446,146.6903707622257,A,O2 conc.A [nmol/mL],dataset_III,
686.6666666666666,146.3624374239573,A,O2 conc.A [nmol/mL],dataset_III,
686.7924528301887,146.0062307711746,A,O2 conc.A [nmol/mL],dataset_III,
686.9182389937107,146.1165981678288,A,O2 conc.A [nmol/mL],dataset_III,
687.0440251572327,146.2638435552512,A,O2 conc.A [nmol/mL],dataset_III,
687.1698113207547,146.2755829503923,A,O2 conc.A [nmol/mL],dataset_III,
687.2955974842768,145.8592088011864,A,O2 conc.A [nmol/mL],dataset_III,
687.4213836477987,145.6540128800089,A,O2 conc.A [nmol/mL],dataset_III,
687.5471698113207,145.7264472242401,A,O2 conc.A [nmol/mL],dataset_III,
687.6729559748428,146.2740083405622,A,O2 conc.A [nmol/mL],dataset_III,
687.7987421383648,146.0737356419535,A,O2 conc.A [nmol/mL],dataset_III,
687.9245283018868,145.6456617293004,A,O2 conc.A [nmol/mL],dataset_III,
688.0503144654087,145.9589889336133,A,O2 conc.A [nmol/mL],dataset_III,
688.1761006289308,145.6047720728231,A,O2 conc.A [nmol/mL],dataset_III,
688.3018867924528,146.0155581489526,A,O2 conc.A [nmol/mL],dataset_III,
688.4276729559748,145.8573397764336,A,O2 conc.A [nmol/mL],dataset_III,
688.5534591194969,145.9265151227307,A,O2 conc.A [nmol/mL],dataset_III,
688.6792452830189,146.0372447475832,A,O2 conc.A [nmol/mL],dataset_III,
688.8050314465409,146.0963178529289,A,O2 conc.A [nmol/mL],dataset_III,
688.930817610063,146.0578760978327,A,O2 conc.A [nmol/mL],dataset_III,
689.0566037735849,146.3582335666261,A,O2 conc.A [nmol/mL],dataset_III,
689.1823899371069,146.6278981366134,A,O2 conc.A [nmol/mL],dataset_III,
689.3081761006289,146.2329590331983,A,O2 conc.A [nmol/mL],dataset_III,
689.433962264151,145.9648867366147,A,O2 conc.A [nmol/mL],dataset_III,
689.559748427673,146.1926136734756,A,O2 conc.A [nmol/mL],dataset_III,
689.6855345911949,145.8151319973788,A,O2 conc.A [nmol/mL],dataset_III,
689.811320754717,145.7828162179302,A,O2 conc.A [nmol/mL],dataset_III,
689.937106918239,145.7637912604545,A,O2 conc.A [nmol/mL],dataset_III,
690.062893081761,146.0470191675867,A,O2 conc.A [nmol/mL],dataset_III,
690.188679245283,146.2758826435071,A,O2 conc.A [nmol/mL],dataset_III,
690.3144654088051,146.5146170320133,A,O2 conc.A [nmol/mL],dataset_III,
690.440251572327,146.2819778703626,A,O2 conc.A [nmol/mL],dataset_III,
690.566037735849,146.1176587228851,A,O2 conc.A [nmol/mL],dataset_III,
690.6918238993711,145.7634821015908,A,O2 conc.A [nmol/mL],dataset_III,
690.8176100628931,145.9470527222389,A,O2 conc.A [nmol/mL],dataset_III,
690.9433962264151,146.0560823855831,A,O2 conc.A [nmol/mL],dataset_III,
691.069182389937,145.8819811881,A,O2 conc.A [nmol/mL],dataset_III,
691.1949685534591,146.3705867721951,A,O2 conc.A [nmol/mL],dataset_III,
691.3207547169811,145.6922105613703,A,O2 conc.A [nmol/mL],dataset_III,
691.4465408805031,145.7109906893053,A,O2 conc.A [nmol/mL],dataset_III,
691.5723270440252,145.9768632834291,A,O2 conc.A [nmol/mL],dataset_III,
691.6981132075472,146.375879041792,A,O2 conc.A [nmol/mL],dataset_III,
691.8238993710692,145.4133202256509,A,O2 conc.A [nmol/mL],dataset_III,
691.9496855345911,145.6473226663747,A,O2 conc.A [nmol/mL],dataset_III,
692.0754716981132,146.1731353662474,A,O2 conc.A [nmol/mL],dataset_III,
692.2012578616352,145.6737487558889,A,O2 conc.A [nmol/mL],dataset_III,
692.3270440251572,146.350587098769,A,O2 conc.A [nmol/mL],dataset_III,
692.4528301886793,145.6227603798781,A,O2 conc.A [nmol/mL],dataset_III,
692.5786163522013,146.0885486913539,A,O2 conc.A [nmol/mL],dataset_III,
692.7044025157232,145.7907497155459,A,O2 conc.A [nmol/mL],dataset_III,
692.8301886792453,145.9200107144418,A,O2 conc.A [nmol/mL],dataset_III,
692.9559748427673,145.5384765989704,A,O2 conc.A [nmol/mL],dataset_III,
693.0817610062893,145.3882228916548,A,O2 conc.A [nmol/mL],dataset_III,
693.2075471698113,145.975989053931,A,O2 conc.A [nmol/mL],dataset_III,
693.3333333333334,145.6421016580165,A,O2 conc.A [nmol/mL],dataset_III,
693.4591194968554,145.5370821879569,A,O2 conc.A [nmol/mL],dataset_III,
693.5849056603773,145.482759132926,A,O2 conc.A [nmol/mL],dataset_III,
693.7106918238994,145.4901502990393,A,O2 conc.A [nmol/mL],dataset_III,
693.8364779874214,146.082042798678,A,O2 conc.A [nmol/mL],dataset_III,
693.9622641509434,145.505402208035,A,O2 conc.A [nmol/mL],dataset_III,
694.0880503144654,145.5927717110179,A,O2 conc.A [nmol/mL],dataset_III,
694.2138364779875,146.2123879181011,A,O2 conc.A [nmol/mL],dataset_III,
694.3396226415094,145.6049647367968,A,O2 conc.A [nmol/mL],dataset_III,
694.4654088050314,145.7039565125801,A,O2 conc.A [nmol/mL],dataset_III,
694.5911949685535,145.7896102249735,A,O2 conc.A [nmol/mL],dataset_III,
694.7169811320755,145.6160246213423,A,O2 conc.A [nmol/mL],dataset_III,
694.8427672955975,145.5103196287694,A,O2 conc.A [nmol/mL],dataset_III,
694.9685534591194,145.9943993888916,A,O2 conc.A [nmol/mL],dataset_III,
695.0943396226415,145.7469627521236,A,O2 conc.A [nmol/mL],dataset_III,
695.2201257861635,145.5019585697846,A,O2 conc.A [nmol/mL],dataset_III,
695.3459119496855,145.3053343405027,A,O2 conc.A [nmol/mL],dataset_III,
695.4716981132076,145.354567743625,A,O2 conc.A [nmol/mL],dataset_III,
695.5974842767296,145.3801763043378,A,O2 conc.A [nmol/mL],dataset_III,
695.7232704402516,145.0896435485269,A,O2 conc.A [nmol/mL],dataset_III,
695.8490566037735,145.9144510450315,A,O2 conc.A [nmol/mL],dataset_III,
695.9748427672956,145.6388185099812,A,O2 conc.A [nmol/mL],dataset_III,
696.1006289308176,145.7397836970321,A,O2 conc.A [nmol/mL],dataset_III,
696.2264150943396,145.2432285470211,A,O2 conc.A [nmol/mL],dataset_III,
696.3522012578617,145.4689970950413,A,O2 conc.A [nmol/mL],dataset_III,
696.4779874213837,145.5225760341989,A,O2 conc.A [nmol/mL],dataset_III,
696.6037735849056,145.5938252531269,A,O2 conc.A [nmol/mL],dataset_III,
696.7295597484276,145.5156832121745,A,O2 conc.A [nmol/mL],dataset_III,
696.8553459119497,145.2483505063751,A,O2 conc.A [nmol/mL],dataset_III,
696.9811320754717,145.8248707975728,A,O2 conc.A [nmol/mL],dataset_III,
697.1069182389937,145.7218063909866,A,O2 conc.A [nmol/mL],dataset_III,
697.2327044025158,145.5552772855369,A,O2 conc.A [nmol/mL],dataset_III,
697.3584905660377,145.7869476244268,A,O2 conc.A [nmol/mL],dataset_III,
697.4842767295597,145.8232419265269,A,O2 conc.A [nmol/mL],dataset_III,
697.6100628930817,145.8620195626503,A,O2 conc.A [nmol/mL],dataset_III,
697.7358490566038,145.5466262060586,A,O2 conc.A [nmol/mL],dataset_III,
697.8616352201258,145.4194979924494,A,O2 conc.A [nmol/mL],dataset_III,
697.9874213836478,145.3705706628307,A,O2 conc.A [nmol/mL],dataset_III,
698.1132075471698,145.705658786454,A,O2 conc.A [nmol/mL],dataset_III,
698.2389937106918,145.2998112108812,A,O2 conc.A [nmol/mL],dataset_III,
698.3647798742138,145.2391227985246,A,O2 conc.A [nmol/mL],dataset_III,
698.4905660377358,145.5984304516899,A,O2 conc.A [nmol/mL],dataset_III,
698.6163522012579,145.5829091617649,A,O2 conc.A [nmol/mL],dataset_III,
698.7421383647799,145.6036224215062,A,O2 conc.A [nmol/mL],dataset_III,
698.8679245283018,145.2245073966578,A,O2 conc.A [nmol/mL],dataset_III,
698.9937106918239,145.5043231020973,A,O2 conc.A [nmol/mL],dataset_III,
699.1194968553459,145.6502899966161,A,O2 conc.A [nmol/mL],dataset_III,
699.2452830188679,145.2938347235018,A,O2 conc.A [nmol/mL],dataset_III,
699.37106918239,145.3390848968598,A,O2 conc.A [nmol/mL],dataset_III,
699.496855345912,145.32395786518,A,O2 conc.A [nmol/mL],dataset_III,
699.622641509434,145.7705778684571,A,O2 conc.A [nmol/mL],dataset_III,
699.7484276729559,145.6083023214305,A,O2 conc.A [nmol/mL],dataset_III,
699.874213836478,145.0402845952261,A,O2 conc.A [nmol/mL],dataset_III,
700.0,144.987566077837,A,O2 conc.A [nmol/mL],dataset_III,
700.125786163522,145.5226085282617,A,O2 conc.A [nmol/mL],dataset_III,
700.2515723270441,145.2991319720547,A,O2 conc.A [nmol/mL],dataset_III,
700.377358490566,145.4778777585736,A,O2 conc.A [nmol/mL],dataset_III,
700.503144654088,145.4034853919336,A,O2 conc.A [nmol/mL],dataset_III,
700.62893081761,145.5817886474121,A,O2 conc.A [nmol/mL],dataset_III,
700.7547169811321,144.915286567124,A,O2 conc.A [nmol/mL],dataset_III,
700.8805031446541,145.1770764657711,A,O2 conc.A [nmol/mL],dataset_III,
701.0062893081761,145.3691176294606,A,O2 conc.A [nmol/mL],dataset_III,
701.1320754716982,145.357313389161,A,O2 conc.A [nmol/mL],dataset_III,
701.2578616352201,145.0539880610998,A,O2 conc.A [nmol/mL],dataset_III,
701.3836477987421,145.1515600597845,A,O2 conc.A [nmol/mL],dataset_III,
701.5094339622642,145.1292159849642,A,O2 conc.A [nmol/mL],dataset_III,
701.6352201257862,145.27917337532,A,O2 conc.A [nmol/mL],dataset_III,
701.7610062893082,145.435471540681,A,O2 conc.A [nmol/mL],dataset_III,
701.8867924528302,145.1837902483759,A,O2 conc.A [nmol/mL],dataset_III,
702.0125786163522,145.2067207531911,A,O2 conc.A [nmol/mL],dataset_III,
702.1383647798742,144.7137667850135,A,O2 conc.A [nmol/mL],dataset_III,
702.2641509433962,144.9643621960269,A,O2 conc.A [nmol/mL],dataset_III,
702.3899371069183,145.6852099637674,A,O2 conc.A [nmol/mL],dataset_III,
702.5157232704403,144.7856149376014,A,O2 conc.A [nmol/mL],dataset_III,
702.6415094339623,145.5477166990829,A,O2 conc.A [nmol/mL],dataset_III,
702.7672955974842,145.1244726855321,A,O2 conc.A [nmol/mL],dataset_III,
702.8930817610063,144.7004720905919,A,O2 conc.A [nmol/mL],dataset_III,
703.0188679245283,145.5480205678934,A,O2 conc.A [nmol/mL],dataset_III,
703.1446540880503,145.4969435398434,A,O2 conc.A [nmol/mL],dataset_III,
703.2704402515724,145.0424411555533,A,O2 conc.A [nmol/mL],dataset_III,
703.3962264150944,145.3773993532502,A,O2 conc.A [nmol/mL],dataset_III,
703.5220125786163,145.0639333660605,A,O2 conc.A [nmol/mL],dataset_III,
703.6477987421383,145.1579654630429,A,O2 conc.A [nmol/mL],dataset_III,
703.7735849056604,145.1791281639814,A,O2 conc.A [nmol/mL],dataset_III,
703.8993710691824,145.0721350451888,A,O2 conc.A [nmol/mL],dataset_III,
704.0251572327044,145.2533077334221,A,O2 conc.A [nmol/mL],dataset_III,
704.1509433962265,145.2109787238208,A,O2 conc.A [nmol/mL],dataset_III,
704.2767295597484,144.9761471447846,A,O2 conc.A [nmol/mL],dataset_III,
704.4025157232704,145.1731935515155,A,O2 conc.A [nmol/mL],dataset_III,
704.5283018867924,144.9613752737675,A,O2 conc.A [nmol/mL],dataset_III,
704.6540880503145,145.1173037144198,A,O2 conc.A [nmol/mL],dataset_III,
704.7798742138365,144.9519585450064,A,O2 conc.A [nmol/mL],dataset_III,
704.9056603773585,145.0928255078016,A,O2 conc.A [nmol/mL],dataset_III,
705.0314465408806,145.4609912063029,A,O2 conc.A [nmol/mL],dataset_III,
705.1572327044025,144.889683772472,A,O2 conc.A [nmol/mL],dataset_III,
705.2830188679245,144.6797017605583,A,O2 conc.A [nmol/mL],dataset_III,
705.4088050314465,145.4363467830322,A,O2 conc.A [nmol/mL],dataset_III,
705.5345911949686,145.1032484129187,A,O2 conc.A [nmol/mL],dataset_III,
705.6603773584906,144.859810659988,A,O2 conc.A [nmol/mL],dataset_III,
705.7861635220125,144.9523786175316,A,O2 conc.A [nmol/mL],dataset_III,
705.9119496855346,144.7786802297012,A,O2 conc.A [nmol/mL],dataset_III,
706.0377358490566,145.2339058505486,A,O2 conc.A [nmol/mL],dataset_III,
706.1635220125786,145.1701065360804,A,O2 conc.A [nmol/mL],dataset_III,
706.2893081761006,145.1412417678647,A,O2 conc.A [nmol/mL],dataset_III,
706.4150943396227,145.0314764298917,A,O2 conc.A [nmol/mL],dataset_III,
706.5408805031446,144.4562420563764,A,O2 conc.A [nmol/mL],dataset_III,
706.6666666666666,144.6643347630885,A,O2 conc.A [nmol/mL],dataset_III,
706.7924528301887,145.0245063331725,A,O2 conc.A [nmol/mL],dataset_III,
706.9182389937107,144.2819959223026,A,O2 conc.A [nmol/mL],dataset_III,
707.0440251572327,144.9182461416576,A,O2 conc.A [nmol/mL],dataset_III,
707.1698113207547,144.6740588479371,A,O2 conc.A [nmol/mL],dataset_III,
707.2955974842768,145.0810372593809,A,O2 conc.A [nmol/mL],dataset_III,
707.4213836477987,144.8658903836367,A,O2 conc.A [nmol/mL],dataset_III,
707.5471698113207,145.172097151799,A,O2 conc.A [nmol/mL],dataset_III,
707.6729559748428,144.9841081850487,A,O2 conc.A [nmol/mL],dataset_III,
707.7987421383648,144.9204586001714,A,O2 conc.A [nmol/mL],dataset_III,
707.9245283018868,144.6410134236383,A,O2 conc.A [nmol/mL],dataset_III,
708.0503144654087,145.0336023564954,A,O2 conc.A [nmol/mL],dataset_III,
708.1761006289308,145.463822747733,A,O2 conc.A [nmol/mL],dataset_III,
708.3018867924528,144.4337178786886,A,O2 conc.A [nmol/mL],dataset_III,
708.4276729559748,144.5977222864348,A,O2 conc.A [nmol/mL],dataset_III,
708.5534591194969,145.2620059498484,A,O2 conc.A [nmol/mL],dataset_III,
708.6792452830189,144.9662574814782,A,O2 conc.A [nmol/mL],dataset_III,
708.8050314465409,144.7566541632066,A,O2 conc.A [nmol/mL],dataset_III,
708.930817610063,145.0184580695767,A,O2 conc.A [nmol/mL],dataset_III,
709.0566037735849,144.8984133827917,A,O2 conc.A [nmol/mL],dataset_III,
709.1823899371069,144.6444617657821,A,O2 conc.A [nmol/mL],dataset_III,
709.3081761006289,144.632871418154,A,O2 conc.A [nmol/mL],dataset_III,
709.433962264151,145.0060898579499,A,O2 conc.A [nmol/mL],dataset_III,
709.559748427673,144.8704241148382,A,O2 conc.A [nmol/mL],dataset_III,
709.6855345911949,145.0463454498951,A,O2 conc.A [nmol/mL],dataset_III,
709.811320754717,144.9326969110109,A,O2 conc.A [nmol/mL],dataset_III,
709.937106918239,144.6080797905394,A,O2 conc.A [nmol/mL],dataset_III,
710.062893081761,145.1349345536806,A,O2 conc.A [nmol/mL],dataset_III,
710.188679245283,144.5154416792902,A,O2 conc.A [nmol/mL],dataset_III,
710.3144654088051,144.6252355330536,A,O2 conc.A [nmol/mL],dataset_III,
710.440251572327,144.5351906564725,A,O2 conc.A [nmol/mL],dataset_III,
710.566037735849,144.3729180480572,A,O2 conc.A [nmol/mL],dataset_III,
710.6918238993711,144.8711884015906,A,O2 conc.A [nmol/mL],dataset_III,
710.8176100628931,144.4446535734591,A,O2 conc.A [nmol/mL],dataset_III,
710.9433962264151,144.5291375640718,A,O2 conc.A [nmol/mL],dataset_III,
711.069182389937,144.9282139001382,A,O2 conc.A [nmol/mL],dataset_III,
711.1949685534591,144.9011508511748,A,O2 conc.A [nmol/mL],dataset_III,
711.3207547169811,144.5218184048167,A,O2 conc.A [nmol/mL],dataset_III,
711.4465408805031,144.342491493756,A,O2 conc.A [nmol/mL],dataset_III,
711.5723270440252,144.6357648347703,A,O2 conc.A [nmol/mL],dataset_III,
711.6981132075472,144.2546886699612,A,O2 conc.A [nmol/mL],dataset_III,
711.8238993710692,144.3938759842818,A,O2 conc.A [nmol/mL],dataset_III,
711.9496855345913,144.5418648563623,A,O2 conc.A [nmol/mL],dataset_III,
712.0754716981132,144.5916032695991,A,O2 conc.A [nmol/mL],dataset_III,
712.2012578616352,144.4846551671107,A,O2 conc.A [nmol/mL],dataset_III,
712.3270440251572,144.5794533892102,A,O2 conc.A [nmol/mL],dataset_III,
712.4528301886793,144.953626589261,A,O2 conc.A [nmol/mL],dataset_III,
712.5786163522013,144.7572249441187,A,O2 conc.A [nmol/mL],dataset_III,
712.7044025157232,144.9375768625345,A,O2 conc.A [nmol/mL],dataset_III,
712.8301886792453,144.8091045424006,A,O2 conc.A [nmol/mL],dataset_III,
712.9559748427673,144.6354195045094,A,O2 conc.A [nmol/mL],dataset_III,
713.0817610062893,144.2662909132206,A,O2 conc.A [nmol/mL],dataset_III,
713.2075471698113,144.2280561059048,A,O2 conc.A [nmol/mL],dataset_III,
713.3333333333334,144.5492584512717,A,O2 conc.A [nmol/mL],dataset_III,
713.4591194968554,144.4445797618187,A,O2 conc.A [nmol/mL],dataset_III,
713.5849056603773,144.3054227856405,A,O2 conc.A [nmol/mL],dataset_III,
713.7106918238994,144.633811607768,A,O2 conc.A [nmol/mL],dataset_III,
713.8364779874214,144.8297321436387,A,O2 conc.A [nmol/mL],dataset_III,
713.9622641509434,144.4990173723822,A,O2 conc.A [nmol/mL],dataset_III,
714.0880503144654,144.5298250279662,A,O2 conc.A [nmol/mL],dataset_III,
714.2138364779875,144.3639518156995,A,O2 conc.A [nmol/mL],dataset_III,
714.3396226415094,144.3210347004106,A,O2 conc.A [nmol/mL],dataset_III,
714.4654088050314,144.9787600811277,A,O2 conc.A [nmol/mL],dataset_III,
714.5911949685535,144.1635709618653,A,O2 conc.A [nmol/mL],dataset_III,
714.7169811320755,144.4296944448046,A,O2 conc.A [nmol/mL],dataset_III,
714.8427672955975,144.3505424687481,A,O2 conc.A [nmol/mL],dataset_III,
714.9685534591194,144.4271814917523,A,O2 conc.A [nmol/mL],dataset_III,
715.0943396226415,144.7085646361926,A,O2 conc.A [nmol/mL],dataset_III,
715.2201257861635,144.6877488480987,A,O2 conc.A [nmol/mL],dataset_III,
715.3459119496855,144.3966070847705,A,O2 conc.A [nmol/mL],dataset_III,
715.4716981132076,144.7048359049461,A,O2 conc.A [nmol/mL],dataset_III,
715.5974842767296,144.2246520802969,A,O2 conc.A [nmol/mL],dataset_III,
715.7232704402516,144.4975350460294,A,O2 conc.A [nmol/mL],dataset_III,
715.8490566037735,144.845820668994,A,O2 conc.A [nmol/mL],dataset_III,
715.9748427672956,144.2488725723637,A,O2 conc.A [nmol/mL],dataset_III,
716.1006289308176,144.4368758036399,A,O2 conc.A [nmol/mL],dataset_III,
716.2264150943396,144.7525683301559,A,O2 conc.A [nmol/mL],dataset_III,
716.3522012578617,144.1596308527379,A,O2 conc.A [nmol/mL],dataset_III,
716.4779874213837,144.3786584220007,A,O2 conc.A [nmol/mL],dataset_III,
716.6037735849056,144.276203936886,A,O2 conc.A [nmol/mL],dataset_III,
716.7295597484276,144.0679951508762,A,O2 conc.A [nmol/mL],dataset_III,
716.8553459119497,144.4406230968807,A,O2 conc.A [nmol/mL],dataset_III,
716.9811320754717,144.1208524492703,A,O2 conc.A [nmol/mL],dataset_III,
717.1069182389937,144.7381502212064,A,O2 conc.A [nmol/mL],dataset_III,
717.2327044025158,144.3217038011737,A,O2 conc.A [nmol/mL],dataset_III,
717.3584905660377,144.256328011721,A,O2 conc.A [nmol/mL],dataset_III,
717.4842767295597,144.3114102418872,A,O2 conc.A [nmol/mL],dataset_III,
717.6100628930817,144.3192160324492,A,O2 conc.A [nmol/mL],dataset_III,
717.7358490566038,144.2360400254292,A,O2 conc.A [nmol/mL],dataset_III,
717.8616352201258,144.2924801061281,A,O2 conc.A [nmol/mL],dataset_III,
717.9874213836478,144.1267969810486,A,O2 conc.A [nmol/mL],dataset_III,
718.1132075471698,144.1379668902935,A,O2 conc.A [nmol/mL],dataset_III,
718.2389937106918,144.3869145373868,A,O2 conc.A [nmol/mL],dataset_III,
718.3647798742138,143.7133929754413,A,O2 conc.A [nmol/mL],dataset_III,
718.4905660377358,144.0399366496375,A,O2 conc.A [nmol/mL],dataset_III,
718.6163522012579,144.2342731450745,A,O2 conc.A [nmol/mL],dataset_III,
718.7421383647799,144.3100563523238,A,O2 conc.A [nmol/mL],dataset_III,
718.8679245283018,144.119152761162,A,O2 conc.A [nmol/mL],dataset_III,
718.9937106918239,144.2431710386183,A,O2 conc.A [nmol/mL],dataset_III,
719.1194968553459,144.1140757474701,A,O2 conc.A [nmol/mL],dataset_III,
719.2452830188679,143.7285904254503,A,O2 conc.A [nmol/mL],dataset_III,
719.37106918239,144.4212134235246,A,O2 conc.A [nmol/mL],dataset_III,
719.496855345912,144.2454216051416,A,O2 conc.A [nmol/mL],dataset_III,
719.622641509434,143.9314102452419,A,O2 conc.A [nmol/mL],dataset_III,
719.7484276729559,144.5318201337867,A,O2 conc.A [nmol/mL],dataset_III,
719.874213836478,144.3247769131264,A,O2 conc.A [nmol/mL],dataset_III,
720.0,143.9913540688935,A,O2 conc.A [nmol/mL],dataset_III,rotenone+antimycin
720.4905660377359,144.424371867218,A,O2 conc.A [nmol/mL],dataset_III,
720.9811320754717,144.2574704286915,A,O2 conc.A [nmol/mL],dataset_III,
721.4716981132076,144.3299321642876,A,O2 conc.A [nmol/mL],dataset_III,
721.9622641509434,143.9722650329142,A,O2 conc.A [nmol/mL],dataset_III,
722.4528301886793,143.9835550994266,A,O2 conc.A [nmol/mL],dataset_III,
722.9433962264151,143.9170974335016,A,O2 conc.A [nmol/mL],dataset_III,
723.433962264151,143.987448852429,A,O2 conc.A [nmol/mL],dataset_III,
723.9245283018868,143.5444413809573,A,O2 conc.A [nmol/mL],dataset_III,
724.4150943396227,144.3936549892445,A,O2 conc.A [nmol/mL],dataset_III,
724.9056603773585,143.8276014233829,A,O2 conc.A [nmol/mL],dataset_III,
725.3962264150944,144.2651415697608,A,O2 conc.A [nmol/mL],dataset_III,
725.8867924528302,143.7981586452183,A,O2 conc.A [nmol/mL],dataset_III,
726.377358490566,144.1519151751935,A,O2 conc.A [nmol/mL],dataset_III,
726.8679245283018,143.8246255515261,A,O2 conc.A [nmol/mL],dataset_III,
727.3584905660377,144.1177437258695,A,O2 conc.A [nmol/mL],dataset_III,
727.8490566037735,143.7227894110945,A,O2 conc.A [nmol/mL],dataset_III,
728.3396226415094,143.9747332073703,A,O2 conc.A [nmol/mL],dataset_III,
728.8301886792453,144.2876236567734,A,O2 conc.A [nmol/mL],dataset_III,
729.3207547169811,144.1761875282141,A,O2 conc.A [nmol/mL],dataset_III,
729.811320754717,144.1654749471323,A,O2 conc.A [nmol/mL],dataset_III,
730.3018867924528,143.9081044892617,A,O2 conc.A [nmol/mL],dataset_III,
730.7924528301887,143.573580417606,A,O2 conc.A [nmol/mL],dataset_III,
731.2830188679245,143.8994570331972,A,O2 conc.A [nmol/mL],dataset_III,
731.7735849056604,143.9949757835306,A,O2 conc.A [nmol/mL],dataset_III,
732.2641509433962,144.4925257176383,A,O2 conc.A [nmol/mL],dataset_III,
732.7547169811321,144.2650944473855,A,O2 conc.A [nmol/mL],dataset_III,
733.2452830188679,144.2018290628004,A,O2 conc.A [nmol/mL],dataset_III,
733.7358490566038,143.9772476250997,A,O2 conc.A [nmol/mL],dataset_III,
734.2264150943396,143.9403985827606,A,O2 conc.A [nmol/mL],dataset_III,
734.7169811320755,144.2828689090615,A,O2 conc.A [nmol/mL],dataset_III,
735.2075471698113,144.0297006592087,A,O2 conc.A [nmol/mL],dataset_III,
735.6981132075472,144.0384898546838,A,O2 conc.A [nmol/mL],dataset_III,
736.188679245283,144.6021770967559,A,O2 conc.A [nmol/mL],dataset_III,
736.6792452830189,143.8772586304194,A,O2 conc.A [nmol/mL],dataset_III,
737.1698113207547,144.0523120438336,A,O2 conc.A [nmol/mL],dataset_III,
737.6603773584906,144.0602909828093,A,O2 conc.A [nmol/mL],dataset_III,
738.1509433962265,143.9598801926546,A,O2 conc.A [nmol/mL],dataset_III,
738.6415094339623,143.7698218269755,A,O2 conc.A [nmol/mL],dataset_III,
739.1320754716982,144.4408011429996,A,O2 conc.A [nmol/mL],dataset_III,
739.622641509434,143.7696018980552,A,O2 conc.A [nmol/mL],dataset_III,
740.1132075471698,143.8958098738871,A,O2 conc.A [nmol/mL],dataset_III,
740.6037735849056,144.1867797768591,A,O2 conc.A [nmol/mL],dataset_III,
741.0943396226415,143.811779545379,A,O2 conc.A [nmol/mL],dataset_III,
741.5849056603773,144.0837635332712,A,O2 conc.A [nmol/mL],dataset_III,
742.0754716981132,144.0585647076498,A,O2 conc.A [nmol/mL],dataset_III,
742.566037735849,144.0635259598042,A,O2 conc.A [nmol/mL],dataset_III,
743.0566037735849,144.087696790883,A,O2 conc.A [nmol/mL],dataset_III,
743.5471698113207,143.7706082989757,A,O2 conc.A [nmol/mL],dataset_III,
744.0377358490566,143.9853377223898,A,O2 conc.A [nmol/mL],dataset_III,
744.5283018867924,144.4438416988998,A,O2 conc.A [nmol/mL],dataset_III,
745.0188679245283,144.4136993560913,A,O2 conc.A [nmol/mL],dataset_III,
745.5094339622641,143.9775188510515,A,O2 conc.A [nmol/mL],dataset_III,
746.0,144.3939374351085,A,O2 conc.A [nmol/mL],dataset_III,
746.4905660377359,143.887747172892,A,O2 conc.A [nmol/mL],dataset_III,
746.9811320754717,143.7817238475241,A,O2 conc.A [nmol/mL],dataset_III,
747.4716981132076,143.6183976907202,A,O2 conc.A [nmol/mL],dataset_III,
747.9622641509434,143.844463910828,A,O2 conc.A [nmol/mL],dataset_III,
748.4528301886793,144.2376828854871,A,O2 conc.A [nmol/mL],dataset_III,
748.9433962264151,144.0413264886107,A,O2 conc.A [nmol/mL],dataset_III,
749.433962264151,144.5381220019474,A,O2 conc.A [nmol/mL],dataset_III,
749.9245283018868,144.3325725669468,A,O2 conc.A [nmol/mL],dataset_III,
750.4150943396227,144.0341597889345,A,O2 conc.A [nmol/mL],dataset_III,
750.9056603773585,144.0668933336682,A,O2 conc.A [nmol/mL],dataset_III,
751.3962264150944,144.0687355315898,A,O2 conc.A [nmol/mL],dataset_III,
751.8867924528302,144.3724899465817,A,O2 conc.A [nmol/mL],dataset_III,
752.377358490566,144.0266660098731,A,O2 conc.A [nmol/mL],dataset_III,
752.8679245283018,144.1190879376474,A,O2 conc.A [nmol/mL],dataset_III,
753.3584905660377,143.9388523960689,A,O2 conc.A [nmol/mL],dataset_III,
753.8490566037735,144.4474020329255,A,O2 conc.A [nmol/mL],dataset_III,
754.3396226415094,144.0354359106854,A,O2 conc.A [nmol/mL],dataset_III,
754.8301886792453,143.9610143236506,A,O2 conc.A [nmol/mL],dataset_III,
755.3207547169811,143.7426782838633,A,O2 conc.A [nmol/mL],dataset_III,
755.811320754717,144.36427533844,A,O2 conc.A [nmol/mL],dataset_III,
756.3018867924528,143.9747878616524,A,O2 conc.A [nmol/mL],dataset_III,
756.7924528301887,144.1051164106791,A,O2 conc.A [nmol/mL],dataset_III,
757.2830188679245,144.0201017912667,A,O2 conc.A [nmol/mL],dataset_III,
757.7735849056604,144.0760838989605,A,O2 conc.A [nmol/mL],dataset_III,
758.2641509433962,143.6270764446899,A,O2 conc.A [nmol/mL],dataset_III,
758.7547169811321,143.9265686781248,A,O2 conc.A [nmol/mL],dataset_III,
759.2452830188679,143.8518106109236,A,O2 conc.A [nmol/mL],dataset_III,
759.7358490566038,144.6673123162391,A,O2 conc.A [nmol/mL],dataset_III,
760.2264150943396,144.45942995355,A,O2 conc.A [nmol/mL],dataset_III,
760.7169811320755,144.2322326646555,A,O2 conc.A [nmol/mL],dataset_III,
761.2075471698113,144.744404411402,A,O2 conc.A [nmol/mL],dataset_III,
761.6981132075472,144.4420440609293,A,O2 conc.A [nmol/mL],dataset_III,
762.188679245283,143.7865326154065,A,O2 conc.A [nmol/mL],dataset_III,
762.6792452830189,143.8014072930161,A,O2 conc.A [nmol/mL],dataset_III,
763.1698113207547,144.1896797165758,A,O2 conc.A [nmol/mL],dataset_III,
763.6603773584906,144.1053698416248,A,O2 conc.A [nmol/mL],dataset_III,
764.1509433962265,144.1755827983494,A,O2 conc.A [nmol/mL],dataset_III,
764.6415094339623,143.916480680775,A,O2 conc.A [nmol/mL],dataset_III,
765.1320754716982,144.5840895216585,A,O2 conc.A [nmol/mL],dataset_III,
765.622641509434,144.0349351019718,A,O2 conc.A [nmol/mL],dataset_III,
766.1132075471698,144.4027710582086,A,O2 conc.A [nmol/mL],dataset_III,
766.6037735849056,144.4875613636036,A,O2 conc.A [nmol/mL],dataset_III,
767.0943396226415,143.9764046219538,A,O2 conc.A [nmol/mL],dataset_III,
767.5849056603773,144.2668087524258,A,O2 conc.A [nmol/mL],dataset_III,
768.0754716981132,144.5209580742095,A,O2 conc.A [nmol/mL],dataset_III,
768.566037735849,144.487274807462,A,O2 conc.A [nmol/mL],dataset_III,
769.0566037735849,144.3106556905728,A,O2 conc.A [nmol/mL],dataset_III,
769.5471698113207,144.2326398073017,A,O2 conc.A [nmol/mL],dataset_III,
770.0377358490566,144.142426083354,A,O2 conc.A [nmol/mL],dataset_III,
770.5283018867924,144.4399051988588,A,O2 conc.A [nmol/mL],dataset_III,
771.0188679245283,144.2684786269826,A,O2 conc.A [nmol/mL],dataset_III,
771.5094339622642,144.1537862893441,A,O2 conc.A [nmol/mL],dataset_III,
772.0,144.0045367188096,A,O2 conc.A [nmol/mL],dataset_III,
772.4905660377358,143.7845491939204,A,O2 conc.A [nmol/mL],dataset_III,
772.9811320754717,144.079332549688,A,O2 conc.A [nmol/mL],dataset_III,
773.4716981132076,144.588827815338,A,O2 conc.A [nmol/mL],dataset_III,
773.9622641509434,144.0018104551189,A,O2 conc.A [nmol/mL],dataset_III,
774.4528301886793,143.9624077661693,A,O2 conc.A [nmol/mL],dataset_III,
774.9433962264151,144.0625479502266,A,O2 conc.A [nmol/mL],dataset_III,
775.433962264151,144.0694962764045,A,O2 conc.A [nmol/mL],dataset_III,
775.9245283018868,143.9829197284623,A,O2 conc.A [nmol/mL],dataset_III,
776.4150943396227,144.2835228753527,A,O2 conc.A [nmol/mL],dataset_III,
776.9056603773585,144.2041617789343,A,O2 conc.A [nmol/mL],dataset_III,
777.3962264150944,144.4184311784617,A,O2 conc.A [nmol/mL],dataset_III,
777.8867924528302,144.273091063814,A,O2 conc.A [nmol/mL],dataset_III,
778.377358490566,144.1693345637546,A,O2 conc.A [nmol/mL],dataset_III,
778.8679245283018,143.5969469055825,A,O2 conc.A [nmol/mL],dataset_III,
779.3584905660377,144.1720003033923,A,O2 conc.A [nmol/mL],dataset_III,
779.8490566037735,143.9594310305472,A,O2 conc.A [nmol/mL],dataset_III,
780.3396226415094,144.3921454356599,A,O2 conc.A [nmol/mL],dataset_III,
780.8301886792453,144.1410734512616,A,O2 conc.A [nmol/mL],dataset_III,
781.3207547169811,143.9320590129213,A,O2 conc.A [nmol/mL],dataset_III,
781.811320754717,143.9869033251879,A,O2 conc.A [nmol/mL],dataset_III,
782.3018867924528,143.8223417147128,A,O2 conc.A [nmol/mL],dataset_III,
782.7924528301887,143.9858266886183,A,O2 conc.A [nmol/mL],dataset_III,
783.2830188679245,144.2015101769553,A,O2 conc.A [nmol/mL],dataset_III,
783.7735849056604,144.4174193629774,A,O2 conc.A [nmol/mL],dataset_III,
784.2641509433962,144.2526774602222,A,O2 conc.A [nmol/mL],dataset_III,
784.7547169811321,144.32513742417,A,O2 conc.A [nmol/mL],dataset_III,
785.2452830188679,144.3454898096568,A,O2 conc.A [nmol/mL],dataset_III,
785.7358490566038,144.0418068399585,A,O2 conc.A [nmol/mL],dataset_III,
786.2264150943396,144.4859999369677,A,O2 conc.A [nmol/mL],dataset_III,
786.7169811320755,143.7847867762858,A,O2 conc.A [nmol/mL],dataset_III,
787.2075471698113,144.1535590799936,A,O2 conc.A [nmol/mL],dataset_III,
787.6981132075472,143.9912746547808,A,O2 conc.A [nmol/mL],dataset_III,
788.188679245283,143.6313521113384,A,O2 conc.A [nmol/mL],dataset_III,
788.6792452830189,144.5374621368792,A,O2 conc.A [nmol/mL],dataset_III,
789.1698113207547,143.6232906094083,A,O2 conc.A [nmol/mL],dataset_III,
789.6603773584906,144.2950510324545,A,O2 conc.A [nmol/mL],dataset_III,
790.1509433962265,144.571007232033,A,O2 conc.A [nmol/mL],dataset_III,
790.6415094339623,144.071932617101,A,O2 conc.A [nmol/mL],dataset_III,
791.1320754716982,144.0938705579218,A,O2 conc.A [nmol/mL],dataset_III,
791.622641509434,143.6480176893448,A,O2 conc.A [nmol/mL],dataset_III,
792.1132075471698,144.0602617210742,A,O2 conc.A [nmol/mL],dataset_III,
792.6037735849056,144.4854430567279,A,O2 conc.A [nmol/mL],dataset_III,
793.0943396226415,143.9921836094965,A,O2 conc.A [nmol/mL],dataset_III,
793.5849056603773,143.8791137286289,A,O2 conc.A [nmol/mL],dataset_III,
794.0754716981132,143.5437759811985,A,O2 conc.A [nmol/mL],dataset_III,
794.566037735849,144.4441331191728,A,O2 conc.A [nmol/mL],dataset_III,
795.0566037735849,144.225660571448,A,O2 conc.A [nmol/mL],dataset_III,
795.5471698113207,144.0472085819465,A,O2 conc.A [nmol/mL],dataset_III,
796.0377358490566,144.3834094371219,A,O2 conc.A [nmol/mL],dataset_III,
796.5283018867924,143.9900431275145,A,O2 conc.A [nmol/mL],dataset_III,
797.0188679245283,144.0392088360516,A,O2 conc.A [nmol/mL],dataset_III,
797.5094339622642,144.6537186957714,A,O2 conc.A [nmol/mL],dataset_III,
798.0,143.8986470523333,A,O2 conc.A [nmol/mL],dataset_III,
798.4905660377358,144.1952965651035,A,O2 conc.A [nmol/mL],dataset_III,
798.9811320754717,144.1785943434669,A,O2 conc.A [nmol/mL],dataset_III,
799.4716981132076,144.1470739814323,A,O2 conc.A [nmol/mL],dataset_III,
799.9622641509434,144.1242819088069,A,O2 conc.A [nmol/mL],dataset_III,
800.4528301886793,143.7960482950463,A,O2 conc.A [nmol/mL],dataset_III,
800.9433962264151,144.0883382426313,A,O2 conc.A [nmol/mL],dataset_III,
801.433962264151,144.06209573011,A,O2 conc.A [nmol/mL],dataset_III,
801.9245283018868,143.9554823607338,A,O2 conc.A [nmol/mL],dataset_III,
802.4150943396227,143.914328478982,A,O2 conc.A [nmol/mL],dataset_III,
802.9056603773585,143.8722829063638,A,O2 conc.A [nmol/mL],dataset_III,
803.3962264150944,143.9203567505053,A,O2 conc.A [nmol/mL],dataset_III,
803.8867924528302,144.2249874626987,A,O2 conc.A [nmol/mL],dataset_III,
804.377358490566,144.1318275319462,A,O2 conc.A [nmol/mL],dataset_III,
804.8679245283018,144.5365878444357,A,O2 conc.A [nmol/mL],dataset_III,
805.3584905660377,144.2735466938601,A,O2 conc.A [nmol/mL],dataset_III,
805.8490566037735,143.9739488337891,A,O2 conc.A [nmol/mL],dataset_III,
806.3396226415094,143.9879345601941,A,O2 conc.A [nmol/mL],dataset_III,
806.8301886792453,144.0794705177859,A,O2 conc.A [nmol/mL],dataset_III,
807.3207547169811,144.0352081891653,A,O2 conc.A [nmol/mL],dataset_III,
807.811320754717,144.1236369803921,A,O2 conc.A [nmol/mL],dataset_III,
808.3018867924528,144.6080126312828,A,O2 conc.A [nmol/mL],dataset_III,
808.7924528301887,144.0847187899025,A,O2 conc.A [nmol/mL],dataset_III,
809.2830188679245,144.1557127186485,A,O2 conc.A [nmol/mL],dataset_III,
809.7735849056604,143.8248042646564,A,O2 conc.A [nmol/mL],dataset_III,
810.2641509433962,143.7475768191505,A,O2 conc.A [nmol/mL],dataset_III,
810.7547169811321,144.0888030715572,A,O2 conc.A [nmol/mL],dataset_III,
811.2452830188679,144.018392009623,A,O2 conc.A [nmol/mL],dataset_III,
811.7358490566038,144.1731395258987,A,O2 conc.A [nmol/mL],dataset_III,
812.2264150943396,144.4619604753837,A,O2 conc.A [nmol/mL],dataset_III,
812.7169811320755,143.9950973552284,A,O2 conc.A [nmol/mL],dataset_III,
813.2075471698113,143.9515663710034,A,O2 conc.A [nmol/mL],dataset_III,
813.6981132075472,144.3673380117962,A,O2 conc.A [nmol/mL],dataset_III,
814.1886792452831,144.0137936181461,A,O2 conc.A [nmol/mL],dataset_III,
814.6792452830189,144.1370922148919,A,O2 conc.A [nmol/mL],dataset_III,
815.1698113207547,144.0962935939329,A,O2 conc.A [nmol/mL],dataset_III,
815.6603773584906,144.5925096856545,A,O2 conc.A [nmol/mL],dataset_III,
816.1509433962265,143.7019294184728,A,O2 conc.A [nmol/mL],dataset_III,
816.6415094339623,143.9174870374979,A,O2 conc.A [nmol/mL],dataset_III,
817.1320754716982,144.2854116209951,A,O2 conc.A [nmol/mL],dataset_III,
817.622641509434,144.4127374951698,A,O2 conc.A [nmol/mL],dataset_III,
818.1132075471698,143.86544634069,A,O2 conc.A [nmol/mL],dataset_III,
818.6037735849056,144.4174237161114,A,O2 conc.A [nmol/mL],dataset_III,
819.0943396226415,144.0049545552437,A,O2 conc.A [nmol/mL],dataset_III,
819.5849056603773,143.9411481211611,A,O2 conc.A [nmol/mL],dataset_III,
820.0754716981132,143.9651822099472,A,O2 conc.A [nmol/mL],dataset_III,
820.566037735849,144.2111710631976,A,O2 conc.A [nmol/mL],dataset_III,
821.0566037735849,144.2438650392531,A,O2 conc.A [nmol/mL],dataset_III,
821.5471698113207,143.904018586956,A,O2 conc.A [nmol/mL],dataset_III,
822.0377358490566,144.174204428151,A,O2 conc.A [nmol/mL],dataset_III,
822.5283018867924,144.027190570536,A,O2 conc.A [nmol/mL],dataset_III,
823.0188679245283,143.8245191270126,A,O2 conc.A [nmol/mL],dataset_III,
823.5094339622642,144.5456600584976,A,O2 conc.A [nmol/mL],dataset_III,
824.0,143.880833683354,A,O2 conc.A [nmol/mL],dataset_III,
824.4905660377358,144.1483485954719,A,O2 conc.A [nmol/mL],dataset_III,
824.9811320754717,143.8314975656954,A,O2 conc.A [nmol/mL],dataset_III,
825.4716981132076,144.014865019185,A,O2 conc.A [nmol/mL],dataset_III,
825.9622641509434,144.14543145641,A,O2 conc.A [nmol/mL],dataset_III,
826.4528301886793,144.1630623448083,A,O2 conc.A [nmol/mL],dataset_III,
826.9433962264151,143.8667743201763,A,O2 conc.A [nmol/mL],dataset_III,
827.433962264151,144.0927452027078,A,O2 conc.A [nmol/mL],dataset_III,
827.9245283018868,144.2101999859741,A,O2 conc.A [nmol/mL],dataset_III,
828.4150943396227,144.4937579081001,A,O2 conc.A [nmol/mL],dataset_III,
828.9056603773585,144.3222515518188,A,O2 conc.A [nmol/mL],dataset_III,
829.3962264150944,144.3909339802604,A,O2 conc.A [nmol/mL],dataset_III,
829.8867924528302,144.2809695295972,A,O2 conc.A [nmol/mL],dataset_III,
830.377358490566,143.9559348225755,A,O2 conc.A [nmol/mL],dataset_III,
830.8679245283018,144.0406216300683,A,O2 conc.A [nmol/mL],dataset_III,
831.3584905660377,144.3493460770016,A,O2 conc.A [nmol/mL],dataset_III,
831.8490566037735,143.950856940718,A,O2 conc.A [nmol/mL],dataset_III,
832.3396226415094,143.8423759983092,A,O2 conc.A [nmol/mL],dataset_III,
832.8301886792453,144.1117691130312,A,O2 conc.A [nmol/mL],dataset_III,
833.3207547169811,143.6682146303003,A,O2 conc.A [nmol/mL],dataset_III,
833.811320754717,143.9271081749511,A,O2 conc.A [nmol/mL],dataset_III,
834.3018867924528,143.837826377766,A,O2 conc.A [nmol/mL],dataset_III,
834.7924528301887,144.0195893768539,A,O2 conc.A [nmol/mL],dataset_III,
835.2830188679245,144.45079896289,A,O2 conc.A [nmol/mL],dataset_III,
835.7735849056604,144.7025097055221,A,O2 conc.A [nmol/mL],dataset_III,
836.2641509433962,144.2709761745635,A,O2 conc.A [nmol/mL],dataset_III,
836.7547169811321,143.8825561429008,A,O2 conc.A [nmol/mL],dataset_III,
837.2452830188679,144.3054886231458,A,O2 conc.A [nmol/mL],dataset_III,
837.7358490566038,144.227836438097,A,O2 conc.A [nmol/mL],dataset_III,
838.2264150943396,143.972121430934,A,O2 conc.A [nmol/mL],dataset_III,
838.7169811320755,144.342982748238,A,O2 conc.A [nmol/mL],dataset_III,
839.2075471698113,144.0018225389826,A,O2 conc.A [nmol/mL],dataset_III,
839.6981132075472,143.9778523043322,A,O2 conc.A [nmol/mL],dataset_III,
840.1886792452831,144.1370561989634,A,O2 conc.A [nmol/mL],dataset_III,
840.6792452830189,144.2940790784165,A,O2 conc.A [nmol/mL],dataset_III,
841.1698113207547,144.030633962987,A,O2 conc.A [nmol/mL],dataset_III,
841.6603773584906,144.2115185371337,A,O2 conc.A [nmol/mL],dataset_III,
842.1509433962265,143.6653578065391,A,O2 conc.A [nmol/mL],dataset_III,
842.6415094339623,144.1957832101945,A,O2 conc.A [nmol/mL],dataset_III,
843.1320754716982,144.0031033883318,A,O2 conc.A [nmol/mL],dataset_III,
843.622641509434,143.9919834284749,A,O2 conc.A [nmol/mL],dataset_III,
844.1132075471698,143.491266034363,A,O2 conc.A [nmol/mL],dataset_III,
844.6037735849056,143.7604128540902,A,O2 conc.A [nmol/mL],dataset_III,
845.0943396226415,143.6863269310346,A,O2 conc.A [nmol/mL],dataset_III,
845.5849056603773,144.2740769164282,A,O2 conc.A [nmol/mL],dataset_III,
846.0754716981132,143.8922306093066,A,O2 conc.A [nmol/mL],dataset_III,
846.566037735849,144.1910433030912,A,O2 conc.A [nmol/mL],dataset_III,
847.0566037735849,144.287440800613,A,O2 conc.A [nmol/mL],dataset_III,
847.5471698113207,143.9861095570891,A,O2 conc.A [nmol/mL],dataset_III,
848.0377358490566,143.8658488270484,A,O2 conc.A [nmol/mL],dataset_III,
848.5283018867924,144.425340999436,A,O2 conc.A [nmol/mL],dataset_III,
849.0188679245283,144.1881988153215,A,O2 conc.A [nmol/mL],dataset_III,
849.5094339622642,143.8145425973138,A,O2 conc.A [nmol/mL],dataset_III,
850.0,144.2428172793231,A,O2 conc.A [nmol/mL],dataset_III,
850.4905660377358,143.9567587591198,A,O2 conc.A [nmol/mL],dataset_III,
850.9811320754717,144.2389364370219,A,O2 conc.A [nmol/mL],dataset_III,
851.4716981132076,144.3292572868615,A,O2 conc.A [nmol/mL],dataset_III,
851.9622641509434,143.9184787898067,A,O2 conc.A [nmol/mL],dataset_III,
852.4528301886793,144.2456235753191,A,O2 conc.A [nmol/mL],dataset_III,
852.9433962264151,143.3698509523474,A,O2 conc.A [nmol/mL],dataset_III,
853.433962264151,144.2594954858746,A,O2 conc.A [nmol/mL],dataset_III,
853.9245283018868,143.6326991923697,A,O2 conc.A [nmol/mL],dataset_III,
854.4150943396227,144.7541021826367,A,O2 conc.A [nmol/mL],dataset_III,
854.9056603773585,144.2112540806123,A,O2 conc.A [nmol/mL],dataset_III,
855.3962264150944,143.9693266019053,A,O2 conc.A [nmol/mL],dataset_III,
855.8867924528302,144.4060335298898,A,O2 conc.A [nmol/mL],dataset_III,
856.377358490566,143.9266021875328,A,O2 conc.A [nmol/mL],dataset_III,
856.867924528302,144.1525072586959,A,O2 conc.A [nmol/mL],dataset_III,
857.3584905660377,144.0514868249456,A,O2 conc.A [nmol/mL],dataset_III,
857.8490566037735,144.1230078813524,A,O2 conc.A [nmol/mL],dataset_III,
858.3396226415094,143.9828273007514,A,O2 conc.A [nmol/mL],dataset_III,
858.8301886792453,144.2322484212692,A,O2 conc.A [nmol/mL],dataset_III,
859.3207547169811,143.937751015043,A,O2 conc.A [nmol/mL],dataset_III,
859.8113207547169,144.1508436109,A,O2 conc.A [nmol/mL],dataset_III,
860.3018867924528,144.2798368400748,A,O2 conc.A [nmol/mL],dataset_III,
860.7924528301887,143.9738374056823,A,O2 conc.A [nmol/mL],dataset_III,
861.2830188679245,144.3316196380584,A,O2 conc.A [nmol/mL],dataset_III,
861.7735849056604,144.2441443114323,A,O2 conc.A [nmol/mL],dataset_III,
862.2641509433962,144.0488326497293,A,O2 conc.A [nmol/mL],dataset_III,
862.7547169811321,143.9942146051367,A,O2 conc.A [nmol/mL],dataset_III,
863.2452830188679,144.110514742916,A,O2 conc.A [nmol/mL],dataset_III,
863.7358490566038,144.0095013976778,A,O2 conc.A [nmol/mL],dataset_III,
864.2264150943396,143.994255782756,A,O2 conc.A [nmol/mL],dataset_III,
864.7169811320755,144.0895405993508,A,O2 conc.A [nmol/mL],dataset_III,
865.2075471698113,144.0696539614774,A,O2 conc.A [nmol/mL],dataset_III,
865.6981132075472,144.1494077817709,A,O2 conc.A [nmol/mL],dataset_III,
866.1886792452831,144.4776602177131,A,O2 conc.A [nmol/mL],dataset_III,
866.6792452830189,144.3506563648279,A,O2 conc.A [nmol/mL],dataset_III,
867.1698113207547,144.3351034675226,A,O2 conc.A [nmol/mL],dataset_III,
867.6603773584906,144.2520424875295,A,O2 conc.A [nmol/mL],dataset_III,
868.1509433962265,143.9717663454107,A,O2 conc.A [nmol/mL],dataset_III,
868.6415094339623,143.8575480949867,A,O2 conc.A [nmol/mL],dataset_III,
869.132075471698,144.065822580022,A,O2 conc.A [nmol/mL],dataset_III,
869.622641509434,144.4192530920622,A,O2 conc.A [nmol/mL],dataset_III,
870.1132075471698,144.4225126939209,A,O2 conc.A [nmol/mL],dataset_III,
870.6037735849056,143.7582080869947,A,O2 conc.A [nmol/mL],dataset_III,
871.0943396226415,143.6791769454549,A,O2 conc.A [nmol/mL],dataset_III,
871.5849056603773,144.5414285281318,A,O2 conc.A [nmol/mL],dataset_III,
872.0754716981132,144.4789668476712,A,O2 conc.A [nmol/mL],dataset_III,
872.566037735849,143.9660730195887,A,O2 conc.A [nmol/mL],dataset_III,
873.0566037735849,144.103409055551,A,O2 conc.A [nmol/mL],dataset_III,
873.5471698113207,144.1352106828643,A,O2 conc.A [nmol/mL],dataset_III,
874.0377358490566,144.398509700215,A,O2 conc.A [nmol/mL],dataset_III,
874.5283018867924,144.0007193820649,A,O2 conc.A [nmol/mL],dataset_III,
875.0188679245283,144.2706610091005,A,O2 conc.A [nmol/mL],dataset_III,
875.5094339622642,144.1911580248113,A,O2 conc.A [nmol/mL],dataset_III,
876.0,144.1978712942258,A,O2 conc.A [nmol/mL],dataset_III,
876.4905660377358,144.3862176141556,A,O2 conc.A [nmol/mL],dataset_III,
876.9811320754717,144.1593781605283,A,O2 conc.A [nmol/mL],dataset_III,
877.4716981132076,143.8023830035602,A,O2 conc.A [nmol/mL],dataset_III,
877.9622641509434,144.348314641526,A,O2 conc.A [nmol/mL],dataset_III,
878.4528301886793,144.0009515046116,A,O2 conc.A [nmol/mL],dataset_III,
878.9433962264151,144.3471664050037,A,O2 conc.A [nmol/mL],dataset_III,
879.433962264151,144.1889007613375,A,O2 conc.A [nmol/mL],dataset_III,
879.9245283018868,143.8782067641814,A,O2 conc.A [nmol/mL],dataset_III,
880.4150943396227,144.1864760293185,A,O2 conc.A [nmol/mL],dataset_III,
880.9056603773585,143.9639548160332,A,O2 conc.A [nmol/mL],dataset_III,
881.3962264150944,144.1902677085599,A,O2 conc.A [nmol/mL],dataset_III,
881.8867924528302,144.0216403076612,A,O2 conc.A [nmol/mL],dataset_III,
882.377358490566,144.3752260986594,A,O2 conc.A [nmol/mL],dataset_III,
882.867924528302,143.9447817341268,A,O2 conc.A [nmol/mL],dataset_III,
883.3584905660377,144.030805300418,A,O2 conc.A [nmol/mL],dataset_III,
883.8490566037735,143.947743036202,A,O2 conc.A [nmol/mL],dataset_III,
884.3396226415094,143.9242389269829,A,O2 conc.A [nmol/mL],dataset_III,
884.8301886792453,144.0552751498912,A,O2 conc.A [nmol/mL],dataset_III,
885.3207547169811,144.1762653996417,A,O2 conc.A [nmol/mL],dataset_III,
885.8113207547169,144.2628940686621,A,O2 conc.A [nmol/mL],dataset_III,
886.3018867924528,144.1354731354823,A,O2 conc.A [nmol/mL],dataset_III,
886.7924528301887,144.0089430704113,A,O2 conc.A [nmol/mL],dataset_III,
887.2830188679245,143.7329425616778,A,O2 conc.A [nmol/mL],dataset_III,
887.7735849056604,144.3582455063718,A,O2 conc.A [nmol/mL],dataset_III,
888.2641509433962,143.9958086436721,A,O2 conc.A [nmol/mL],dataset_III,
888.7547169811321,144.2228966198772,A,O2 conc.A [nmol/mL],dataset_III,
889.2452830188679,143.8564366057624,A,O2 conc.A [nmol/mL],dataset_III,
889.7358490566038,144.5012689380127,A,O2 conc.A [nmol/mL],dataset_III,
890.2264150943396,144.2956023190218,A,O2 conc.A [nmol/mL],dataset_III,
890.7169811320755,143.9005502844545,A,O2 conc.A [nmol/mL],dataset_III,
891.2075471698113,144.2097297601019,A,O2 conc.A [nmol/mL],dataset_III,
891.6981132075472,144.4583974197184,A,O2 conc.A [nmol/mL],dataset_III,
892.1886792452831,144.0785582490701,A,O2 conc.A [nmol/mL],dataset_III,
892.6792452830189,143.6973881294267,A,O2 conc.A [nmol/mL],dataset_III,
893.1698113207547,144.2369167952974,A,O2 conc.A [nmol/mL],dataset_III,
893.6603773584906,144.5845657973992,A,O2 conc.A [nmol/mL],dataset_III,
894.1509433962265,143.7234060643644,A,O2 conc.A [nmol/mL],dataset_III,
894.6415094339623,144.3789201238619,A,O2 conc.A [nmol/mL],dataset_III,
895.132075471698,144.0644995829951,A,O2 conc.A [nmol/mL],dataset_III,
895.622641509434,144.0999216017455,A,O2 conc.A [nmol/mL],dataset_III,
896.1132075471698,144.1706471910988,A,O2 conc.A [nmol/mL],dataset_III,
896.6037735849056,144.1257932725952,A,O2 conc.A [nmol/mL],dataset_III,
897.0943396226415,144.3384104230367,A,O2 conc.A [nmol/mL],dataset_III,
897.5849056603773,143.831571814374,A,O2 conc.A [nmol/mL],dataset_III,
898.0754716981132,144.1012035206208,A,O2 conc.A [nmol/mL],dataset_III,
898.566037735849,143.8888171190355,A,O2 conc.A [nmol/mL],dataset_III,
899.0566037735849,143.9950354473916,A,O2 conc.A [nmol/mL],dataset_III,
899.5471698113207,144.8658570443464,A,O2 conc.A [nmol/mL],dataset_III,
900.0377358490566,143.9112251364963,A,O2 conc.A [nmol/mL],dataset_III,
900.5283018867924,144.2349272275282,A,O2 conc.A [nmol/mL],dataset_III,
901.0188679245283,144.1992940823055,A,O2 conc.A [nmol/mL],dataset_III,
901.5094339622642,143.6427256744586,A,O2 conc.A [nmol/mL],dataset_III,
902.0,143.8359091418055,A,O2 conc.A [nmol/mL],dataset_III,
902.4905660377358,143.6686607381332,A,O2 conc.A [nmol/mL],dataset_III,
902.9811320754717,144.0844940605803,A,O2 conc.A [nmol/mL],dataset_III,
903.4716981132076,143.7940504276502,A,O2 conc.A [nmol/mL],dataset_III,
903.9622641509434,143.8984002731147,A,O2 conc.A [nmol/mL],dataset_III,
904.4528301886793,143.7389311929849,A,O2 conc.A [nmol/mL],dataset_III,
904.9433962264151,144.2910121094448,A,O2 conc.A [nmol/mL],dataset_III,
905.433962264151,144.2719296754683,A,O2 conc.A [nmol/mL],dataset_III,
905.9245283018868,144.4943025966816,A,O2 conc.A [nmol/mL],dataset_III,
906.4150943396227,144.0787449122067,A,O2 conc.A [nmol/mL],dataset_III,
906.9056603773585,144.3072355915667,A,O2 conc.A [nmol/mL],dataset_III,
907.3962264150944,144.4051135396305,A,O2 conc.A [nmol/mL],dataset_III,
907.8867924528302,144.6457235649302,A,O2 conc.A [nmol/mL],dataset_III,
908.377358490566,143.8103255622006,A,O2 conc.A [nmol/mL],dataset_III,
908.867924528302,143.9201280546306,A,O2 conc.A [nmol/mL],dataset_III,
909.3584905660377,143.8774742657024,A,O2 conc.A [nmol/mL],dataset_III,
909.8490566037735,143.776056393516,A,O2 conc.A [nmol/mL],dataset_III,
910.3396226415094,144.3013238211067,A,O2 conc.A [nmol/mL],dataset_III,
910.8301886792453,144.304746815439,A,O2 conc.A [nmol/mL],dataset_III,
911.3207547169811,143.7732600082148,A,O2 conc.A [nmol/mL],dataset_III,
911.8113207547169,143.8512823299987,A,O2 conc.A [nmol/mL],dataset_III,
912.3018867924528,144.2011382616377,A,O2 conc.A [nmol/mL],dataset_III,
912.7924528301887,143.9997872964021,A,O2 conc.A [nmol/mL],dataset_III,
913.2830188679245,144.1799665942009,A,O2 conc.A [nmol/mL],dataset_III,
913.7735849056604,144.0804444666338,A,O2 conc.A [nmol/mL],dataset_III,
914.2641509433962,144.3877175810037,A,O2 conc.A [nmol/mL],dataset_III,
914.7547169811321,144.4043906852843,A,O2 conc.A [nmol/mL],dataset_III,
915.2452830188679,143.6652511500774,A,O2 conc.A [nmol/mL],dataset_III,
915.7358490566038,144.4617847196195,A,O2 conc.A [nmol/mL],dataset_III,
916.2264150943396,144.0022604522908,A,O2 conc.A [nmol/mL],dataset_III,
916.7169811320755,143.8392053534957,A,O2 conc.A [nmol/mL],dataset_III,
917.2075471698113,144.2734401045104,A,O2 conc.A [nmol/mL],dataset_III,
917.6981132075472,143.8777888648268,A,O2 conc.A [nmol/mL],dataset_III,
918.1886792452831,143.8084036919751,A,O2 conc.A [nmol/mL],dataset_III,
918.6792452830189,144.0364706216214,A,O2 conc.A [nmol/mL],dataset_III,
919.1698113207547,144.4630125331029,A,O2 conc.A [nmol/mL],dataset_III,
919.6603773584906,143.6682351649989,A,O2 conc.A [nmol/mL],dataset_III,
920.1509433962265,143.8623826492126,A,O2 conc.A [nmol/mL],dataset_III,
920.6415094339623,143.6998268318842,A,O2 conc.A [nmol/mL],dataset_III,
921.132075471698,143.8215309345291,A,O2 conc.A [nmol/mL],dataset_III,
921.622641509434,144.0855732436805,A,O2 conc.A [nmol/mL],dataset_III,
922.1132075471698,143.792766263807,A,O2 conc.A [nmol/mL],dataset_III,
922.6037735849056,144.2003078512041,A,O2 conc.A [nmol/mL],dataset_III,
923.0943396226415,144.1491684082425,A,O2 conc.A [nmol/mL],dataset_III,
923.5849056603773,144.303264674119,A,O2 conc.A [nmol/mL],dataset_III,
924.0754716981132,144.6027223298663,A,O2 conc.A [nmol/mL],dataset_III,
924.566037735849,143.8755950614199,A,O2 conc.A [nmol/mL],dataset_III,
925.0566037735849,144.0024792947585,A,O2 conc.A [nmol/mL],dataset_III,
925.5471698113207,143.971637318368,A,O2 conc.A [nmol/mL],dataset_III,
926.0377358490566,144.0096719396238,A,O2 conc.A [nmol/mL],dataset_III,
926.5283018867924,144.2235540669752,A,O2 conc.A [nmol/mL],dataset_III,
927.0188679245283,144.2726728936825,A,O2 conc.A [nmol/mL],dataset_III,
927.5094339622642,143.9962233438231,A,O2 conc.A [nmol/mL],dataset_III,
928.0,144.4556394068318,A,O2 conc.A [nmol/mL],dataset_III,
928.4905660377358,144.0548041370705,A,O2 conc.A [nmol/mL],dataset_III,
928.9811320754717,144.0937415264559,A,O2 conc.A [nmol/mL],dataset_III,
929.4716981132076,143.9002353943399,A,O2 conc.A [nmol/mL],dataset_III,
929.9622641509434,144.2897073050738,A,O2 conc.A [nmol/mL],dataset_III,
930.4528301886793,144.309141376807,A,O2 conc.A [nmol/mL],dataset_III,
930.9433962264151,144.12341431354,A,O2 conc.A [nmol/mL],dataset_III,
931.433962264151,143.5844610205035,A,O2 conc.A [nmol/mL],dataset_III,
931.9245283018868,144.061750631157,A,O2 conc.A [nmol/mL],dataset_III,
932.4150943396227,144.2710319861509,A,O2 conc.A [nmol/mL],dataset_III,
932.9056603773585,144.0183921321953,A,O2 conc.A [nmol/mL],dataset_III,
933.3962264150944,144.0985314584732,A,O2 conc.A [nmol/mL],dataset_III,
933.8867924528302,144.2508525194776,A,O2 conc.A [nmol/mL],dataset_III,
934.377358490566,143.6678654546178,A,O2 conc.A [nmol/mL],dataset_III,
934.867924528302,144.3213900137938,A,O2 conc.A [nmol/mL],dataset_III,
935.3584905660377,143.6492888525674,A,O2 conc.A [nmol/mL],dataset_III,
935.8490566037735,144.1465984112942,A,O2 conc.A [nmol/mL],dataset_III,
936.3396226415094,144.2664534004797,A,O2 conc.A [nmol/mL],dataset_III,
936.8301886792453,143.997226444968,A,O2 conc.A [nmol/mL],dataset_III,
937.3207547169811,144.2395007964616,A,O2 conc.A [nmol/mL],dataset_III,
937.8113207547169,144.246178460911,A,O2 conc.A [nmol/mL],dataset_III,
938.3018867924528,143.9897804496432,A,O2 conc.A [nmol/mL],dataset_III,
938.7924528301887,144.0166188240735,A,O2 conc.A [nmol/mL],dataset_III,
939.2830188679245,144.3236866106061,A,O2 conc.A [nmol/mL],dataset_III,
939.7735849056604,144.1993318042179,A,O2 conc.A [nmol/mL],dataset_III,
940.2641509433962,144.2728357481299,A,O2 conc.A [nmol/mL],dataset_III,
940.7547169811321,144.2254225104336,A,O2 conc.A [nmol/mL],dataset_III,
941.2452830188679,143.9803812565104,A,O2 conc.A [nmol/mL],dataset_III,
941.7358490566038,143.8584711050551,A,O2 conc.A [nmol/mL],dataset_III,
942.2264150943396,143.8673675915555,A,O2 conc.A [nmol/mL],dataset_III,
942.7169811320755,143.7887259271706,A,O2 conc.A [nmol/mL],dataset_III,
943.2075471698113,143.6205100371526,A,O2 conc.A [nmol/mL],dataset_III,
943.6981132075472,143.9752073354652,A,O2 conc.A [nmol/mL],dataset_III,
944.1886792452831,143.8975099505899,A,O2 conc.A [nmol/mL],dataset_III,
944.6792452830189,144.1387967590524,A,O2 conc.A [nmol/mL],dataset_III,
945.1698113207547,144.0656425819757,A,O2 conc.A [nmol/mL],dataset_III,
945.6603773584906,144.2160007416164,A,O2 conc.A [nmol/mL],dataset_III,
946.1509433962265,144.4041710386413,A,O2 conc.A [nmol/mL],dataset_III,
946.6415094339623,143.8774807484122,A,O2 conc.A [nmol/mL],dataset_III,
947.132075471698,144.0601526814427,A,O2 conc.A [nmol/mL],dataset_III,
947.622641509434,144.0275294628657,A,O2 conc.A [nmol/mL],dataset_III,
948.1132075471698,143.9043212960405,A,O2 conc.A [nmol/mL],dataset_III,
948.6037735849056,143.8244612939539,A,O2 conc.A [nmol/mL],dataset_III,
949.0943396226415,144.1376256460431,A,O2 conc.A [nmol/mL],dataset_III,
949.5849056603773,144.1886034307601,A,O2 conc.A [nmol/mL],dataset_III,
950.0754716981132,144.0533938835521,A,O2 conc.A [nmol/mL],dataset_III,
950.566037735849,144.263302602903,A,O2 conc.A [nmol/mL],dataset_III,
951.0566037735849,144.2006658304258,A,O2 conc.A [nmol/mL],dataset_III,
951.5471698113207,144.3756292700064,A,O2 conc.A [nmol/mL],dataset_III,
952.0377358490566,144.1335291209836,A,O2 conc.A [nmol/mL],dataset_III,
952.5283018867924,144.1610114359796,A,O2 conc.A [nmol/mL],dataset_III,
953.0188679245283,144.4029123808852,A,O2 conc.A [nmol/mL],dataset_III,
953.5094339622642,144.0148095384708,A,O2 conc.A [nmol/mL],dataset_III,
954.0,144.2382253799913,A,O2 conc.A [nmol/mL],dataset_III,end
