time_s,oxygen_nmol_ml,chamber,source_column,dataset,event
210.0,163.8929939495356,B,O2 conc.B [nmol/mL],dataset_III,start
210.9574468085106,164.1883704188365,B,O2 conc.B [nmol/mL],dataset_III,
211.9148936170213,164.6026227958108,B,O2 conc.B [nmol/mL],dataset_III,
212.8723404255319,164.2893215911411,B,O2 conc.B [nmol/mL],dataset_III,
213.8297872340426,164.2661544143391,B,O2 conc.B [nmol/mL],dataset_III,
214.7872340425532,164.6259902114369,B,O2 conc.B [nmol/mL],dataset_III,
215.7446808510638,164.7465906473479,B,O2 conc.B [nmol/mL],dataset_III,
216.7021276595745,164.8466340126795,B,O2 conc.B [nmol/mL],dataset_III,
217.6595744680851,163.9981956007966,B,O2 conc.B [nmol/mL],dataset_III,
218.6170212765958,163.6878856158151,B,O2 conc.B [nmol/mL],dataset_III,
219.5744680851064,164.5864448008953,B,O2 conc.B [nmol/mL],dataset_III,
220.531914893617,164.7362058678708,B,O2 conc.B [nmol/mL],dataset_III,
221.4893617021277,163.9152357738978,B,O2 conc.B [nmol/mL],dataset_III,
222.4468085106383,164.5909344828394,B,O2 conc.B [nmol/mL],dataset_III,
223.4042553191489,164.1642487152023,B,O2 conc.B [nmol/mL],dataset_III,
224.3617021276596,164.2528117456534,B,O2 conc.B [nmol/mL],dataset_III,
225.3191489361702,164.376517610006,B,O2 conc.B [nmol/mL],dataset_III,
226.2765957446809,164.6210221235266,B,O2 conc.B [nmol/mL],dataset_III,
227.2340425531915,164.3302725187181,B,O2 conc.B [nmol/mL],dataset_III,
228.1914893617021,164.4689270163223,B,O2 conc.B [nmol/mL],dataset_III,
229.1489361702128,164.6702479468137,B,O2 conc.B [nmol/mL],dataset_III,
230.1063829787234,164.892231636868,B,O2 conc.B [nmol/mL],dataset_III,
231.0638297872341,164.3157477702031,B,O2 conc.B [nmol/mL],dataset_III,
232.0212765957447,164.1532501821652,B,O2 conc.B [nmol/mL],dataset_III,
232.9787234042553,164.4198181579467,B,O2 conc.B [nmol/mL],dataset_III,
233.9361702127659,163.8842883019815,B,O2 conc.B [nmol/mL],dataset_III,
234.8936170212766,164.43466599012,B,O2 conc.B [nmol/mL],dataset_III,
235.8510638297872,163.753787519243,B,O2 conc.B [nmol/mL],dataset_III,
236.8085106382979,163.4889321418216,B,O2 conc.B [nmol/mL],dataset_III,
237.7659574468085,164.2198504459932,B,O2 conc.B [nmol/mL],dataset_III,
238.7234042553191,163.3814776621862,B,O2 conc.B [nmol/mL],dataset_III,
239.6808510638298,163.392243026552,B,O2 conc.B [nmol/mL],dataset_III,
240.6382978723404,163.3683840143519,B,O2 conc.B [nmol/mL],dataset_III,
241.5957446808511,163.252323108049,B,O2 conc.B [nmol/mL],dataset_III,
242.5531914893617,163.3967644853438,B,O2 conc.B [nmol/mL],dataset_III,
243.5106382978723,163.4930321782023,B,O2 conc.B [nmol/mL],dataset_III,
244.468085106383,162.7299287721566,B,O2 conc.B [nmol/mL],dataset_III,
245.4255319148936,162.6938269500336,B,O2 conc.B [nmol/mL],dataset_III,
246.3829787234042,162.9966522297663,B,O2 conc.B [nmol/mL],dataset_III,
247.3404255319149,163.678113736654,B,O2 conc.B [nmol/mL],dataset_III,
248.2978723404255,162.2240240370277,B,O2 conc.B [nmol/mL],dataset_III,
249.2553191489362,163.1251148917302,B,O2 conc.B [nmol/mL],dataset_III,
250.2127659574468,162.6621157267033,B,O2 conc.B [nmol/mL],dataset_III,
251.1702127659574,162.3277800849662,B,O2 conc.B [nmol/mL],dataset_III,
252.1276595744681,161.9720454247318,B,O2 conc.B [nmol/mL],dataset_III,
253.0851063829787,161.8724669058489,B,O2 conc.B [nmol/mL],dataset_III,
254.0425531914894,162.3660844508937,B,O2 conc.B [nmol/mL],dataset_III,
255.0,162.3753839788939,B,O2 conc.B [nmol/mL],dataset_III,
255.9574468085106,162.907361053494,B,O2 conc.B [nmol/mL],dataset_III,
256.9148936170213,161.8937457216532,B,O2 conc.B [nmol/mL],dataset_III,
257.8723404255319,161.8660715305109,B,O2 conc.B [nmol/mL],dataset_III,
258.8297872340426,161.6047556231658,B,O2 conc.B [nmol/mL],dataset_III,
259.7872340425532,161.5385702633469,B,O2 conc.B [nmol/mL],dataset_III,
260.7446808510638,162.0427729971737,B,O2 conc.B [nmol/mL],dataset_III,
261.7021276595744,160.8231682112455,B,O2 conc.B [nmol/mL],dataset_III,
262.6595744680851,161.2223492900453,B,O2 conc.B [nmol/mL],dataset_III,
263.6170212765958,161.3627113833946,B,O2 conc.B [nmol/mL],dataset_III,
264.5744680851064,161.3744867599721,B,O2 conc.B [nmol/mL],dataset_III,
265.531914893617,160.7457468096036,B,O2 conc.B [nmol/mL],dataset_III,
266.4893617021277,160.6951317543045,B,O2 conc.B [nmol/mL],dataset_III,
267.4468085106383,160.5811081917022,B,O2 conc.B [nmol/mL],dataset_III,
268.4042553191489,159.7420477424216,B,O2 conc.B [nmol/mL],dataset_III,
269.3617021276596,161.0280621216278,B,O2 conc.B [nmol/mL],dataset_III,
270.3191489361702,160.5183280207304,B,O2 conc.B [nmol/mL],dataset_III,
271.2765957446808,160.057278147236,B,O2 conc.B [nmol/mL],dataset_III,
272.2340425531915,160.4154160925266,B,O2 conc.B [nmol/mL],dataset_III,
273.1914893617021,160.2011598335101,B,O2 conc.B [nmol/mL],dataset_III,
274.1489361702128,160.390672800013,B,O2 conc.B [nmol/mL],dataset_III,
275.1063829787234,160.4303476606395,B,O2 conc.B [nmol/mL],dataset_III,
276.0638297872341,158.7126565140951,B,O2 conc.B [nmol/mL],dataset_III,
277.0212765957447,159.641792001616,B,O2 conc.B [nmol/mL],dataset_III,
277.9787234042553,159.0527464584761,B,O2 conc.B [nmol/mL],dataset_III,
278.9361702127659,159.9381909716632,B,O2 conc.B [nmol/mL],dataset_III,
279.8936170212766,159.8278778084845,B,O2 conc.B [nmol/mL],dataset_III,
280.8510638297872,159.9808425679437,B,O2 conc.B [nmol/mL],dataset_III,
281.8085106382979,159.0410114247214,B,O2 conc.B [nmol/mL],dataset_III,
282.7659574468085,158.8157394879076,B,O2 conc.B [nmol/mL],dataset_III,
283.7234042553192,159.2889739405625,B,O2 conc.B [nmol/mL],dataset_III,
284.6808510638298,158.6020096798538,B,O2 conc.B [nmol/mL],dataset_III,
285.6382978723404,158.6958206541807,B,O2 conc.B [nmol/mL],dataset_III,
286.5957446808511,157.9610337102653,B,O2 conc.B [nmol/mL],dataset_III,
287.5531914893617,157.879156895782,B,O2 conc.B [nmol/mL],dataset_III,
288.5106382978723,158.3827797752645,B,O2 conc.B [nmol/mL],dataset_III,
289.468085106383,157.9900961691804,B,O2 conc.B [nmol/mL],dataset_III,
290.4255319148936,158.0593561239054,B,O2 conc.B [nmol/mL],dataset_III,
291.3829787234043,157.6613651150297,B,O2 conc.B [nmol/mL],dataset_III,
292.3404255319149,158.3821722881344,B,O2 conc.B [nmol/mL],dataset_III,
293.2978723404256,158.0016728300517,B,O2 conc.B [nmol/mL],dataset_III,
294.2553191489362,157.9833616647414,B,O2 conc.B [nmol/mL],dataset_III,
295.2127659574468,158.2879518016676,B,O2 conc.B [nmol/mL],dataset_III,
296.1702127659574,157.5277895038149,B,O2 conc.B [nmol/mL],dataset_III,
297.1276595744681,157.7864533263873,B,O2 conc.B [nmol/mL],dataset_III,
298.0851063829787,157.4825350499407,B,O2 conc.B [nmol/mL],dataset_III,
299.0425531914893,157.1368065750474,B,O2 conc.B [nmol/mL],dataset_III,
300.0,157.2718818644382,B,O2 conc.B [nmol/mL],dataset_III,oligomycin
300.3773584905661,157.2426698216555,B,O2 conc.B [nmol/mL],dataset_III,
300.754716981132,156.7837405659783,B,O2 conc.B [nmol/mL],dataset_III,
301.1320754716981,156.9314454320085,B,O2 conc.B [nmol/mL],dataset_III,
301.5094339622642,156.3874122337626,B,O2 conc.B [nmol/mL],dataset_III,
301.8867924528302,156.8075848360335,B,O2 conc.B [nmol/mL],dataset_III,
302.2641509433962,156.843269701068,B,O2 conc.B [nmol/mL],dataset_III,
302.6415094339623,156.6551730285481,B,O2 conc.B [nmol/mL],dataset_III,
303.0188679245283,156.7919498340252,B,O2 conc.B [nmol/mL],dataset_III,
303.3962264150944,156.6551005104153,B,O2 conc.B [nmol/mL],dataset_III,
303.7735849056604,156.9033723931538,B,O2 conc.B [nmol/mL],dataset_III,
304.1509433962264,156.6267937758165,B,O2 conc.B [nmol/mL],dataset_III,
304.5283018867925,156.1966853126348,B,O2 conc.B [nmol/mL],dataset_III,
304.9056603773585,156.8605386065626,B,O2 conc.B [nmol/mL],dataset_III,
305.2830188679245,155.5819771445366,B,O2 conc.B [nmol/mL],dataset_III,
305.6603773584906,157.1415093040731,B,O2 conc.B [nmol/mL],dataset_III,
306.0377358490566,157.3369898688928,B,O2 conc.B [nmol/mL],dataset_III,
306.4150943396227,156.8977201010263,B,O2 conc.B [nmol/mL],dataset_III,
306.7924528301887,156.6413318424339,B,O2 conc.B [nmol/mL],dataset_III,
307.1698113207547,156.7570527583389,B,O2 conc.B [nmol/mL],dataset_III,
307.5471698113208,156.6696690012942,B,O2 conc.B [nmol/mL],dataset_III,
307.9245283018868,156.6213726771351,B,O2 conc.B [nmol/mL],dataset_III,
308.3018867924528,156.5602400587169,B,O2 conc.B [nmol/mL],dataset_III,
308.6792452830189,156.7424063211132,B,O2 conc.B [nmol/mL],dataset_III,
309.0566037735849,157.5012249171075,B,O2 conc.B [nmol/mL],dataset_III,
309.4339622641509,156.8637410096777,B,O2 conc.B [nmol/mL],dataset_III,
309.811320754717,156.9555685422213,B,O2 conc.B [nmol/mL],dataset_III,
310.188679245283,157.2748985714762,B,O2 conc.B [nmol/mL],dataset_III,
310.5660377358491,156.7743784668089,B,O2 conc.B [nmol/mL],dataset_III,
310.9433962264151,156.2403326270904,B,O2 conc.B [nmol/mL],dataset_III,
311.3207547169811,156.615190493919,B,O2 conc.B [nmol/mL],dataset_III,
311.6981132075472,157.0448401649144,B,O2 conc.B [nmol/mL],dataset_III,
312.0754716981132,156.0429901943262,B,O2 conc.B [nmol/mL],dataset_III,
312.4528301886792,156.8153213198319,B,O2 conc.B [nmol/mL],dataset_III,
312.8301886792453,156.2350434042415,B,O2 conc.B [nmol/mL],dataset_III,
313.2075471698113,155.8841006515288,B,O2 conc.B [nmol/mL],dataset_III,
313.5849056603773,156.2047236078117,B,O2 conc.B [nmol/mL],dataset_III,
313.9622641509434,156.3685568245832,B,O2 conc.B [nmol/mL],dataset_III,
314.3396226415094,156.6396500974607,B,O2 conc.B [nmol/mL],dataset_III,
314.7169811320755,156.7905323338317,B,O2 conc.B [nmol/mL],dataset_III,
315.0943396226415,156.6550341387198,B,O2 conc.B [nmol/mL],dataset_III,
315.4716981132075,156.9139637473377,B,O2 conc.B [nmol/mL],dataset_III,
315.8490566037736,156.6980873011825,B,O2 conc.B [nmol/mL],dataset_III,
316.2264150943396,156.3895093465841,B,O2 conc.B [nmol/mL],dataset_III,
316.6037735849056,155.6600756174379,B,O2 conc.B [nmol/mL],dataset_III,
316.9811320754717,156.6165781783661,B,O2 conc.B [nmol/mL],dataset_III,
317.3584905660377,156.2984077798998,B,O2 conc.B [nmol/mL],dataset_III,
317.7358490566038,156.6671889328589,B,O2 conc.B [nmol/mL],dataset_III,
318.1132075471698,156.2653668896929,B,O2 conc.B [nmol/mL],dataset_III,
318.4905660377358,156.6514082742215,B,O2 conc.B [nmol/mL],dataset_III,
318.8679245283019,156.9794459933737,B,O2 conc.B [nmol/mL],dataset_III,
319.245283018868,156.484884071639,B,O2 conc.B [nmol/mL],dataset_III,
319.6226415094339,155.7244629255015,B,O2 conc.B [nmol/mL],dataset_III,
320.0,156.1247709310635,B,O2 conc.B [nmol/mL],dataset_III,
320.3773584905661,156.1985580061105,B,O2 conc.B [nmol/mL],dataset_III,
320.7547169811321,156.7446408033726,B,O2 conc.B [nmol/mL],dataset_III,
321.1320754716981,156.3171087751169,B,O2 conc.B [nmol/mL],dataset_III,
321.5094339622642,155.95419172574,B,O2 conc.B [nmol/mL],dataset_III,
321.8867924528302,155.7157060440589,B,O2 conc.B [nmol/mL],dataset_III,
322.2641509433962,156.1888839827562,B,O2 conc.B [nmol/mL],dataset_III,
322.6415094339623,155.7444634828339,B,O2 conc.B [nmol/mL],dataset_III,
323.0188679245283,155.4741988332653,B,O2 conc.B [nmol/mL],dataset_III,
323.3962264150944,156.3335373558672,B,O2 conc.B [nmol/mL],dataset_III,
323.7735849056604,156.0786344298349,B,O2 conc.B [nmol/mL],dataset_III,
324.1509433962264,156.0190315078413,B,O2 conc.B [nmol/mL],dataset_III,
324.5283018867925,156.0973683820244,B,O2 conc.B [nmol/mL],dataset_III,
324.9056603773585,155.8826592248548,B,O2 conc.B [nmol/mL],dataset_III,
325.2830188679245,156.6045801067834,B,O2 conc.B [nmol/mL],dataset_III,
325.6603773584906,156.3047418225276,B,O2 conc.B [nmol/mL],dataset_III,
326.0377358490566,155.8488262826334,B,O2 conc.B [nmol/mL],dataset_III,
326.4150943396227,156.3074311436764,B,O2 conc.B [nmol/mL],dataset_III,
326.7924528301887,155.9245456458151,B,O2 conc.B [nmol/mL],dataset_III,
327.1698113207547,156.0365597684913,B,O2 conc.B [nmol/mL],dataset_III,
327.5471698113208,155.6849028015534,B,O2 conc.B [nmol/mL],dataset_III,
327.9245283018868,157.0346823067105,B,O2 conc.B [nmol/mL],dataset_III,
328.3018867924528,156.1371012639273,B,O2 conc.B [nmol/mL],dataset_III,
328.6792452830189,156.1023946563147,B,O2 conc.B [nmol/mL],dataset_III,
329.0566037735849,156.4391412030494,B,O2 conc.B [nmol/mL],dataset_III,
329.4339622641509,156.3755307794695,B,O2 conc.B [nmol/mL],dataset_III,
329.811320754717,156.2031271944815,B,O2 conc.B [nmol/mL],dataset_III,
330.188679245283,155.8657847168975,B,O2 conc.B [nmol/mL],dataset_III,
330.5660377358491,155.841668531958,B,O2 conc.B [nmol/mL],dataset_III,
330.9433962264151,155.3988906670928,B,O2 conc.B [nmol/mL],dataset_III,
331.3207547169811,156.090726962737,B,O2 conc.B [nmol/mL],dataset_III,
331.6981132075472,155.6320242196091,B,O2 conc.B [nmol/mL],dataset_III,
332.0754716981132,155.3695865980388,B,O2 conc.B [nmol/mL],dataset_III,
332.4528301886792,155.9445794657575,B,O2 conc.B [nmol/mL],dataset_III,
332.8301886792453,155.7840597898804,B,O2 conc.B [nmol/mL],dataset_III,
333.2075471698113,155.8084508528075,B,O2 conc.B [nmol/mL],dataset_III,
333.5849056603773,156.0723825278842,B,O2 conc.B [nmol/mL],dataset_III,
333.9622641509434,155.7252536307954,B,O2 conc.B [nmol/mL],dataset_III,
334.3396226415094,155.9125488361923,B,O2 conc.B [nmol/mL],dataset_III,
334.7169811320755,155.1944194633484,B,O2 conc.B [nmol/mL],dataset_III,
335.0943396226415,156.285232973189,B,O2 conc.B [nmol/mL],dataset_III,
335.4716981132075,156.1495858751498,B,O2 conc.B [nmol/mL],dataset_III,
335.8490566037736,155.6923186896119,B,O2 conc.B [nmol/mL],dataset_III,
336.2264150943396,155.958341875345,B,O2 conc.B [nmol/mL],dataset_III,
336.6037735849056,155.5292290468888,B,O2 conc.B [nmol/mL],dataset_III,
336.9811320754717,156.0043538439894,B,O2 conc.B [nmol/mL],dataset_III,
337.3584905660377,156.0851523070756,B,O2 conc.B [nmol/mL],dataset_III,
337.7358490566038,155.2974611182,B,O2 conc.B [nmol/mL],dataset_III,
338.1132075471698,156.2296071866456,B,O2 conc.B [nmol/mL],dataset_III,
338.4905660377358,155.2873464689167,B,O2 conc.B [nmol/mL],dataset_III,
338.8679245283019,155.4648796259059,B,O2 conc.B [nmol/mL],dataset_III,
339.245283018868,155.5989480558696,B,O2 conc.B [nmol/mL],dataset_III,
339.6226415094339,156.0205301102737,B,O2 conc.B [nmol/mL],dataset_III,
340.0,155.4999326479882,B,O2 conc.B [nmol/mL],dataset_III,
340.3773584905661,155.1009207984642,B,O2 conc.B [nmol/mL],dataset_III,
340.7547169811321,155.3162243971394,B,O2 conc.B [nmol/mL],dataset_III,
341.1320754716981,155.9447995357163,B,O2 conc.B [nmol/mL],dataset_III,
341.5094339622642,155.9133419074691,B,O2 conc.B [nmol/mL],dataset_III,
341.8867924528302,155.9865819994883,B,O2 conc.B [nmol/mL],dataset_III,
342.2641509433962,156.1140578122089,B,O2 conc.B [nmol/mL],dataset_III,
342.6415094339623,155.1037007582613,B,O2 conc.B [nmol/mL],dataset_III,
343.0188679245283,155.4838594740652,B,O2 conc.B [nmol/mL],dataset_III,
343.3962264150944,156.0608059207091,B,O2 conc.B [nmol/mL],dataset_III,
343.7735849056604,155.4404326396693,B,O2 conc.B [nmol/mL],dataset_III,
344.1509433962264,156.0317254992002,B,O2 conc.B [nmol/mL],dataset_III,
344.5283018867925,155.4439696389469,B,O2 conc.B [nmol/mL],dataset_III,
344.9056603773585,155.755109266406,B,O2 conc.B [nmol/mL],dataset_III,
345.2830188679245,155.2001113388315,B,O2 conc.B [nmol/mL],dataset_III,
345.6603773584906,155.209563038827,B,O2 conc.B [nmol/mL],dataset_III,
346.0377358490566,155.7760698890359,B,O2 conc.B [nmol/mL],dataset_III,
346.4150943396227,155.3098484721295,B,O2 conc.B [nmol/mL],dataset_III,
346.7924528301887,155.5748882674049,B,O2 conc.B [nmol/mL],dataset_III,
347.1698113207547,156.0456397024615,B,O2 conc.B [nmol/mL],dataset_III,
347.5471698113208,155.1997671137687,B,O2 conc.B [nmol/mL],dataset_III,
347.9245283018868,154.8664882095902,B,O2 conc.B [nmol/mL],dataset_III,
348.3018867924528,155.1066351658847,B,O2 conc.B [nmol/mL],dataset_III,
348.6792452830189,155.6347206081761,B,O2 conc.B [nmol/mL],dataset_III,
349.0566037735849,155.348119251129,B,O2 conc.B [nmol/mL],dataset_III,
349.433962264151,155.7103037327616,B,O2 conc.B [nmol/mL],dataset_III,
349.811320754717,155.450668836293,B,O2 conc.B [nmol/mL],dataset_III,
350.188679245283,155.3199323452269,B,O2 conc.B [nmol/mL],dataset_III,
350.5660377358491,154.9733320087664,B,O2 conc.B [nmol/mL],dataset_III,
350.9433962264151,154.6755356460966,B,O2 conc.B [nmol/mL],dataset_III,
351.3207547169811,155.2795075180011,B,O2 conc.B [nmol/mL],dataset_III,
351.6981132075472,154.9797643669801,B,O2 conc.B [nmol/mL],dataset_III,
352.0754716981132,155.5496876383792,B,O2 conc.B [nmol/mL],dataset_III,
352.4528301886792,155.9336569907717,B,O2 conc.B [nmol/mL],dataset_III,
352.8301886792453,154.8168983614268,B,O2 conc.B [nmol/mL],dataset_III,
353.2075471698113,154.8823423740144,B,O2 conc.B [nmol/mL],dataset_III,
353.5849056603773,155.2778952180999,B,O2 conc.B [nmol/mL],dataset_III,
353.9622641509434,155.3001905662892,B,O2 conc.B [nmol/mL],dataset_III,
354.3396226415094,154.7073831272963,B,O2 conc.B [nmol/mL],dataset_III,
354.7169811320755,154.7068509625769,B,O2 conc.B [nmol/mL],dataset_III,
355.0943396226415,155.0452049716992,B,O2 conc.B [nmol/mL],dataset_III,
355.4716981132075,154.9962506678268,B,O2 conc.B [nmol/mL],dataset_III,
355.8490566037736,155.1440505187782,B,O2 conc.B [nmol/mL],dataset_III,
356.2264150943396,154.7996222247681,B,O2 conc.B [nmol/mL],dataset_III,
356.6037735849056,155.2347897187076,B,O2 conc.B [nmol/mL],dataset_III,
356.9811320754717,154.932627502645,B,O2 conc.B [nmol/mL],dataset_III,
357.3584905660377,154.6036858807138,B,O2 conc.B [nmol/mL],dataset_III,
357.7358490566038,155.6855547232542,B,O2 conc.B [nmol/mL],dataset_III,
358.1132075471698,155.1912480392772,B,O2 conc.B [nmol/mL],dataset_III,
358.4905660377358,154.9010658009671,B,O2 conc.B [nmol/mL],dataset_III,
358.8679245283019,155.1012680550817,B,O2 conc.B [nmol/mL],dataset_III,
359.245283018868,155.2582950077831,B,O2 conc.B [nmol/mL],dataset_III,
359.6226415094339,155.3237673561185,B,O2 conc.B [nmol/mL],dataset_III,
360.0,154.7400274228852,B,O2 conc.B [nmol/mL],dataset_III,
360.3773584905661,155.2590583439254,B,O2 conc.B [nmol/mL],dataset_III,
360.7547169811321,154.9911938049884,B,O2 conc.B [nmol/mL],dataset_III,
361.1320754716981,154.8193159551646,B,O2 conc.B [nmol/mL],dataset_III,
361.5094339622642,154.8873408092546,B,O2 conc.B [nmol/mL],dataset_III,
361.8867924528302,154.6065372866886,B,O2 conc.B [nmol/mL],dataset_III,
362.2641509433962,155.9624561434878,B,O2 conc.B [nmol/mL],dataset_III,
362.6415094339623,155.0284640045015,B,O2 conc.B [nmol/mL],dataset_III,
363.0188679245283,154.8408989112507,B,O2 conc.B [nmol/mL],dataset_III,
363.3962264150944,154.5655609951867,B,O2 conc.B [nmol/mL],dataset_III,
363.7735849056604,155.0725971671236,B,O2 conc.B [nmol/mL],dataset_III,
364.1509433962264,155.3672225477076,B,O2 conc.B [nmol/mL],dataset_III,
364.5283018867925,154.5148525710416,B,O2 conc.B [nmol/mL],dataset_III,
364.9056603773585,155.16353793849,B,O2 conc.B [nmol/mL],dataset_III,
365.2830188679245,154.7363132863745,B,O2 conc.B [nmol/mL],dataset_III,
365.6603773584906,154.1605388273343,B,O2 conc.B [nmol/mL],dataset_III,
366.0377358490566,154.687637958117,B,O2 conc.B [nmol/mL],dataset_III,
366.4150943396227,155.2474922065122,B,O2 conc.B [nmol/mL],dataset_III,
366.7924528301887,155.4537041253815,B,O2 conc.B [nmol/mL],dataset_III,
367.1698113207547,154.738754412303,B,O2 conc.B [nmol/mL],dataset_III,
367.5471698113208,154.5633563760699,B,O2 conc.B [nmol/mL],dataset_III,
367.9245283018868,154.1151024424858,B,O2 conc.B [nmol/mL],dataset_III,
368.3018867924528,155.2542814060589,B,O2 conc.B [nmol/mL],dataset_III,
368.6792452830189,154.8811226400661,B,O2 conc.B [nmol/mL],dataset_III,
369.0566037735849,154.0649403621606,B,O2 conc.B [nmol/mL],dataset_III,
369.433962264151,154.2440253594949,B,O2 conc.B [nmol/mL],dataset_III,
369.811320754717,154.836221346632,B,O2 conc.B [nmol/mL],dataset_III,
370.188679245283,155.2037626131804,B,O2 conc.B [nmol/mL],dataset_III,
370.5660377358491,154.6415949498602,B,O2 conc.B [nmol/mL],dataset_III,
370.9433962264151,154.8798335285406,B,O2 conc.B [nmol/mL],dataset_III,
371.3207547169811,154.0760239995029,B,O2 conc.B [nmol/mL],dataset_III,
371.6981132075472,154.3882078467466,B,O2 conc.B [nmol/mL],dataset_III,
372.0754716981132,154.6849500694589,B,O2 conc.B [nmol/mL],dataset_III,
372.4528301886793,154.1177225625287,B,O2 conc.B [nmol/mL],dataset_III,
372.8301886792453,154.4723358596641,B,O2 conc.B [nmol/mL],dataset_III,
373.2075471698113,154.5945613682849,B,O2 conc.B [nmol/mL],dataset_III,
373.5849056603773,155.0118628147623,B,O2 conc.B [nmol/mL],dataset_III,
373.9622641509434,154.2197212226457,B,O2 conc.B [nmol/mL],dataset_III,
374.3396226415094,153.9368387397366,B,O2 conc.B [nmol/mL],dataset_III,
374.7169811320755,154.4960241386912,B,O2 conc.B [nmol/mL],dataset_III,
375.0943396226415,154.5974504098126,B,O2 conc.B [nmol/mL],dataset_III,
375.4716981132075,154.3430952351683,B,O2 conc.B [nmol/mL],dataset_III,
375.8490566037736,154.7433411296781,B,O2 conc.B [nmol/mL],dataset_III,
376.2264150943396,154.353668246902,B,O2 conc.B [nmol/mL],dataset_III,
376.6037735849056,154.643424717894,B,O2 conc.B [nmol/mL],dataset_III,
376.9811320754717,154.1146550364256,B,O2 conc.B [nmol/mL],dataset_III,
377.3584905660377,154.8945794546652,B,O2 conc.B [nmol/mL],dataset_III,
377.7358490566038,154.9878518740637,B,O2 conc.B [nmol/mL],dataset_III,
378.1132075471698,154.8043540014066,B,O2 conc.B [nmol/mL],dataset_III,
378.4905660377358,154.4194440810432,B,O2 conc.B [nmol/mL],dataset_III,
378.8679245283019,153.7244662777611,B,O2 conc.B [nmol/mL],dataset_III,
379.245283018868,154.8552707286305,B,O2 conc.B [nmol/mL],dataset_III,
379.6226415094339,154.206726860181,B,O2 conc.B [nmol/mL],dataset_III,
380.0,154.4532262448869,B,O2 conc.B [nmol/mL],dataset_III,
380.3773584905661,153.8050109054861,B,O2 conc.B [nmol/mL],dataset_III,
380.7547169811321,153.905435659941,B,O2 conc.B [nmol/mL],dataset_III,
381.1320754716981,154.4216985970576,B,O2 conc.B [nmol/mL],dataset_III,
381.5094339622642,154.3894433970994,B,O2 conc.B [nmol/mL],dataset_III,
381.8867924528302,154.3503149710971,B,O2 conc.B [nmol/mL],dataset_III,
382.2641509433962,154.336542904548,B,O2 conc.B [nmol/mL],dataset_III,
382.6415094339623,154.1227268984162,B,O2 conc.B [nmol/mL],dataset_III,
383.0188679245283,154.8787950354283,B,O2 conc.B [nmol/mL],dataset_III,
383.3962264150944,154.0975588716537,B,O2 conc.B [nmol/mL],dataset_III,
383.7735849056604,154.0656470070134,B,O2 conc.B [nmol/mL],dataset_III,
384.1509433962264,153.8931241379486,B,O2 conc.B [nmol/mL],dataset_III,
384.5283018867925,154.0472158217688,B,O2 conc.B [nmol/mL],dataset_III,
384.9056603773585,154.3267930837757,B,O2 conc.B [nmol/mL],dataset_III,
385.2830188679245,154.2189448612469,B,O2 conc.B [nmol/mL],dataset_III,
385.6603773584906,153.9175261340225,B,O2 conc.B [nmol/mL],dataset_III,
386.0377358490566,153.6596289202371,B,O2 conc.B [nmol/mL],dataset_III,
386.4150943396227,154.3696535247073,B,O2 conc.B [nmol/mL],dataset_III,
386.7924528301887,153.9567076654652,B,O2 conc.B [nmol/mL],dataset_III,
387.1698113207547,154.2098181555143,B,O2 conc.B [nmol/mL],dataset_III,
387.5471698113208,153.691764462047,B,O2 conc.B [nmol/mL],dataset_III,
387.9245283018868,153.8343021920413,B,O2 conc.B [nmol/mL],dataset_III,
388.3018867924528,154.3012054880574,B,O2 conc.B [nmol/mL],dataset_III,
388.6792452830189,154.2873770791401,B,O2 conc.B [nmol/mL],dataset_III,
389.0566037735849,154.2012555649295,B,O2 conc.B [nmol/mL],dataset_III,
389.433962264151,153.7363587158176,B,O2 conc.B [nmol/mL],dataset_III,
389.811320754717,154.2606996454651,B,O2 conc.B [nmol/mL],dataset_III,
390.188679245283,153.7128981051196,B,O2 conc.B [nmol/mL],dataset_III,
390.5660377358491,154.0896075958243,B,O2 conc.B [nmol/mL],dataset_III,
390.9433962264151,153.7771490822119,B,O2 conc.B [nmol/mL],dataset_III,
391.3207547169811,153.7306978826846,B,O2 conc.B [nmol/mL],dataset_III,
391.6981132075472,153.6338847810791,B,O2 conc.B [nmol/mL],dataset_III,
392.0754716981132,154.378835779218,B,O2 conc.B [nmol/mL],dataset_III,
392.4528301886793,153.8845871235789,B,O2 conc.B [nmol/mL],dataset_III,
392.8301886792453,153.7088707554526,B,O2 conc.B [nmol/mL],dataset_III,
393.2075471698113,153.8897031493141,B,O2 conc.B [nmol/mL],dataset_III,
393.5849056603773,154.419195848057,B,O2 conc.B [nmol/mL],dataset_III,
393.9622641509434,154.1877028681238,B,O2 conc.B [nmol/mL],dataset_III,
394.3396226415094,153.4460664799929,B,O2 conc.B [nmol/mL],dataset_III,
394.7169811320755,153.2187274126385,B,O2 conc.B [nmol/mL],dataset_III,
395.0943396226415,154.6098661074487,B,O2 conc.B [nmol/mL],dataset_III,
395.4716981132075,153.5467972694547,B,O2 conc.B [nmol/mL],dataset_III,
395.8490566037736,154.2567963595192,B,O2 conc.B [nmol/mL],dataset_III,
396.2264150943396,153.9933856282105,B,O2 conc.B [nmol/mL],dataset_III,
396.6037735849056,153.3324672750873,B,O2 conc.B [nmol/mL],dataset_III,
396.9811320754717,154.7457944238207,B,O2 conc.B [nmol/mL],dataset_III,
397.3584905660377,153.6382891872521,B,O2 conc.B [nmol/mL],dataset_III,
397.7358490566038,153.5820998772554,B,O2 conc.B [nmol/mL],dataset_III,
398.1132075471698,153.9480126225783,B,O2 conc.B [nmol/mL],dataset_III,
398.4905660377358,153.2151321941552,B,O2 conc.B [nmol/mL],dataset_III,
398.8679245283019,153.2999175406537,B,O2 conc.B [nmol/mL],dataset_III,
399.245283018868,153.4089905451662,B,O2 conc.B [nmol/mL],dataset_III,
399.6226415094339,153.8334658249405,B,O2 conc.B [nmol/mL],dataset_III,
400.0,154.3527687027143,B,O2 conc.B [nmol/mL],dataset_III,
400.3773584905661,153.5997236430049,B,O2 conc.B [nmol/mL],dataset_III,
400.7547169811321,153.6389986497407,B,O2 conc.B [nmol/mL],dataset_III,
401.1320754716981,154.4259067828409,B,O2 conc.B [nmol/mL],dataset_III,
401.5094339622642,153.7946306721948,B,O2 conc.B [nmol/mL],dataset_III,
401.8867924528302,153.6247584223013,B,O2 conc.B [nmol/mL],dataset_III,
402.2641509433962,153.9264981608976,B,O2 conc.B [nmol/mL],dataset_III,
402.6415094339623,153.7520952211333,B,O2 conc.B [nmol/mL],dataset_III,
403.0188679245283,153.4133509652371,B,O2 conc.B [nmol/mL],dataset_III,
403.3962264150944,153.4210657259229,B,O2 conc.B [nmol/mL],dataset_III,
403.7735849056604,153.8110449769847,B,O2 conc.B [nmol/mL],dataset_III,
404.1509433962264,153.7709785399945,B,O2 conc.B [nmol/mL],dataset_III,
404.5283018867925,153.6157978569001,B,O2 conc.B [nmol/mL],dataset_III,
404.9056603773585,154.3367670522383,B,O2 conc.B [nmol/mL],dataset_III,
405.2830188679245,153.7868966783478,B,O2 conc.B [nmol/mL],dataset_III,
405.6603773584906,153.7086943740182,B,O2 conc.B [nmol/mL],dataset_III,
406.0377358490566,153.3934726033586,B,O2 conc.B [nmol/mL],dataset_III,
406.4150943396227,153.5945002677966,B,O2 conc.B [nmol/mL],dataset_III,
406.7924528301887,154.0604284409994,B,O2 conc.B [nmol/mL],dataset_III,
407.1698113207547,153.4082000948618,B,O2 conc.B [nmol/mL],dataset_III,
407.5471698113208,153.9455081581667,B,O2 conc.B [nmol/mL],dataset_III,
407.9245283018868,152.7769619116442,B,O2 conc.B [nmol/mL],dataset_III,
408.3018867924528,153.0976254870446,B,O2 conc.B [nmol/mL],dataset_III,
408.6792452830189,152.9566744177657,B,O2 conc.B [nmol/mL],dataset_III,
409.0566037735849,153.27136786678,B,O2 conc.B [nmol/mL],dataset_III,
409.433962264151,153.4826699562171,B,O2 conc.B [nmol/mL],dataset_III,
409.811320754717,153.048731669634,B,O2 conc.B [nmol/mL],dataset_III,
410.188679245283,153.0999902289158,B,O2 conc.B [nmol/mL],dataset_III,
410.5660377358491,152.7475199271093,B,O2 conc.B [nmol/mL],dataset_III,
410.9433962264151,152.9768647515577,B,O2 conc.B [nmol/mL],dataset_III,
411.3207547169811,153.6584076223957,B,O2 conc.B [nmol/mL],dataset_III,
411.6981132075472,153.6265557295662,B,O2 conc.B [nmol/mL],dataset_III,
412.0754716981132,153.1418737075486,B,O2 conc.B [nmol/mL],dataset_III,
412.4528301886793,153.6743281584082,B,O2 conc.B [nmol/mL],dataset_III,
412.8301886792453,153.5058647048891,B,O2 conc.B [nmol/mL],dataset_III,
413.2075471698113,153.3347163682258,B,O2 conc.B [nmol/mL],dataset_III,
413.5849056603774,153.4688591822753,B,O2 conc.B [nmol/mL],dataset_III,
413.9622641509434,153.6681611901079,B,O2 conc.B [nmol/mL],dataset_III,
414.3396226415094,152.8958274042187,B,O2 conc.B [nmol/mL],dataset_III,
414.7169811320755,153.1220033140983,B,O2 conc.B [nmol/mL],dataset_III,
415.0943396226415,153.397075456928,B,O2 conc.B [nmol/mL],dataset_III,
415.4716981132075,153.3876904686929,B,O2 conc.B [nmol/mL],dataset_III,
415.8490566037736,153.105663407149,B,O2 conc.B [nmol/mL],dataset_III,
416.2264150943396,152.7158831519267,B,O2 conc.B [nmol/mL],dataset_III,
416.6037735849056,153.812458180749,B,O2 conc.B [nmol/mL],dataset_III,
416.9811320754717,152.980723320104,B,O2 conc.B [nmol/mL],dataset_III,
417.3584905660377,153.5523027199806,B,O2 conc.B [nmol/mL],dataset_III,
417.7358490566038,153.0880790079904,B,O2 conc.B [nmol/mL],dataset_III,
418.1132075471698,153.0815548352238,B,O2 conc.B [nmol/mL],dataset_III,
418.4905660377358,153.4144659545192,B,O2 conc.B [nmol/mL],dataset_III,
418.8679245283019,153.0506509088992,B,O2 conc.B [nmol/mL],dataset_III,
419.245283018868,153.5067310010547,B,O2 conc.B [nmol/mL],dataset_III,
419.6226415094339,153.5466468872492,B,O2 conc.B [nmol/mL],dataset_III,
420.0,153.0654761297798,B,O2 conc.B [nmol/mL],dataset_III,
420.3773584905661,152.4930586514053,B,O2 conc.B [nmol/mL],dataset_III,
420.7547169811321,152.8214180725455,B,O2 conc.B [nmol/mL],dataset_III,
421.1320754716981,153.0767230553694,B,O2 conc.B [nmol/mL],dataset_III,
421.5094339622642,152.8003700934925,B,O2 conc.B [nmol/mL],dataset_III,
421.8867924528302,153.2131654678368,B,O2 conc.B [nmol/mL],dataset_III,
422.2641509433962,153.1043191905622,B,O2 conc.B [nmol/mL],dataset_III,
422.6415094339623,152.7867296248817,B,O2 conc.B [nmol/mL],dataset_III,
423.0188679245283,152.5579524811029,B,O2 conc.B [nmol/mL],dataset_III,
423.3962264150944,153.2390942050932,B,O2 conc.B [nmol/mL],dataset_III,
423.7735849056604,153.4441459002449,B,O2 conc.B [nmol/mL],dataset_III,
424.1509433962264,152.2558552050351,B,O2 conc.B [nmol/mL],dataset_III,
424.5283018867925,154.0803762449195,B,O2 conc.B [nmol/mL],dataset_III,
424.9056603773585,152.779025985979,B,O2 conc.B [nmol/mL],dataset_III,
425.2830188679245,152.7289645897929,B,O2 conc.B [nmol/mL],dataset_III,
425.6603773584906,152.8519925476317,B,O2 conc.B [nmol/mL],dataset_III,
426.0377358490566,153.1216667866429,B,O2 conc.B [nmol/mL],dataset_III,
426.4150943396227,152.8420417075441,B,O2 conc.B [nmol/mL],dataset_III,
426.7924528301887,153.472774232915,B,O2 conc.B [nmol/mL],dataset_III,
427.1698113207547,152.475340440049,B,O2 conc.B [nmol/mL],dataset_III,
427.5471698113208,153.6371088006535,B,O2 conc.B [nmol/mL],dataset_III,
427.9245283018868,153.4027573719147,B,O2 conc.B [nmol/mL],dataset_III,
428.3018867924528,152.9076959170347,B,O2 conc.B [nmol/mL],dataset_III,
428.6792452830189,153.6077897840618,B,O2 conc.B [nmol/mL],dataset_III,
429.0566037735849,152.1381663473897,B,O2 conc.B [nmol/mL],dataset_III,
429.433962264151,153.3682465584025,B,O2 conc.B [nmol/mL],dataset_III,
429.811320754717,152.9391048996662,B,O2 conc.B [nmol/mL],dataset_III,
430.188679245283,152.7003881485515,B,O2 conc.B [nmol/mL],dataset_III,
430.5660377358491,153.1051577415699,B,O2 conc.B [nmol/mL],dataset_III,
430.9433962264151,153.0670731352891,B,O2 conc.B [nmol/mL],dataset_III,
431.3207547169811,153.1191730148417,B,O2 conc.B [nmol/mL],dataset_III,
431.6981132075472,153.2078563955709,B,O2 conc.B [nmol/mL],dataset_III,
432.0754716981132,152.7989290773395,B,O2 conc.B [nmol/mL],dataset_III,
432.4528301886793,152.6962616644377,B,O2 conc.B [nmol/mL],dataset_III,
432.8301886792453,152.4336929833357,B,O2 conc.B [nmol/mL],dataset_III,
433.2075471698113,153.0850351209163,B,O2 conc.B [nmol/mL],dataset_III,
433.5849056603773,152.5879661623104,B,O2 conc.B [nmol/mL],dataset_III,
433.9622641509434,152.4587285371589,B,O2 conc.B [nmol/mL],dataset_III,
434.3396226415094,153.0105818531304,B,O2 conc.B [nmol/mL],dataset_III,
434.7169811320755,152.3611500577358,B,O2 conc.B [nmol/mL],dataset_III,
435.0943396226415,152.7429547066618,B,O2 conc.B [nmol/mL],dataset_III,
435.4716981132076,153.0097020097837,B,O2 conc.B [nmol/mL],dataset_III,
435.8490566037736,152.5751559880817,B,O2 conc.B [nmol/mL],dataset_III,
436.2264150943396,152.2307431842449,B,O2 conc.B [nmol/mL],dataset_III,
436.6037735849056,152.5345889083351,B,O2 conc.B [nmol/mL],dataset_III,
436.9811320754717,153.1302475310399,B,O2 conc.B [nmol/mL],dataset_III,
437.3584905660377,152.0885422639601,B,O2 conc.B [nmol/mL],dataset_III,
437.7358490566038,152.6199395482969,B,O2 conc.B [nmol/mL],dataset_III,
438.1132075471698,152.3343192540255,B,O2 conc.B [nmol/mL],dataset_III,
438.4905660377358,152.2004734571493,B,O2 conc.B [nmol/mL],dataset_III,
438.8679245283019,152.5026287940698,B,O2 conc.B [nmol/mL],dataset_III,
439.2452830188679,152.8227436315197,B,O2 conc.B [nmol/mL],dataset_III,
439.6226415094339,152.4168940764063,B,O2 conc.B [nmol/mL],dataset_III,
440.0,152.6896260343206,B,O2 conc.B [nmol/mL],dataset_III,
440.3773584905661,152.3144734395144,B,O2 conc.B [nmol/mL],dataset_III,
440.7547169811321,152.6675154269934,B,O2 conc.B [nmol/mL],dataset_III,
441.1320754716982,152.1298603516597,B,O2 conc.B [nmol/mL],dataset_III,
441.5094339622642,152.1911740595393,B,O2 conc.B [nmol/mL],dataset_III,
441.8867924528302,151.7730722358449,B,O2 conc.B [nmol/mL],dataset_III,
442.2641509433962,151.8820485774175,B,O2 conc.B [nmol/mL],dataset_III,
442.6415094339623,152.7041471665663,B,O2 conc.B [nmol/mL],dataset_III,
443.0188679245283,152.0840749615029,B,O2 conc.B [nmol/mL],dataset_III,
443.3962264150944,152.1127966094732,B,O2 conc.B [nmol/mL],dataset_III,
443.7735849056604,152.5497307408318,B,O2 conc.B [nmol/mL],dataset_III,
444.1509433962265,152.1241502803004,B,O2 conc.B [nmol/mL],dataset_III,
444.5283018867925,152.1540482010853,B,O2 conc.B [nmol/mL],dataset_III,
444.9056603773585,151.5899109356462,B,O2 conc.B [nmol/mL],dataset_III,
445.2830188679245,152.5774353228538,B,O2 conc.B [nmol/mL],dataset_III,
445.6603773584906,152.3168036493942,B,O2 conc.B [nmol/mL],dataset_III,
446.0377358490566,152.2134039453033,B,O2 conc.B [nmol/mL],dataset_III,
446.4150943396227,152.0080080026149,B,O2 conc.B [nmol/mL],dataset_III,
446.7924528301887,152.516664036968,B,O2 conc.B [nmol/mL],dataset_III,
447.1698113207547,151.8468755045894,B,O2 conc.B [nmol/mL],dataset_III,
447.5471698113208,151.6429519010797,B,O2 conc.B [nmol/mL],dataset_III,
447.9245283018868,152.1770180461736,B,O2 conc.B [nmol/mL],dataset_III,
448.3018867924528,152.2289223703142,B,O2 conc.B [nmol/mL],dataset_III,
448.6792452830189,152.5326657356078,B,O2 conc.B [nmol/mL],dataset_III,
449.0566037735849,151.612349200242,B,O2 conc.B [nmol/mL],dataset_III,
449.433962264151,151.9350994692847,B,O2 conc.B [nmol/mL],dataset_III,
449.811320754717,152.0826895841416,B,O2 conc.B [nmol/mL],dataset_III,
450.188679245283,152.3707037454028,B,O2 conc.B [nmol/mL],dataset_III,
450.5660377358491,151.8700939310083,B,O2 conc.B [nmol/mL],dataset_III,
450.9433962264151,152.2236784624601,B,O2 conc.B [nmol/mL],dataset_III,
451.3207547169811,151.2331284393157,B,O2 conc.B [nmol/mL],dataset_III,
451.6981132075472,152.0921561085592,B,O2 conc.B [nmol/mL],dataset_III,
452.0754716981132,152.5644678086213,B,O2 conc.B [nmol/mL],dataset_III,
452.4528301886793,151.7637851452942,B,O2 conc.B [nmol/mL],dataset_III,
452.8301886792453,152.455142174063,B,O2 conc.B [nmol/mL],dataset_III,
453.2075471698113,152.1242618739339,B,O2 conc.B [nmol/mL],dataset_III,
453.5849056603773,152.2461192720598,B,O2 conc.B [nmol/mL],dataset_III,
453.9622641509434,151.9166515703279,B,O2 conc.B [nmol/mL],dataset_III,
454.3396226415094,151.657649204111,B,O2 conc.B [nmol/mL],dataset_III,
454.7169811320755,152.1450034447729,B,O2 conc.B [nmol/mL],dataset_III,
455.0943396226415,152.278671681572,B,O2 conc.B [nmol/mL],dataset_III,
455.4716981132076,151.9044881619369,B,O2 conc.B [nmol/mL],dataset_III,
455.8490566037736,151.8489157616896,B,O2 conc.B [nmol/mL],dataset_III,
456.2264150943396,152.4126346013938,B,O2 conc.B [nmol/mL],dataset_III,
456.6037735849056,151.8759836169849,B,O2 conc.B [nmol/mL],dataset_III,
456.9811320754717,152.0513350402808,B,O2 conc.B [nmol/mL],dataset_III,
457.3584905660377,151.9429735656437,B,O2 conc.B [nmol/mL],dataset_III,
457.7358490566038,151.5679040881749,B,O2 conc.B [nmol/mL],dataset_III,
458.1132075471698,151.9619775558859,B,O2 conc.B [nmol/mL],dataset_III,
458.4905660377359,151.8820668014762,B,O2 conc.B [nmol/mL],dataset_III,
458.8679245283019,151.3642502632854,B,O2 conc.B [nmol/mL],dataset_III,
459.2452830188679,152.1544847427707,B,O2 conc.B [nmol/mL],dataset_III,
459.6226415094339,152.5653193732959,B,O2 conc.B [nmol/mL],dataset_III,
460.0,151.4812126278413,B,O2 conc.B [nmol/mL],dataset_III,
460.3773584905661,151.7116005220665,B,O2 conc.B [nmol/mL],dataset_III,
460.7547169811321,152.2076888466735,B,O2 conc.B [nmol/mL],dataset_III,
461.1320754716982,151.857748689722,B,O2 conc.B [nmol/mL],dataset_III,
461.5094339622642,151.823210173633,B,O2 conc.B [nmol/mL],dataset_III,
461.8867924528302,151.8697265840809,B,O2 conc.B [nmol/mL],dataset_III,
462.2641509433962,152.1731633547473,B,O2 conc.B [nmol/mL],dataset_III,
462.6415094339623,151.1594042114075,B,O2 conc.B [nmol/mL],dataset_III,
463.0188679245283,152.4527819870496,B,O2 conc.B [nmol/mL],dataset_III,
463.3962264150944,152.1198675389426,B,O2 conc.B [nmol/mL],dataset_III,
463.7735849056604,151.7989065354277,B,O2 conc.B [nmol/mL],dataset_III,
464.1509433962265,152.2143083512656,B,O2 conc.B [nmol/mL],dataset_III,
464.5283018867925,151.4697051591655,B,O2 conc.B [nmol/mL],dataset_III,
464.9056603773585,151.5039824041327,B,O2 conc.B [nmol/mL],dataset_III,
465.2830188679245,151.6921786002619,B,O2 conc.B [nmol/mL],dataset_III,
465.6603773584906,151.5941663996413,B,O2 conc.B [nmol/mL],dataset_III,
466.0377358490566,151.26577620462,B,O2 conc.B [nmol/mL],dataset_III,
466.4150943396227,151.2358588457052,B,O2 conc.B [nmol/mL],dataset_III,
466.7924528301887,151.3023921186488,B,O2 conc.B [nmol/mL],dataset_III,
467.1698113207547,151.7362415227272,B,O2 conc.B [nmol/mL],dataset_III,
467.5471698113208,151.5726368294206,B,O2 conc.B [nmol/mL],dataset_III,
467.9245283018868,151.1387434060248,B,O2 conc.B [nmol/mL],dataset_III,
468.3018867924528,151.9607191770288,B,O2 conc.B [nmol/mL],dataset_III,
468.6792452830189,151.2898232414626,B,O2 conc.B [nmol/mL],dataset_III,
469.0566037735849,151.6223089544567,B,O2 conc.B [nmol/mL],dataset_III,
469.433962264151,151.3895573066477,B,O2 conc.B [nmol/mL],dataset_III,
469.811320754717,151.4860729683992,B,O2 conc.B [nmol/mL],dataset_III,
470.188679245283,151.0358127927265,B,O2 conc.B [nmol/mL],dataset_III,
470.5660377358491,151.826005032818,B,O2 conc.B [nmol/mL],dataset_III,
470.9433962264151,151.5108621148388,B,O2 conc.B [nmol/mL],dataset_III,
471.3207547169811,151.6547584353883,B,O2 conc.B [nmol/mL],dataset_III,
471.6981132075472,151.5555556224202,B,O2 conc.B [nmol/mL],dataset_III,
472.0754716981132,152.2771355226174,B,O2 conc.B [nmol/mL],dataset_III,
472.4528301886793,151.2866356465339,B,O2 conc.B [nmol/mL],dataset_III,
472.8301886792453,151.1141948325038,B,O2 conc.B [nmol/mL],dataset_III,
473.2075471698113,151.2826164241319,B,O2 conc.B [nmol/mL],dataset_III,
473.5849056603773,150.9175966543614,B,O2 conc.B [nmol/mL],dataset_III,
473.9622641509434,151.2654353139493,B,O2 conc.B [nmol/mL],dataset_III,
474.3396226415094,151.2226157470436,B,O2 conc.B [nmol/mL],dataset_III,
474.7169811320755,150.8836118460724,B,O2 conc.B [nmol/mL],dataset_III,
475.0943396226415,151.7628842008623,B,O2 conc.B [nmol/mL],dataset_III,
475.4716981132076,151.2053311139839,B,O2 conc.B [nmol/mL],dataset_III,
475.8490566037736,151.3627033772409,B,O2 conc.B [nmol/mL],dataset_III,
476.2264150943396,151.2069076051503,B,O2 conc.B [nmol/mL],dataset_III,
476.6037735849056,151.2084858494902,B,O2 conc.B [nmol/mL],dataset_III,
476.9811320754717,151.5566181610102,B,O2 conc.B [nmol/mL],dataset_III,
477.3584905660377,151.0384814953696,B,O2 conc.B [nmol/mL],dataset_III,
477.7358490566038,151.4691597906024,B,O2 conc.B [nmol/mL],dataset_III,
478.1132075471698,151.6724701628876,B,O2 conc.B [nmol/mL],dataset_III,
478.4905660377359,151.4542536444067,B,O2 conc.B [nmol/mL],dataset_III,
478.8679245283019,151.357138489675,B,O2 conc.B [nmol/mL],dataset_III,
479.245283018868,150.9096243423636,B,O2 conc.B [nmol/mL],dataset_III,
479.6226415094339,150.9329773005856,B,O2 conc.B [nmol/mL],dataset_III,
480.0,150.9648394132406,B,O2 conc.B [nmol/mL],dataset_III,FCCP_1
480.125786163522,151.8485681075675,B,O2 conc.B [nmol/mL],dataset_III,
480.251572327044,150.9321301252839,B,O2 conc.B [nmol/mL],dataset_III,
480.3773584905661,151.1897016531748,B,O2 conc.B [nmol/mL],dataset_III,
480.503144654088,151.5100559105065,B,O2 conc.B [nmol/mL],dataset_III,
480.6289308176101,151.4928026068068,B,O2 conc.B [nmol/mL],dataset_III,
480.754716981132,151.4596247704054,B,O2 conc.B [nmol/mL],dataset_III,
480.8805031446541,151.457386325813,B,O2 conc.B [nmol/mL],dataset_III,
481.0062893081761,151.0484708859974,B,O2 conc.B [nmol/mL],dataset_III,
481.1320754716981,151.3707307187074,B,O2 conc.B [nmol/mL],dataset_III,
481.2578616352201,150.5224039953688,B,O2 conc.B [nmol/mL],dataset_III,
481.3836477987421,150.7098883683277,B,O2 conc.B [nmol/mL],dataset_III,
481.5094339622642,151.2856340682841,B,O2 conc.B [nmol/mL],dataset_III,
481.6352201257862,151.1363742203786,B,O2 conc.B [nmol/mL],dataset_III,
481.7610062893082,151.1547661868555,B,O2 conc.B [nmol/mL],dataset_III,
481.8867924528302,151.2064669680552,B,O2 conc.B [nmol/mL],dataset_III,
482.0125786163522,151.551856260919,B,O2 conc.B [nmol/mL],dataset_III,
482.1383647798742,150.6748324845941,B,O2 conc.B [nmol/mL],dataset_III,
482.2641509433962,151.2880901574037,B,O2 conc.B [nmol/mL],dataset_III,
482.3899371069182,150.9145631157342,B,O2 conc.B [nmol/mL],dataset_III,
482.5157232704403,150.9146979980296,B,O2 conc.B [nmol/mL],dataset_III,
482.6415094339623,150.7544506817527,B,O2 conc.B [nmol/mL],dataset_III,
482.7672955974843,150.7062428691082,B,O2 conc.B [nmol/mL],dataset_III,
482.8930817610063,151.2439499653896,B,O2 conc.B [nmol/mL],dataset_III,
483.0188679245283,151.1463768405324,B,O2 conc.B [nmol/mL],dataset_III,
483.1446540880503,150.8800154488171,B,O2 conc.B [nmol/mL],dataset_III,
483.2704402515723,150.3698064866168,B,O2 conc.B [nmol/mL],dataset_III,
483.3962264150944,150.7203899810762,B,O2 conc.B [nmol/mL],dataset_III,
483.5220125786163,151.1111925905539,B,O2 conc.B [nmol/mL],dataset_III,
483.6477987421384,150.9751475338932,B,O2 conc.B [nmol/mL],dataset_III,
483.7735849056604,150.3414815536743,B,O2 conc.B [nmol/mL],dataset_III,
483.8993710691824,150.5538596533032,B,O2 conc.B [nmol/mL],dataset_III,
484.0251572327044,151.1700249454493,B,O2 conc.B [nmol/mL],dataset_III,
484.1509433962264,150.995029481358,B,O2 conc.B [nmol/mL],dataset_III,
484.2767295597484,151.1929874952228,B,O2 conc.B [nmol/mL],dataset_III,
484.4025157232704,151.0186620650554,B,O2 conc.B [nmol/mL],dataset_III,
484.5283018867925,151.1811603290666,B,O2 conc.B [nmol/mL],dataset_III,
484.6540880503144,150.900465203695,B,O2 conc.B [nmol/mL],dataset_III,
484.7798742138365,151.0023989397503,B,O2 conc.B [nmol/mL],dataset_III,
484.9056603773585,151.1774326760234,B,O2 conc.B [nmol/mL],dataset_III,
485.0314465408805,150.7973518789697,B,O2 conc.B [nmol/mL],dataset_III,
485.1572327044025,151.4599794478146,B,O2 conc.B [nmol/mL],dataset_III,
485.2830188679245,150.7364322714717,B,O2 conc.B [nmol/mL],dataset_III,
485.4088050314465,150.7598715957065,B,O2 conc.B [nmol/mL],dataset_III,
485.5345911949685,151.1936143015863,B,O2 conc.B [nmol/mL],dataset_III,
485.6603773584906,150.3437831097345,B,O2 conc.B [nmol/mL],dataset_III,
485.7861635220126,150.6095647308894,B,O2 conc.B [nmol/mL],dataset_III,
485.9119496855346,151.0922393703889,B,O2 conc.B [nmol/mL],dataset_III,
486.0377358490566,150.8829137802299,B,O2 conc.B [nmol/mL],dataset_III,
486.1635220125786,151.3108540428447,B,O2 conc.B [nmol/mL],dataset_III,
486.2893081761006,151.1215770446789,B,O2 conc.B [nmol/mL],dataset_III,
486.4150943396227,151.0150324510745,B,O2 conc.B [nmol/mL],dataset_III,
486.5408805031446,151.3851217083701,B,O2 conc.B [nmol/mL],dataset_III,
486.6666666666667,150.6584027200198,B,O2 conc.B [nmol/mL],dataset_III,
486.7924528301887,150.2330677376214,B,O2 conc.B [nmol/mL],dataset_III,
486.9182389937107,150.8495650690299,B,O2 conc.B [nmol/mL],dataset_III,
487.0440251572327,150.583759465627,B,O2 conc.B [nmol/mL],dataset_III,
487.1698113207547,150.8124339392561,B,O2 conc.B [nmol/mL],dataset_III,
487.2955974842768,150.8306078271657,B,O2 conc.B [nmol/mL],dataset_III,
487.4213836477987,150.4872396540934,B,O2 conc.B [nmol/mL],dataset_III,
487.5471698113208,150.9771330853318,B,O2 conc.B [nmol/mL],dataset_III,
487.6729559748428,150.8708941392752,B,O2 conc.B [nmol/mL],dataset_III,
487.7987421383648,150.8210820267835,B,O2 conc.B [nmol/mL],dataset_III,
487.9245283018868,151.0165043583129,B,O2 conc.B [nmol/mL],dataset_III,
488.0503144654088,151.4377483618418,B,O2 conc.B [nmol/mL],dataset_III,
488.1761006289308,151.0159152876819,B,O2 conc.B [nmol/mL],dataset_III,
488.3018867924528,150.6108177418534,B,O2 conc.B [nmol/mL],dataset_III,
488.4276729559749,151.2042098060231,B,O2 conc.B [nmol/mL],dataset_III,
488.5534591194968,150.5101388836168,B,O2 conc.B [nmol/mL],dataset_III,
488.6792452830189,150.5626173515367,B,O2 conc.B [nmol/mL],dataset_III,
488.8050314465409,151.0479593876078,B,O2 conc.B [nmol/mL],dataset_III,
488.9308176100629,150.8185629555416,B,O2 conc.B [nmol/mL],dataset_III,
489.0566037735849,150.838843281085,B,O2 conc.B [nmol/mL],dataset_III,
489.1823899371069,150.4640845856747,B,O2 conc.B [nmol/mL],dataset_III,
489.3081761006289,150.4491070503016,B,O2 conc.B [nmol/mL],dataset_III,
489.4339622641509,150.5255762541128,B,O2 conc.B [nmol/mL],dataset_III,
489.559748427673,150.2504016232632,B,O2 conc.B [nmol/mL],dataset_III,
489.685534591195,150.3840107138247,B,O2 conc.B [nmol/mL],dataset_III,
489.811320754717,150.9252736472498,B,O2 conc.B [nmol/mL],dataset_III,
489.937106918239,150.7776085501847,B,O2 conc.B [nmol/mL],dataset_III,
490.062893081761,150.6346588174468,B,O2 conc.B [nmol/mL],dataset_III,
490.188679245283,151.3238055574948,B,O2 conc.B [nmol/mL],dataset_III,
490.314465408805,150.6880072805822,B,O2 conc.B [nmol/mL],dataset_III,
490.440251572327,150.7560655892221,B,O2 conc.B [nmol/mL],dataset_III,
490.5660377358491,150.7636938337226,B,O2 conc.B [nmol/mL],dataset_III,
490.6918238993711,150.9336831422418,B,O2 conc.B [nmol/mL],dataset_III,
490.8176100628931,150.6806623581045,B,O2 conc.B [nmol/mL],dataset_III,
490.9433962264151,150.1691912022211,B,O2 conc.B [nmol/mL],dataset_III,
491.0691823899371,150.5876620691668,B,O2 conc.B [nmol/mL],dataset_III,
491.1949685534591,151.0346171345245,B,O2 conc.B [nmol/mL],dataset_III,
491.3207547169811,151.0690916862114,B,O2 conc.B [nmol/mL],dataset_III,
491.4465408805032,151.344655779086,B,O2 conc.B [nmol/mL],dataset_III,
491.5723270440251,150.5243721488379,B,O2 conc.B [nmol/mL],dataset_III,
491.6981132075472,150.3238184523511,B,O2 conc.B [nmol/mL],dataset_III,
491.8238993710692,150.9015834711519,B,O2 conc.B [nmol/mL],dataset_III,
491.9496855345912,150.259122020528,B,O2 conc.B [nmol/mL],dataset_III,
492.0754716981132,151.1307123666324,B,O2 conc.B [nmol/mL],dataset_III,
492.2012578616352,150.1603177585576,B,O2 conc.B [nmol/mL],dataset_III,
492.3270440251572,150.4213245595664,B,O2 conc.B [nmol/mL],dataset_III,
492.4528301886792,150.3701525969255,B,O2 conc.B [nmol/mL],dataset_III,
492.5786163522013,150.3213963130612,B,O2 conc.B [nmol/mL],dataset_III,
492.7044025157232,150.5625271854677,B,O2 conc.B [nmol/mL],dataset_III,
492.8301886792453,150.4803681788759,B,O2 conc.B [nmol/mL],dataset_III,
492.9559748427673,150.3047321896922,B,O2 conc.B [nmol/mL],dataset_III,
493.0817610062893,150.9778388170478,B,O2 conc.B [nmol/mL],dataset_III,
493.2075471698113,150.5958064477005,B,O2 conc.B [nmol/mL],dataset_III,
493.3333333333333,150.5723586007962,B,O2 conc.B [nmol/mL],dataset_III,
493.4591194968554,150.4123685064614,B,O2 conc.B [nmol/mL],dataset_III,
493.5849056603773,150.7498686706817,B,O2 conc.B [nmol/mL],dataset_III,
493.7106918238994,150.0899317930182,B,O2 conc.B [nmol/mL],dataset_III,
493.8364779874214,150.1499958107701,B,O2 conc.B [nmol/mL],dataset_III,
493.9622641509434,150.511433792467,B,O2 conc.B [nmol/mL],dataset_III,
494.0880503144654,150.6231344079907,B,O2 conc.B [nmol/mL],dataset_III,
494.2138364779874,150.6773486382139,B,O2 conc.B [nmol/mL],dataset_III,
494.3396226415094,150.2321781690107,B,O2 conc.B [nmol/mL],dataset_III,
494.4654088050315,150.439732931802,B,O2 conc.B [nmol/mL],dataset_III,
494.5911949685535,150.3315996495605,B,O2 conc.B [nmol/mL],dataset_III,
494.7169811320755,150.3487258554383,B,O2 conc.B [nmol/mL],dataset_III,
494.8427672955975,150.4326981242773,B,O2 conc.B [nmol/mL],dataset_III,
494.9685534591195,149.8191315193488,B,O2 conc.B [nmol/mL],dataset_III,
495.0943396226415,150.1113647593335,B,O2 conc.B [nmol/mL],dataset_III,
495.2201257861635,149.9483674799479,B,O2 conc.B [nmol/mL],dataset_III,
495.3459119496856,150.8691258478102,B,O2 conc.B [nmol/mL],dataset_III,
495.4716981132075,150.9479771422169,B,O2 conc.B [nmol/mL],dataset_III,
495.5974842767296,150.4242721094161,B,O2 conc.B [nmol/mL],dataset_III,
495.7232704402516,150.261362134121,B,O2 conc.B [nmol/mL],dataset_III,
495.8490566037736,150.7535649071493,B,O2 conc.B [nmol/mL],dataset_III,
495.9748427672956,150.1759534115821,B,O2 conc.B [nmol/mL],dataset_III,
496.1006289308176,149.7641720322328,B,O2 conc.B [nmol/mL],dataset_III,
496.2264150943396,150.4160585640338,B,O2 conc.B [nmol/mL],dataset_III,
496.3522012578616,150.3981376384644,B,O2 conc.B [nmol/mL],dataset_III,
496.4779874213837,149.9283886252853,B,O2 conc.B [nmol/mL],dataset_III,
496.6037735849056,150.6502351973202,B,O2 conc.B [nmol/mL],dataset_III,
496.7295597484277,149.64672180497,B,O2 conc.B [nmol/mL],dataset_III,
496.8553459119497,150.3135671008459,B,O2 conc.B [nmol/mL],dataset_III,
496.9811320754717,150.5578970013716,B,O2 conc.B [nmol/mL],dataset_III,
497.1069182389937,150.4627320524978,B,O2 conc.B [nmol/mL],dataset_III,
497.2327044025157,150.0119352028611,B,O2 conc.B [nmol/mL],dataset_III,
497.3584905660377,150.629817313093,B,O2 conc.B [nmol/mL],dataset_III,
497.4842767295597,150.448092004089,B,O2 conc.B [nmol/mL],dataset_III,
497.6100628930818,150.3031222903847,B,O2 conc.B [nmol/mL],dataset_III,
497.7358490566038,150.2850684430318,B,O2 conc.B [nmol/mL],dataset_III,
497.8616352201258,150.1643316010054,B,O2 conc.B [nmol/mL],dataset_III,
497.9874213836478,150.0457390172811,B,O2 conc.B [nmol/mL],dataset_III,
498.1132075471698,149.7374692677418,B,O2 conc.B [nmol/mL],dataset_III,
498.2389937106918,150.7233217275526,B,O2 conc.B [nmol/mL],dataset_III,
498.3647798742138,150.353903698895,B,O2 conc.B [nmol/mL],dataset_III,
498.4905660377358,150.5708570246692,B,O2 conc.B [nmol/mL],dataset_III,
498.6163522012579,150.52703321608,B,O2 conc.B [nmol/mL],dataset_III,
498.7421383647799,150.4265343089302,B,O2 conc.B [nmol/mL],dataset_III,
498.8679245283019,150.5270839464639,B,O2 conc.B [nmol/mL],dataset_III,
498.9937106918239,150.4589289971215,B,O2 conc.B [nmol/mL],dataset_III,
499.1194968553459,150.0383465069937,B,O2 conc.B [nmol/mL],dataset_III,
499.2452830188679,150.5610898674668,B,O2 conc.B [nmol/mL],dataset_III,
499.3710691823899,149.7124151327671,B,O2 conc.B [nmol/mL],dataset_III,
499.496855345912,150.3165608739185,B,O2 conc.B [nmol/mL],dataset_III,
499.6226415094339,150.5619738630874,B,O2 conc.B [nmol/mL],dataset_III,
499.748427672956,150.4152305238655,B,O2 conc.B [nmol/mL],dataset_III,
499.874213836478,149.6770877040985,B,O2 conc.B [nmol/mL],dataset_III,
500.0,150.3465442902005,B,O2 conc.B [nmol/mL],dataset_III,
500.125786163522,150.0823804394549,B,O2 conc.B [nmol/mL],dataset_III,
500.251572327044,149.9105891759449,B,O2 conc.B [nmol/mL],dataset_III,
500.3773584905661,149.5113392640102,B,O2 conc.B [nmol/mL],dataset_III,
500.503144654088,149.8850831921578,B,O2 conc.B [nmol/mL],dataset_III,
500.6289308176101,149.7746911506675,B,O2 conc.B [nmol/mL],dataset_III,
500.7547169811321,149.5833477952143,B,O2 conc.B [nmol/mL],dataset_III,
500.8805031446541,150.0252438727621,B,O2 conc.B [nmol/mL],dataset_III,
501.0062893081761,149.6469730852523,B,O2 conc.B [nmol/mL],dataset_III,
501.1320754716981,149.7080386479949,B,O2 conc.B [nmol/mL],dataset_III,
501.2578616352201,149.5778074294707,B,O2 conc.B [nmol/mL],dataset_III,
501.3836477987421,150.4829054391118,B,O2 conc.B [nmol/mL],dataset_III,
501.5094339622642,150.0411933231155,B,O2 conc.B [nmol/mL],dataset_III,
501.6352201257862,149.9765721842408,B,O2 conc.B [nmol/mL],dataset_III,
501.7610062893082,150.1697710177319,B,O2 conc.B [nmol/mL],dataset_III,
501.8867924528302,149.7315601370587,B,O2 conc.B [nmol/mL],dataset_III,
502.0125786163522,150.014990029233,B,O2 conc.B [nmol/mL],dataset_III,
502.1383647798742,149.5777934133892,B,O2 conc.B [nmol/mL],dataset_III,
502.2641509433962,150.4420660223626,B,O2 conc.B [nmol/mL],dataset_III,
502.3899371069182,149.9738339272198,B,O2 conc.B [nmol/mL],dataset_III,
502.5157232704403,150.4416351014081,B,O2 conc.B [nmol/mL],dataset_III,
502.6415094339623,149.9433470121537,B,O2 conc.B [nmol/mL],dataset_III,
502.7672955974843,149.8802260885785,B,O2 conc.B [nmol/mL],dataset_III,
502.8930817610063,149.4602169171784,B,O2 conc.B [nmol/mL],dataset_III,
503.0188679245283,150.7022444071017,B,O2 conc.B [nmol/mL],dataset_III,
503.1446540880503,149.7590753366347,B,O2 conc.B [nmol/mL],dataset_III,
503.2704402515723,149.9907334309706,B,O2 conc.B [nmol/mL],dataset_III,
503.3962264150944,150.8959954451084,B,O2 conc.B [nmol/mL],dataset_III,
503.5220125786163,150.0238014146613,B,O2 conc.B [nmol/mL],dataset_III,
503.6477987421384,150.1983320071533,B,O2 conc.B [nmol/mL],dataset_III,
503.7735849056604,149.6212008089972,B,O2 conc.B [nmol/mL],dataset_III,
503.8993710691824,149.9056684858431,B,O2 conc.B [nmol/mL],dataset_III,
504.0251572327044,149.6192828057957,B,O2 conc.B [nmol/mL],dataset_III,
504.1509433962264,149.753190240282,B,O2 conc.B [nmol/mL],dataset_III,
504.2767295597484,150.1995123589577,B,O2 conc.B [nmol/mL],dataset_III,
504.4025157232704,149.91083027986,B,O2 conc.B [nmol/mL],dataset_III,
504.5283018867925,149.6831267796374,B,O2 conc.B [nmol/mL],dataset_III,
504.6540880503144,149.9729505606041,B,O2 conc.B [nmol/mL],dataset_III,
504.7798742138365,149.9568915889679,B,O2 conc.B [nmol/mL],dataset_III,
504.9056603773585,149.9846108374757,B,O2 conc.B [nmol/mL],dataset_III,
505.0314465408805,150.0751651795626,B,O2 conc.B [nmol/mL],dataset_III,
505.1572327044025,149.8541362148313,B,O2 conc.B [nmol/mL],dataset_III,
505.2830188679245,149.5806616068762,B,O2 conc.B [nmol/mL],dataset_III,
505.4088050314465,149.9408791780671,B,O2 conc.B [nmol/mL],dataset_III,
505.5345911949685,149.3982292314317,B,O2 conc.B [nmol/mL],dataset_III,
505.6603773584906,149.303981588093,B,O2 conc.B [nmol/mL],dataset_III,
505.7861635220126,149.9340433431295,B,O2 conc.B [nmol/mL],dataset_III,
505.9119496855346,150.1859856705605,B,O2 conc.B [nmol/mL],dataset_III,
506.0377358490566,149.2272293364545,B,O2 conc.B [nmol/mL],dataset_III,
506.1635220125786,150.9206579075718,B,O2 conc.B [nmol/mL],dataset_III,
506.2893081761006,149.5142126777774,B,O2 conc.B [nmol/mL],dataset_III,
506.4150943396227,149.23715600966,B,O2 conc.B [nmol/mL],dataset_III,
506.5408805031446,149.7304488276373,B,O2 conc.B [nmol/mL],dataset_III,
506.6666666666667,149.7193396337769,B,O2 conc.B [nmol/mL],dataset_III,
506.7924528301887,150.2137559235999,B,O2 conc.B [nmol/mL],dataset_III,
506.9182389937107,149.5810118831791,B,O2 conc.B [nmol/mL],dataset_III,
507.0440251572327,149.4748263856817,B,O2 conc.B [nmol/mL],dataset_III,
507.1698113207547,149.4195943110469,B,O2 conc.B [nmol/mL],dataset_III,
507.2955974842768,149.7307058082951,B,O2 conc.B [nmol/mL],dataset_III,
507.4213836477987,149.3697557269372,B,O2 conc.B [nmol/mL],dataset_III,
507.5471698113208,150.0880360703107,B,O2 conc.B [nmol/mL],dataset_III,
507.6729559748428,149.510426826021,B,O2 conc.B [nmol/mL],dataset_III,
507.7987421383648,149.2946070646955,B,O2 conc.B [nmol/mL],dataset_III,
507.9245283018868,149.7210839177411,B,O2 conc.B [nmol/mL],dataset_III,
508.0503144654088,149.8159468640727,B,O2 conc.B [nmol/mL],dataset_III,
508.1761006289308,149.4614653931946,B,O2 conc.B [nmol/mL],dataset_III,
508.3018867924528,149.6414388646618,B,O2 conc.B [nmol/mL],dataset_III,
508.4276729559749,149.2336386507344,B,O2 conc.B [nmol/mL],dataset_III,
508.5534591194968,148.9522720685558,B,O2 conc.B [nmol/mL],dataset_III,
508.6792452830189,150.1368980565395,B,O2 conc.B [nmol/mL],dataset_III,
508.8050314465409,149.4618511342432,B,O2 conc.B [nmol/mL],dataset_III,
508.9308176100629,149.7586742073248,B,O2 conc.B [nmol/mL],dataset_III,
509.0566037735849,149.2623372936617,B,O2 conc.B [nmol/mL],dataset_III,
509.1823899371069,149.7003016609293,B,O2 conc.B [nmol/mL],dataset_III,
509.3081761006289,149.9785660240016,B,O2 conc.B [nmol/mL],dataset_III,
509.4339622641509,149.3424746332164,B,O2 conc.B [nmol/mL],dataset_III,
509.559748427673,149.5933793705058,B,O2 conc.B [nmol/mL],dataset_III,
509.685534591195,149.573882709938,B,O2 conc.B [nmol/mL],dataset_III,
509.811320754717,149.5315690142232,B,O2 conc.B [nmol/mL],dataset_III,
509.937106918239,149.6072356336781,B,O2 conc.B [nmol/mL],dataset_III,
510.062893081761,149.6829872704782,B,O2 conc.B [nmol/mL],dataset_III,
510.188679245283,149.7567294796776,B,O2 conc.B [nmol/mL],dataset_III,
510.314465408805,149.7435092282657,B,O2 conc.B [nmol/mL],dataset_III,
510.440251572327,149.1550308449279,B,O2 conc.B [nmol/mL],dataset_III,
510.5660377358491,149.2492703316323,B,O2 conc.B [nmol/mL],dataset_III,
510.6918238993711,149.6070099713069,B,O2 conc.B [nmol/mL],dataset_III,
510.8176100628931,149.6109921298003,B,O2 conc.B [nmol/mL],dataset_III,
510.9433962264151,148.9168860081917,B,O2 conc.B [nmol/mL],dataset_III,
511.0691823899371,149.600596685048,B,O2 conc.B [nmol/mL],dataset_III,
511.1949685534591,149.5409136618579,B,O2 conc.B [nmol/mL],dataset_III,
511.3207547169811,149.7883998426384,B,O2 conc.B [nmol/mL],dataset_III,
511.4465408805032,149.1229534845053,B,O2 conc.B [nmol/mL],dataset_III,
511.5723270440251,149.0103960219691,B,O2 conc.B [nmol/mL],dataset_III,
511.6981132075472,148.9625809261228,B,O2 conc.B [nmol/mL],dataset_III,
511.8238993710692,149.8519622315544,B,O2 conc.B [nmol/mL],dataset_III,
511.9496855345912,149.2840833207009,B,O2 conc.B [nmol/mL],dataset_III,
512.0754716981132,149.6549114960119,B,O2 conc.B [nmol/mL],dataset_III,
512.2012578616352,149.3578979281337,B,O2 conc.B [nmol/mL],dataset_III,
512.3270440251572,149.5807370358517,B,O2 conc.B [nmol/mL],dataset_III,
512.4528301886793,149.4288069705201,B,O2 conc.B [nmol/mL],dataset_III,
512.5786163522013,149.1107696456172,B,O2 conc.B [nmol/mL],dataset_III,
512.7044025157232,149.5343297844555,B,O2 conc.B [nmol/mL],dataset_III,
512.8301886792453,149.1346865731157,B,O2 conc.B [nmol/mL],dataset_III,
512.9559748427673,148.6441914615585,B,O2 conc.B [nmol/mL],dataset_III,
513.0817610062893,149.5125526014265,B,O2 conc.B [nmol/mL],dataset_III,
513.2075471698113,148.9287121213313,B,O2 conc.B [nmol/mL],dataset_III,
513.3333333333334,149.0668679944581,B,O2 conc.B [nmol/mL],dataset_III,
513.4591194968554,149.3614113248169,B,O2 conc.B [nmol/mL],dataset_III,
513.5849056603773,149.0035857607514,B,O2 conc.B [nmol/mL],dataset_III,
513.7106918238994,149.0944849217994,B,O2 conc.B [nmol/mL],dataset_III,
513.8364779874214,149.5188388189806,B,O2 conc.B [nmol/mL],dataset_III,
513.9622641509434,149.5512853876645,B,O2 conc.B [nmol/mL],dataset_III,
514.0880503144654,149.2396932641338,B,O2 conc.B [nmol/mL],dataset_III,
514.2138364779875,149.2688664604062,B,O2 conc.B [nmol/mL],dataset_III,
514.3396226415094,148.8844012117755,B,O2 conc.B [nmol/mL],dataset_III,
514.4654088050314,149.4886953563802,B,O2 conc.B [nmol/mL],dataset_III,
514.5911949685535,149.5224979828492,B,O2 conc.B [nmol/mL],dataset_III,
514.7169811320755,149.5047898461673,B,O2 conc.B [nmol/mL],dataset_III,
514.8427672955975,149.6024403274384,B,O2 conc.B [nmol/mL],dataset_III,
514.9685534591194,149.6332074897689,B,O2 conc.B [nmol/mL],dataset_III,
515.0943396226415,149.7726071197314,B,O2 conc.B [nmol/mL],dataset_III,
515.2201257861635,149.3815996585831,B,O2 conc.B [nmol/mL],dataset_III,
515.3459119496855,149.0537338718667,B,O2 conc.B [nmol/mL],dataset_III,
515.4716981132076,149.3819464842446,B,O2 conc.B [nmol/mL],dataset_III,
515.5974842767296,149.4674470253721,B,O2 conc.B [nmol/mL],dataset_III,
515.7232704402516,149.8023302801126,B,O2 conc.B [nmol/mL],dataset_III,
515.8490566037735,149.5211320508569,B,O2 conc.B [nmol/mL],dataset_III,
515.9748427672956,149.1596141603389,B,O2 conc.B [nmol/mL],dataset_III,
516.1006289308176,149.7341122789927,B,O2 conc.B [nmol/mL],dataset_III,
516.2264150943396,149.7359115363149,B,O2 conc.B [nmol/mL],dataset_III,
516.3522012578617,148.9458001063743,B,O2 conc.B [nmol/mL],dataset_III,
516.4779874213837,148.7534916719202,B,O2 conc.B [nmol/mL],dataset_III,
516.6037735849056,148.8158734349464,B,O2 conc.B [nmol/mL],dataset_III,
516.7295597484276,149.034919851853,B,O2 conc.B [nmol/mL],dataset_III,
516.8553459119497,149.2850537700448,B,O2 conc.B [nmol/mL],dataset_III,
516.9811320754717,149.1786610433562,B,O2 conc.B [nmol/mL],dataset_III,
517.1069182389937,149.3263826049682,B,O2 conc.B [nmol/mL],dataset_III,
517.2327044025158,149.0476789167329,B,O2 conc.B [nmol/mL],dataset_III,
517.3584905660377,148.9451371852418,B,O2 conc.B [nmol/mL],dataset_III,
517.4842767295597,148.6609268925884,B,O2 conc.B [nmol/mL],dataset_III,
517.6100628930817,148.8462472292713,B,O2 conc.B [nmol/mL],dataset_III,
517.7358490566038,148.8417115836236,B,O2 conc.B [nmol/mL],dataset_III,
517.8616352201258,148.970280716783,B,O2 conc.B [nmol/mL],dataset_III,
517.9874213836478,148.5861618123776,B,O2 conc.B [nmol/mL],dataset_III,
518.1132075471698,148.7376892071019,B,O2 conc.B [nmol/mL],dataset_III,
518.2389937106918,148.7865036190797,B,O2 conc.B [nmol/mL],dataset_III,
518.3647798742138,149.0750618094038,B,O2 conc.B [nmol/mL],dataset_III,
518.4905660377358,148.3005723907359,B,O2 conc.B [nmol/mL],dataset_III,
518.6163522012579,149.0682944210624,B,O2 conc.B [nmol/mL],dataset_III,
518.7421383647799,148.9534826383435,B,O2 conc.B [nmol/mL],dataset_III,
518.8679245283018,148.7797273546969,B,O2 conc.B [nmol/mL],dataset_III,
518.9937106918239,149.5997258550128,B,O2 conc.B [nmol/mL],dataset_III,
519.1194968553459,149.1983608042651,B,O2 conc.B [nmol/mL],dataset_III,
519.2452830188679,149.2273414852367,B,O2 conc.B [nmol/mL],dataset_III,
519.37106918239,148.8677991303624,B,O2 conc.B [nmol/mL],dataset_III,
519.496855345912,149.3213743993211,B,O2 conc.B [nmol/mL],dataset_III,
519.622641509434,149.0530520137626,B,O2 conc.B [nmol/mL],dataset_III,
519.7484276729559,149.1806361437704,B,O2 conc.B [nmol/mL],dataset_III,
519.874213836478,149.4387976941142,B,O2 conc.B [nmol/mL],dataset_III,
520.0,148.8915262123069,B,O2 conc.B [nmol/mL],dataset_III,
520.125786163522,148.7137693930324,B,O2 conc.B [nmol/mL],dataset_III,
520.2515723270441,148.4241617395153,B,O2 conc.B [nmol/mL],dataset_III,
520.377358490566,148.8021610167884,B,O2 conc.B [nmol/mL],dataset_III,
520.503144654088,148.7108401599705,B,O2 conc.B [nmol/mL],dataset_III,
520.62893081761,147.8501773772082,B,O2 conc.B [nmol/mL],dataset_III,
520.7547169811321,148.9353229458315,B,O2 conc.B [nmol/mL],dataset_III,
520.8805031446541,149.1883174441246,B,O2 conc.B [nmol/mL],dataset_III,
521.0062893081761,148.8938310035457,B,O2 conc.B [nmol/mL],dataset_III,
521.1320754716982,149.1508379443266,B,O2 conc.B [nmol/mL],dataset_III,
521.2578616352201,149.0115446306952,B,O2 conc.B [nmol/mL],dataset_III,
521.3836477987421,149.0096822895211,B,O2 conc.B [nmol/mL],dataset_III,
521.5094339622642,149.4025317983794,B,O2 conc.B [nmol/mL],dataset_III,
521.6352201257862,149.0508916175622,B,O2 conc.B [nmol/mL],dataset_III,
521.7610062893082,148.8000219329902,B,O2 conc.B [nmol/mL],dataset_III,
521.8867924528302,148.910596457008,B,O2 conc.B [nmol/mL],dataset_III,
522.0125786163522,148.3574528421889,B,O2 conc.B [nmol/mL],dataset_III,
522.1383647798742,148.8031801022612,B,O2 conc.B [nmol/mL],dataset_III,
522.2641509433962,148.8192365433353,B,O2 conc.B [nmol/mL],dataset_III,
522.3899371069183,148.6651485780476,B,O2 conc.B [nmol/mL],dataset_III,
522.5157232704403,149.1645890061464,B,O2 conc.B [nmol/mL],dataset_III,
522.6415094339623,149.0069195303757,B,O2 conc.B [nmol/mL],dataset_III,
522.7672955974842,148.274061191357,B,O2 conc.B [nmol/mL],dataset_III,
522.8930817610063,148.4663377120489,B,O2 conc.B [nmol/mL],dataset_III,
523.0188679245283,149.356067192383,B,O2 conc.B [nmol/mL],dataset_III,
523.1446540880503,148.4374629838751,B,O2 conc.B [nmol/mL],dataset_III,
523.2704402515724,148.8130175225917,B,O2 conc.B [nmol/mL],dataset_III,
523.3962264150944,148.6832002463215,B,O2 conc.B [nmol/mL],dataset_III,
523.5220125786163,148.2140423062941,B,O2 conc.B [nmol/mL],dataset_III,
523.6477987421383,147.9243633130765,B,O2 conc.B [nmol/mL],dataset_III,
523.7735849056604,148.620922681037,B,O2 conc.B [nmol/mL],dataset_III,
523.8993710691824,147.9471153168115,B,O2 conc.B [nmol/mL],dataset_III,
524.0251572327044,148.73247437454,B,O2 conc.B [nmol/mL],dataset_III,
524.1509433962265,148.2108309030673,B,O2 conc.B [nmol/mL],dataset_III,
524.2767295597484,148.5870848969252,B,O2 conc.B [nmol/mL],dataset_III,
524.4025157232704,148.5572559046892,B,O2 conc.B [nmol/mL],dataset_III,
524.5283018867924,149.1632208906121,B,O2 conc.B [nmol/mL],dataset_III,
524.6540880503145,148.4423369023947,B,O2 conc.B [nmol/mL],dataset_III,
524.7798742138365,148.2624445578025,B,O2 conc.B [nmol/mL],dataset_III,
524.9056603773585,148.672228320282,B,O2 conc.B [nmol/mL],dataset_III,
525.0314465408806,148.4273540413871,B,O2 conc.B [nmol/mL],dataset_III,
525.1572327044025,148.4364404217514,B,O2 conc.B [nmol/mL],dataset_III,
525.2830188679245,148.5527194702159,B,O2 conc.B [nmol/mL],dataset_III,
525.4088050314465,148.7871605509088,B,O2 conc.B [nmol/mL],dataset_III,
525.5345911949686,149.0967034597022,B,O2 conc.B [nmol/mL],dataset_III,
525.6603773584906,148.9877179633771,B,O2 conc.B [nmol/mL],dataset_III,
525.7861635220125,148.263152253635,B,O2 conc.B [nmol/mL],dataset_III,
525.9119496855346,148.4516264442382,B,O2 conc.B [nmol/mL],dataset_III,
526.0377358490566,148.0469743520618,B,O2 conc.B [nmol/mL],dataset_III,
526.1635220125786,148.8346492620576,B,O2 conc.B [nmol/mL],dataset_III,
526.2893081761006,148.9051689376468,B,O2 conc.B [nmol/mL],dataset_III,
526.4150943396227,148.8941338321428,B,O2 conc.B [nmol/mL],dataset_III,
526.5408805031446,148.1556090795179,B,O2 conc.B [nmol/mL],dataset_III,
526.6666666666666,148.2607086921327,B,O2 conc.B [nmol/mL],dataset_III,
526.7924528301887,148.3659476141138,B,O2 conc.B [nmol/mL],dataset_III,
526.9182389937107,149.0928489457429,B,O2 conc.B [nmol/mL],dataset_III,
527.0440251572327,147.9756769353412,B,O2 conc.B [nmol/mL],dataset_III,
527.1698113207547,148.0530449740449,B,O2 conc.B [nmol/mL],dataset_III,
527.2955974842768,148.7660561525431,B,O2 conc.B [nmol/mL],dataset_III,
527.4213836477987,147.5471869592405,B,O2 conc.B [nmol/mL],dataset_III,
527.5471698113207,148.475918442766,B,O2 conc.B [nmol/mL],dataset_III,
527.6729559748428,148.5146440106946,B,O2 conc.B [nmol/mL],dataset_III,
527.7987421383648,148.566016293684,B,O2 conc.B [nmol/mL],dataset_III,
527.9245283018868,147.8252253620208,B,O2 conc.B [nmol/mL],dataset_III,
528.0503144654087,148.350604751269,B,O2 conc.B [nmol/mL],dataset_III,
528.1761006289308,148.7234077317672,B,O2 conc.B [nmol/mL],dataset_III,
528.3018867924528,149.0823570726997,B,O2 conc.B [nmol/mL],dataset_III,
528.4276729559748,147.7036696973892,B,O2 conc.B [nmol/mL],dataset_III,
528.5534591194969,147.8887411889661,B,O2 conc.B [nmol/mL],dataset_III,
528.6792452830189,148.2538705415421,B,O2 conc.B [nmol/mL],dataset_III,
528.8050314465409,148.4495798137675,B,O2 conc.B [nmol/mL],dataset_III,
528.930817610063,147.7821306568315,B,O2 conc.B [nmol/mL],dataset_III,
529.0566037735849,148.4890162625366,B,O2 conc.B [nmol/mL],dataset_III,
529.1823899371069,148.4071978394664,B,O2 conc.B [nmol/mL],dataset_III,
529.3081761006289,148.3776892999395,B,O2 conc.B [nmol/mL],dataset_III,
529.433962264151,147.8736058148894,B,O2 conc.B [nmol/mL],dataset_III,
529.559748427673,148.9340921354558,B,O2 conc.B [nmol/mL],dataset_III,
529.6855345911949,148.5972595971042,B,O2 conc.B [nmol/mL],dataset_III,
529.811320754717,148.2760454892174,B,O2 conc.B [nmol/mL],dataset_III,
529.937106918239,148.122940422036,B,O2 conc.B [nmol/mL],dataset_III,
530.062893081761,148.0257044365574,B,O2 conc.B [nmol/mL],dataset_III,
530.188679245283,148.5022221269463,B,O2 conc.B [nmol/mL],dataset_III,
530.3144654088051,148.554680139209,B,O2 conc.B [nmol/mL],dataset_III,
530.440251572327,148.2527427196263,B,O2 conc.B [nmol/mL],dataset_III,
530.566037735849,148.1536257872755,B,O2 conc.B [nmol/mL],dataset_III,
530.6918238993711,148.4678243045451,B,O2 conc.B [nmol/mL],dataset_III,
530.8176100628931,148.2342405952943,B,O2 conc.B [nmol/mL],dataset_III,
530.9433962264151,148.2324188833915,B,O2 conc.B [nmol/mL],dataset_III,
531.069182389937,147.7956596351992,B,O2 conc.B [nmol/mL],dataset_III,
531.1949685534591,148.4924738072453,B,O2 conc.B [nmol/mL],dataset_III,
531.3207547169811,148.7826493335023,B,O2 conc.B [nmol/mL],dataset_III,
531.4465408805031,148.7826143096789,B,O2 conc.B [nmol/mL],dataset_III,
531.5723270440252,147.9954782569939,B,O2 conc.B [nmol/mL],dataset_III,
531.6981132075472,147.3636961995118,B,O2 conc.B [nmol/mL],dataset_III,
531.8238993710692,148.5086585226763,B,O2 conc.B [nmol/mL],dataset_III,
531.9496855345913,148.4810388521911,B,O2 conc.B [nmol/mL],dataset_III,
532.0754716981132,148.0473609973592,B,O2 conc.B [nmol/mL],dataset_III,
532.2012578616352,148.4239079583296,B,O2 conc.B [nmol/mL],dataset_III,
532.3270440251572,148.4485837202538,B,O2 conc.B [nmol/mL],dataset_III,
532.4528301886793,147.9703397799171,B,O2 conc.B [nmol/mL],dataset_III,
532.5786163522013,148.0159132970267,B,O2 conc.B [nmol/mL],dataset_III,
532.7044025157232,148.2643614932068,B,O2 conc.B [nmol/mL],dataset_III,
532.8301886792453,147.8952211925397,B,O2 conc.B [nmol/mL],dataset_III,
532.9559748427673,148.1552763254466,B,O2 conc.B [nmol/mL],dataset_III,
533.0817610062893,147.8945359714218,B,O2 conc.B [nmol/mL],dataset_III,
533.2075471698113,147.970544672827,B,O2 conc.B [nmol/mL],dataset_III,
533.3333333333334,148.8917217595055,B,O2 conc.B [nmol/mL],dataset_III,
533.4591194968554,148.2076746967464,B,O2 conc.B [nmol/mL],dataset_III,
533.5849056603773,148.6273148815541,B,O2 conc.B [nmol/mL],dataset_III,
533.7106918238994,148.132355212677,B,O2 conc.B [nmol/mL],dataset_III,
533.8364779874214,147.7660699411025,B,O2 conc.B [nmol/mL],dataset_III,
533.9622641509434,148.6628566350647,B,O2 conc.B [nmol/mL],dataset_III,
534.0880503144654,148.0002871077424,B,O2 conc.B [nmol/mL],dataset_III,
534.2138364779875,148.2508764027766,B,O2 conc.B [nmol/mL],dataset_III,
534.3396226415094,148.2515070563767,B,O2 conc.B [nmol/mL],dataset_III,
534.4654088050314,147.6125024576864,B,O2 conc.B [nmol/mL],dataset_III,
534.5911949685535,148.441325640945,B,O2 conc.B [nmol/mL],dataset_III,
534.7169811320755,147.867483960352,B,O2 conc.B [nmol/mL],dataset_III,
534.8427672955975,148.2048584146548,B,O2 conc.B [nmol/mL],dataset_III,
534.9685534591194,148.1311439893578,B,O2 conc.B [nmol/mL],dataset_III,
535.0943396226415,147.8784430955231,B,O2 conc.B [nmol/mL],dataset_III,
535.2201257861635,147.8719117291869,B,O2 conc.B [nmol/mL],dataset_III,
535.3459119496855,147.8220211249357,B,O2 conc.B [nmol/mL],dataset_III,
535.4716981132076,148.4397506485797,B,O2 conc.B [nmol/mL],dataset_III,
535.5974842767296,147.9236821577224,B,O2 conc.B [nmol/mL],dataset_III,
535.7232704402516,147.7541064820385,B,O2 conc.B [nmol/mL],dataset_III,
535.8490566037735,147.534107712811,B,O2 conc.B [nmol/mL],dataset_III,
535.9748427672956,147.9942031601529,B,O2 conc.B [nmol/mL],dataset_III,
536.1006289308176,148.2797066631484,B,O2 conc.B [nmol/mL],dataset_III,
536.2264150943396,147.8060832176352,B,O2 conc.B [nmol/mL],dataset_III,
536.3522012578617,148.6845680338303,B,O2 conc.B [nmol/mL],dataset_III,
536.4779874213837,147.7535241024235,B,O2 conc.B [nmol/mL],dataset_III,
536.6037735849056,148.4543129034409,B,O2 conc.B [nmol/mL],dataset_III,
536.7295597484276,147.5986289699896,B,O2 conc.B [nmol/mL],dataset_III,
536.8553459119497,148.1463864877487,B,O2 conc.B [nmol/mL],dataset_III,
536.9811320754717,148.2405111819178,B,O2 conc.B [nmol/mL],dataset_III,
537.1069182389937,148.1370744001392,B,O2 conc.B [nmol/mL],dataset_III,
537.2327044025158,147.2255002135988,B,O2 conc.B [nmol/mL],dataset_III,
537.3584905660377,148.3704301277647,B,O2 conc.B [nmol/mL],dataset_III,
537.4842767295597,148.1536974567932,B,O2 conc.B [nmol/mL],dataset_III,
537.6100628930817,147.6505657320961,B,O2 conc.B [nmol/mL],dataset_III,
537.7358490566038,147.8028127664725,B,O2 conc.B [nmol/mL],dataset_III,
537.8616352201258,147.9562154929502,B,O2 conc.B [nmol/mL],dataset_III,
537.9874213836478,148.0247119514476,B,O2 conc.B [nmol/mL],dataset_III,
538.1132075471698,147.4282027068369,B,O2 conc.B [nmol/mL],dataset_III,
538.2389937106918,147.9499015301637,B,O2 conc.B [nmol/mL],dataset_III,
538.3647798742138,147.8194062531881,B,O2 conc.B [nmol/mL],dataset_III,
538.4905660377358,147.7244931746912,B,O2 conc.B [nmol/mL],dataset_III,
538.6163522012579,147.7175484268682,B,O2 conc.B [nmol/mL],dataset_III,
538.7421383647799,147.5919424036453,B,O2 conc.B [nmol/mL],dataset_III,
538.8679245283018,148.0359621297088,B,O2 conc.B [nmol/mL],dataset_III,
538.9937106918239,147.7998185707158,B,O2 conc.B [nmol/mL],dataset_III,
539.1194968553459,147.7320621166187,B,O2 conc.B [nmol/mL],dataset_III,
539.2452830188679,147.6445238985335,B,O2 conc.B [nmol/mL],dataset_III,
539.37106918239,148.1578981583113,B,O2 conc.B [nmol/mL],dataset_III,
539.496855345912,148.2939573408086,B,O2 conc.B [nmol/mL],dataset_III,
539.622641509434,147.6922571244371,B,O2 conc.B [nmol/mL],dataset_III,
539.7484276729559,147.9461287240907,B,O2 conc.B [nmol/mL],dataset_III,
539.874213836478,147.5519063953982,B,O2 conc.B [nmol/mL],dataset_III,
540.0,148.3296417402155,B,O2 conc.B [nmol/mL],dataset_III,FCCP_2
540.125786163522,147.8069169403346,B,O2 conc.B [nmol/mL],dataset_III,
540.2515723270441,148.0501429604608,B,O2 conc.B [nmol/mL],dataset_III,
540.377358490566,148.6754913742719,B,O2 conc.B [nmol/mL],dataset_III,
540.503144654088,147.9241116362568,B,O2 conc.B [nmol/mL],dataset_III,
540.62893081761,147.3940314407768,B,O2 conc.B [nmol/mL],dataset_III,
540.7547169811321,147.8760377586207,B,O2 conc.B [nmol/mL],dataset_III,
540.8805031446541,147.9837043479479,B,O2 conc.B [nmol/mL],dataset_III,
541.0062893081761,147.5212676674391,B,O2 conc.B [nmol/mL],dataset_III,
541.1320754716982,147.1967475572916,B,O2 conc.B [nmol/mL],dataset_III,
541.2578616352201,147.9447929680588,B,O2 conc.B [nmol/mL],dataset_III,
541.3836477987421,146.5204473753057,B,O2 conc.B [nmol/mL],dataset_III,
541.5094339622641,147.804623354142,B,O2 conc.B [nmol/mL],dataset_III,
541.6352201257862,147.5894677066253,B,O2 conc.B [nmol/mL],dataset_III,
541.7610062893082,147.6013158638689,B,O2 conc.B [nmol/mL],dataset_III,
541.8867924528302,147.2689571147022,B,O2 conc.B [nmol/mL],dataset_III,
542.0125786163522,148.1769113054259,B,O2 conc.B [nmol/mL],dataset_III,
542.1383647798742,147.3966568645014,B,O2 conc.B [nmol/mL],dataset_III,
542.2641509433962,147.4372438710268,B,O2 conc.B [nmol/mL],dataset_III,
542.3899371069182,147.5028858966555,B,O2 conc.B [nmol/mL],dataset_III,
542.5157232704403,147.2456349131101,B,O2 conc.B [nmol/mL],dataset_III,
542.6415094339623,147.3501674316225,B,O2 conc.B [nmol/mL],dataset_III,
542.7672955974842,147.5523673715161,B,O2 conc.B [nmol/mL],dataset_III,
542.8930817610063,147.745264061288,B,O2 conc.B [nmol/mL],dataset_III,
543.0188679245283,146.7685530599983,B,O2 conc.B [nmol/mL],dataset_III,
543.1446540880503,147.7203834341275,B,O2 conc.B [nmol/mL],dataset_III,
543.2704402515724,147.0752847987622,B,O2 conc.B [nmol/mL],dataset_III,
543.3962264150944,147.9490287352615,B,O2 conc.B [nmol/mL],dataset_III,
543.5220125786163,147.0739294899351,B,O2 conc.B [nmol/mL],dataset_III,
543.6477987421383,146.6882178917618,B,O2 conc.B [nmol/mL],dataset_III,
543.7735849056604,148.0111302865839,B,O2 conc.B [nmol/mL],dataset_III,
543.8993710691824,147.120592184039,B,O2 conc.B [nmol/mL],dataset_III,
544.0251572327044,147.6017659431094,B,O2 conc.B [nmol/mL],dataset_III,
544.1509433962265,147.3870072719348,B,O2 conc.B [nmol/mL],dataset_III,
544.2767295597484,147.4256342524723,B,O2 conc.B [nmol/mL],dataset_III,
544.4025157232704,147.6676773936234,B,O2 conc.B [nmol/mL],dataset_III,
544.5283018867924,147.2454660486264,B,O2 conc.B [nmol/mL],dataset_III,
544.6540880503145,147.6825865330019,B,O2 conc.B [nmol/mL],dataset_III,
544.7798742138365,147.1920628857256,B,O2 conc.B [nmol/mL],dataset_III,
544.9056603773585,147.7682498555516,B,O2 conc.B [nmol/mL],dataset_III,
545.0314465408806,147.1442313987023,B,O2 conc.B [nmol/mL],dataset_III,
545.1572327044025,147.6824107785436,B,O2 conc.B [nmol/mL],dataset_III,
545.2830188679245,148.2095284748643,B,O2 conc.B [nmol/mL],dataset_III,
545.4088050314465,147.8704546402332,B,O2 conc.B [nmol/mL],dataset_III,
545.5345911949686,147.4060330014143,B,O2 conc.B [nmol/mL],dataset_III,
545.6603773584906,147.4886969884605,B,O2 conc.B [nmol/mL],dataset_III,
545.7861635220125,147.9739975531904,B,O2 conc.B [nmol/mL],dataset_III,
545.9119496855346,147.7467533517382,B,O2 conc.B [nmol/mL],dataset_III,
546.0377358490566,146.9043459174949,B,O2 conc.B [nmol/mL],dataset_III,
546.1635220125786,147.8882846347026,B,O2 conc.B [nmol/mL],dataset_III,
546.2893081761006,147.3760922900089,B,O2 conc.B [nmol/mL],dataset_III,
546.4150943396227,147.6490441676794,B,O2 conc.B [nmol/mL],dataset_III,
546.5408805031446,147.3264391509584,B,O2 conc.B [nmol/mL],dataset_III,
546.6666666666666,147.7143757189777,B,O2 conc.B [nmol/mL],dataset_III,
546.7924528301887,148.0063452000468,B,O2 conc.B [nmol/mL],dataset_III,
546.9182389937107,147.5356683126893,B,O2 conc.B [nmol/mL],dataset_III,
547.0440251572327,147.6334325604437,B,O2 conc.B [nmol/mL],dataset_III,
547.1698113207547,147.2928059684177,B,O2 conc.B [nmol/mL],dataset_III,
547.2955974842768,147.6993515992087,B,O2 conc.B [nmol/mL],dataset_III,
547.4213836477987,147.3981506435073,B,O2 conc.B [nmol/mL],dataset_III,
547.5471698113207,147.7088812001481,B,O2 conc.B [nmol/mL],dataset_III,
547.6729559748428,147.7033460088186,B,O2 conc.B [nmol/mL],dataset_III,
547.7987421383648,147.2656985628341,B,O2 conc.B [nmol/mL],dataset_III,
547.9245283018868,147.295632624531,B,O2 conc.B [nmol/mL],dataset_III,
548.0503144654089,147.6599559710355,B,O2 conc.B [nmol/mL],dataset_III,
548.1761006289308,147.1458479669544,B,O2 conc.B [nmol/mL],dataset_III,
548.3018867924528,147.4921351326602,B,O2 conc.B [nmol/mL],dataset_III,
548.4276729559748,147.1183728292522,B,O2 conc.B [nmol/mL],dataset_III,
548.5534591194969,146.9418556948994,B,O2 conc.B [nmol/mL],dataset_III,
548.6792452830189,147.2346259623066,B,O2 conc.B [nmol/mL],dataset_III,
548.8050314465409,147.4127681089041,B,O2 conc.B [nmol/mL],dataset_III,
548.930817610063,147.3342873707486,B,O2 conc.B [nmol/mL],dataset_III,
549.0566037735849,147.6325930998239,B,O2 conc.B [nmol/mL],dataset_III,
549.1823899371069,147.4253712618485,B,O2 conc.B [nmol/mL],dataset_III,
549.3081761006289,147.5278781217682,B,O2 conc.B [nmol/mL],dataset_III,
549.433962264151,147.6115925101823,B,O2 conc.B [nmol/mL],dataset_III,
549.559748427673,147.6617767355352,B,O2 conc.B [nmol/mL],dataset_III,
549.6855345911949,147.3317139581459,B,O2 conc.B [nmol/mL],dataset_III,
549.811320754717,147.1422035938491,B,O2 conc.B [nmol/mL],dataset_III,
549.937106918239,146.725796439542,B,O2 conc.B [nmol/mL],dataset_III,
550.062893081761,147.2233745949578,B,O2 conc.B [nmol/mL],dataset_III,
550.188679245283,147.2676051863733,B,O2 conc.B [nmol/mL],dataset_III,
550.3144654088051,146.8652864826553,B,O2 conc.B [nmol/mL],dataset_III,
550.440251572327,147.8816479123088,B,O2 conc.B [nmol/mL],dataset_III,
550.566037735849,147.1760075336352,B,O2 conc.B [nmol/mL],dataset_III,
550.6918238993711,147.5163544388356,B,O2 conc.B [nmol/mL],dataset_III,
550.8176100628931,147.0265506557629,B,O2 conc.B [nmol/mL],dataset_III,
550.9433962264151,147.298478632172,B,O2 conc.B [nmol/mL],dataset_III,
551.069182389937,147.0644861786478,B,O2 conc.B [nmol/mL],dataset_III,
551.1949685534591,147.0883159928625,B,O2 conc.B [nmol/mL],dataset_III,
551.3207547169811,146.9393340341349,B,O2 conc.B [nmol/mL],dataset_III,
551.4465408805031,146.6522895861407,B,O2 conc.B [nmol/mL],dataset_III,
551.5723270440252,147.339392718991,B,O2 conc.B [nmol/mL],dataset_III,
551.6981132075472,146.6593064770442,B,O2 conc.B [nmol/mL],dataset_III,
551.8238993710692,146.4646192168833,B,O2 conc.B [nmol/mL],dataset_III,
551.9496855345911,147.5120708065216,B,O2 conc.B [nmol/mL],dataset_III,
552.0754716981132,147.3520952787678,B,O2 conc.B [nmol/mL],dataset_III,
552.2012578616352,147.1198118275231,B,O2 conc.B [nmol/mL],dataset_III,
552.3270440251572,146.2537291740225,B,O2 conc.B [nmol/mL],dataset_III,
552.4528301886793,146.5512759324254,B,O2 conc.B [nmol/mL],dataset_III,
552.5786163522013,146.820065378473,B,O2 conc.B [nmol/mL],dataset_III,
552.7044025157232,147.3346606129389,B,O2 conc.B [nmol/mL],dataset_III,
552.8301886792453,146.9860083359844,B,O2 conc.B [nmol/mL],dataset_III,
552.9559748427673,147.4530811282369,B,O2 conc.B [nmol/mL],dataset_III,
553.0817610062893,147.079952787152,B,O2 conc.B [nmol/mL],dataset_III,
553.2075471698113,146.9361131645816,B,O2 conc.B [nmol/mL],dataset_III,
553.3333333333334,146.9306545683796,B,O2 conc.B [nmol/mL],dataset_III,
553.4591194968554,147.1041987604828,B,O2 conc.B [nmol/mL],dataset_III,
553.5849056603773,146.6403318103433,B,O2 conc.B [nmol/mL],dataset_III,
553.7106918238994,146.4128258063787,B,O2 conc.B [nmol/mL],dataset_III,
553.8364779874214,147.2067944745344,B,O2 conc.B [nmol/mL],dataset_III,
553.9622641509434,146.9249666056785,B,O2 conc.B [nmol/mL],dataset_III,
554.0880503144654,146.4810351209001,B,O2 conc.B [nmol/mL],dataset_III,
554.2138364779875,147.3048313955753,B,O2 conc.B [nmol/mL],dataset_III,
554.3396226415094,147.2797609495199,B,O2 conc.B [nmol/mL],dataset_III,
554.4654088050314,147.2117594639096,B,O2 conc.B [nmol/mL],dataset_III,
554.5911949685535,147.2370100077507,B,O2 conc.B [nmol/mL],dataset_III,
554.7169811320755,146.9996308977779,B,O2 conc.B [nmol/mL],dataset_III,
554.8427672955975,147.2596977198831,B,O2 conc.B [nmol/mL],dataset_III,
554.9685534591194,147.4574271006692,B,O2 conc.B [nmol/mL],dataset_III,
555.0943396226415,147.0744772935182,B,O2 conc.B [nmol/mL],dataset_III,
555.2201257861635,146.8524464682642,B,O2 conc.B [nmol/mL],dataset_III,
555.3459119496855,146.8925963649869,B,O2 conc.B [nmol/mL],dataset_III,
555.4716981132076,146.6409281511322,B,O2 conc.B [nmol/mL],dataset_III,
555.5974842767296,147.5209987762376,B,O2 conc.B [nmol/mL],dataset_III,
555.7232704402516,146.8449532190042,B,O2 conc.B [nmol/mL],dataset_III,
555.8490566037735,146.3420381984657,B,O2 conc.B [nmol/mL],dataset_III,
555.9748427672956,146.5585372667198,B,O2 conc.B [nmol/mL],dataset_III,
556.1006289308176,146.8616954106367,B,O2 conc.B [nmol/mL],dataset_III,
556.2264150943396,147.2047128672135,B,O2 conc.B [nmol/mL],dataset_III,
556.3522012578617,146.9874515292427,B,O2 conc.B [nmol/mL],dataset_III,
556.4779874213837,146.6426832638977,B,O2 conc.B [nmol/mL],dataset_III,
556.6037735849056,146.8094920012364,B,O2 conc.B [nmol/mL],dataset_III,
556.7295597484276,146.4414715325123,B,O2 conc.B [nmol/mL],dataset_III,
556.8553459119497,146.5640716199922,B,O2 conc.B [nmol/mL],dataset_III,
556.9811320754717,147.2514437079241,B,O2 conc.B [nmol/mL],dataset_III,
557.1069182389937,146.2176136391795,B,O2 conc.B [nmol/mL],dataset_III,
557.2327044025158,146.7884053848493,B,O2 conc.B [nmol/mL],dataset_III,
557.3584905660377,146.5618004687254,B,O2 conc.B [nmol/mL],dataset_III,
557.4842767295597,147.0231379141656,B,O2 conc.B [nmol/mL],dataset_III,
557.6100628930817,147.5877203853002,B,O2 conc.B [nmol/mL],dataset_III,
557.7358490566038,146.95425940161,B,O2 conc.B [nmol/mL],dataset_III,
557.8616352201258,147.076444328792,B,O2 conc.B [nmol/mL],dataset_III,
557.9874213836478,146.3327600839868,B,O2 conc.B [nmol/mL],dataset_III,
558.1132075471698,146.6202891698975,B,O2 conc.B [nmol/mL],dataset_III,
558.2389937106918,146.2818188639961,B,O2 conc.B [nmol/mL],dataset_III,
558.3647798742138,146.873109176143,B,O2 conc.B [nmol/mL],dataset_III,
558.4905660377359,146.9493867285763,B,O2 conc.B [nmol/mL],dataset_III,
558.6163522012579,146.9744463462047,B,O2 conc.B [nmol/mL],dataset_III,
558.7421383647799,146.8762823028315,B,O2 conc.B [nmol/mL],dataset_III,
558.8679245283018,146.7933574547232,B,O2 conc.B [nmol/mL],dataset_III,
558.9937106918239,146.0601303219468,B,O2 conc.B [nmol/mL],dataset_III,
559.1194968553459,146.4927921281134,B,O2 conc.B [nmol/mL],dataset_III,
559.2452830188679,146.7510070161119,B,O2 conc.B [nmol/mL],dataset_III,
559.37106918239,147.3824979205316,B,O2 conc.B [nmol/mL],dataset_III,
559.496855345912,145.9348204230485,B,O2 conc.B [nmol/mL],dataset_III,
559.622641509434,146.0114222302075,B,O2 conc.B [nmol/mL],dataset_III,
559.7484276729559,146.5336775714148,B,O2 conc.B [nmol/mL],dataset_III,
559.874213836478,146.6241243727418,B,O2 conc.B [nmol/mL],dataset_III,
560.0,146.4926754616071,B,O2 conc.B [nmol/mL],dataset_III,
560.125786163522,147.0506961902643,B,O2 conc.B [nmol/mL],dataset_III,
560.2515723270441,146.3639188029307,B,O2 conc.B [nmol/mL],dataset_III,
560.377358490566,146.2672082036109,B,O2 conc.B [nmol/mL],dataset_III,
560.503144654088,146.2870315485737,B,O2 conc.B [nmol/mL],dataset_III,
560.62893081761,146.1997122422943,B,O2 conc.B [nmol/mL],dataset_III,
560.7547169811321,146.6660020703577,B,O2 conc.B [nmol/mL],dataset_III,
560.8805031446541,146.161244091942,B,O2 conc.B [nmol/mL],dataset_III,
561.0062893081761,146.3345224010521,B,O2 conc.B [nmol/mL],dataset_III,
561.1320754716982,146.661753960134,B,O2 conc.B [nmol/mL],dataset_III,
561.2578616352201,146.9277561508362,B,O2 conc.B [nmol/mL],dataset_III,
561.3836477987421,146.6820730747734,B,O2 conc.B [nmol/mL],dataset_III,
561.5094339622641,146.192507721664,B,O2 conc.B [nmol/mL],dataset_III,
561.6352201257862,146.3491395231131,B,O2 conc.B [nmol/mL],dataset_III,
561.7610062893082,146.3280060141056,B,O2 conc.B [nmol/mL],dataset_III,
561.8867924528302,146.6588002844318,B,O2 conc.B [nmol/mL],dataset_III,
562.0125786163522,146.6328856662779,B,O2 conc.B [nmol/mL],dataset_III,
562.1383647798742,146.7716592895099,B,O2 conc.B [nmol/mL],dataset_III,
562.2641509433962,146.0442666456033,B,O2 conc.B [nmol/mL],dataset_III,
562.3899371069183,146.3352410670061,B,O2 conc.B [nmol/mL],dataset_III,
562.5157232704403,146.7361894881585,B,O2 conc.B [nmol/mL],dataset_III,
562.6415094339623,146.7378017182,B,O2 conc.B [nmol/mL],dataset_III,
562.7672955974842,146.438766478506,B,O2 conc.B [nmol/mL],dataset_III,
562.8930817610063,146.2375236907155,B,O2 conc.B [nmol/mL],dataset_III,
563.0188679245283,146.6956611941935,B,O2 conc.B [nmol/mL],dataset_III,
563.1446540880503,146.4407811175367,B,O2 conc.B [nmol/mL],dataset_III,
563.2704402515724,146.037756046669,B,O2 conc.B [nmol/mL],dataset_III,
563.3962264150944,146.505827973009,B,O2 conc.B [nmol/mL],dataset_III,
563.5220125786163,146.1567622908044,B,O2 conc.B [nmol/mL],dataset_III,
563.6477987421383,146.7726795003793,B,O2 conc.B [nmol/mL],dataset_III,
563.7735849056604,146.1902487910083,B,O2 conc.B [nmol/mL],dataset_III,
563.8993710691824,146.8713545189379,B,O2 conc.B [nmol/mL],dataset_III,
564.0251572327044,146.0806518473453,B,O2 conc.B [nmol/mL],dataset_III,
564.1509433962265,146.4519114150334,B,O2 conc.B [nmol/mL],dataset_III,
564.2767295597484,145.5108649373827,B,O2 conc.B [nmol/mL],dataset_III,
564.4025157232704,146.3447244896369,B,O2 conc.B [nmol/mL],dataset_III,
564.5283018867924,146.2746815405643,B,O2 conc.B [nmol/mL],dataset_III,
564.6540880503145,146.0174081621194,B,O2 conc.B [nmol/mL],dataset_III,
564.7798742138365,146.1991789645032,B,O2 conc.B [nmol/mL],dataset_III,
564.9056603773585,146.6530162099408,B,O2 conc.B [nmol/mL],dataset_III,
565.0314465408806,146.7541667302156,B,O2 conc.B [nmol/mL],dataset_III,
565.1572327044025,147.1913698726543,B,O2 conc.B [nmol/mL],dataset_III,
565.2830188679245,146.1029715364638,B,O2 conc.B [nmol/mL],dataset_III,
565.4088050314465,146.4655502655506,B,O2 conc.B [nmol/mL],dataset_III,
565.5345911949686,146.1640254219881,B,O2 conc.B [nmol/mL],dataset_III,
565.6603773584906,146.426836971193,B,O2 conc.B [nmol/mL],dataset_III,
565.7861635220125,146.9341795051436,B,O2 conc.B [nmol/mL],dataset_III,
565.9119496855346,145.7413812998813,B,O2 conc.B [nmol/mL],dataset_III,
566.0377358490566,146.2386012853298,B,O2 conc.B [nmol/mL],dataset_III,
566.1635220125786,145.5981370809109,B,O2 conc.B [nmol/mL],dataset_III,
566.2893081761006,146.3111407064172,B,O2 conc.B [nmol/mL],dataset_III,
566.4150943396227,146.1932926073646,B,O2 conc.B [nmol/mL],dataset_III,
566.5408805031446,145.7777047763211,B,O2 conc.B [nmol/mL],dataset_III,
566.6666666666666,145.9448663828944,B,O2 conc.B [nmol/mL],dataset_III,
566.7924528301887,146.671039439652,B,O2 conc.B [nmol/mL],dataset_III,
566.9182389937107,145.6794586922201,B,O2 conc.B [nmol/mL],dataset_III,
567.0440251572327,145.7297811711379,B,O2 conc.B [nmol/mL],dataset_III,
567.1698113207547,146.0360716440461,B,O2 conc.B [nmol/mL],dataset_III,
567.2955974842768,146.1236247160641,B,O2 conc.B [nmol/mL],dataset_III,
567.4213836477987,146.3228163999904,B,O2 conc.B [nmol/mL],dataset_III,
567.5471698113207,146.7083533184869,B,O2 conc.B [nmol/mL],dataset_III,
567.6729559748428,146.1706526600173,B,O2 conc.B [nmol/mL],dataset_III,
567.7987421383648,145.7317960787844,B,O2 conc.B [nmol/mL],dataset_III,
567.9245283018868,146.2459935597317,B,O2 conc.B [nmol/mL],dataset_III,
568.0503144654087,146.8532975972578,B,O2 conc.B [nmol/mL],dataset_III,
568.1761006289308,145.8256821020805,B,O2 conc.B [nmol/mL],dataset_III,
568.3018867924528,146.4441421168318,B,O2 conc.B [nmol/mL],dataset_III,
568.4276729559748,147.0024183228439,B,O2 conc.B [nmol/mL],dataset_III,
568.5534591194969,146.4462548048576,B,O2 conc.B [nmol/mL],dataset_III,
568.6792452830189,145.9281462564433,B,O2 conc.B [nmol/mL],dataset_III,
568.8050314465409,146.0672029625092,B,O2 conc.B [nmol/mL],dataset_III,
568.930817610063,145.8777705613861,B,O2 conc.B [nmol/mL],dataset_III,
569.0566037735849,146.2420861614533,B,O2 conc.B [nmol/mL],dataset_III,
569.1823899371069,146.4026089041161,B,O2 conc.B [nmol/mL],dataset_III,
569.3081761006289,146.098170920907,B,O2 conc.B [nmol/mL],dataset_III,
569.433962264151,145.7680476249321,B,O2 conc.B [nmol/mL],dataset_III,
569.559748427673,145.5092284894091,B,O2 conc.B [nmol/mL],dataset_III,
569.6855345911949,145.9994051940652,B,O2 conc.B [nmol/mL],dataset_III,
569.811320754717,146.2155219279424,B,O2 conc.B [nmol/mL],dataset_III,
569.937106918239,146.0276008169612,B,O2 conc.B [nmol/mL],dataset_III,
570.062893081761,146.4244071709778,B,O2 conc.B [nmol/mL],dataset_III,
570.188679245283,146.0102517658891,B,O2 conc.B [nmol/mL],dataset_III,
570.3144654088051,146.0005273948934,B,O2 conc.B [nmol/mL],dataset_III,
570.440251572327,146.6703604277455,B,O2 conc.B [nmol/mL],dataset_III,
570.566037735849,146.2131345468399,B,O2 conc.B [nmol/mL],dataset_III,
570.6918238993711,145.6890053326048,B,O2 conc.B [nmol/mL],dataset_III,
570.8176100628931,145.3656982771487,B,O2 conc.B [nmol/mL],dataset_III,
570.9433962264151,146.5595446170045,B,O2 conc.B [nmol/mL],dataset_III,
571.069182389937,145.5231434943583,B,O2 conc.B [nmol/mL],dataset_III,
571.1949685534591,146.2021203503903,B,O2 conc.B [nmol/mL],dataset_III,
571.3207547169811,146.595870259342,B,O2 conc.B [nmol/mL],dataset_III,
571.4465408805031,146.2337717449297,B,O2 conc.B [nmol/mL],dataset_III,
571.5723270440252,145.9698294097376,B,O2 conc.B [nmol/mL],dataset_III,
571.6981132075472,146.0630945921318,B,O2 conc.B [nmol/mL],dataset_III,
571.8238993710692,145.3615066661318,B,O2 conc.B [nmol/mL],dataset_III,
571.9496855345911,145.7811608725479,B,O2 conc.B [nmol/mL],dataset_III,
572.0754716981132,146.2645560792374,B,O2 conc.B [nmol/mL],dataset_III,
572.2012578616352,145.5453320277043,B,O2 conc.B [nmol/mL],dataset_III,
572.3270440251572,145.8375266108827,B,O2 conc.B [nmol/mL],dataset_III,
572.4528301886793,146.2197486605548,B,O2 conc.B [nmol/mL],dataset_III,
572.5786163522013,146.2911119882743,B,O2 conc.B [nmol/mL],dataset_III,
572.7044025157232,146.0449494237551,B,O2 conc.B [nmol/mL],dataset_III,
572.8301886792453,146.1243405840835,B,O2 conc.B [nmol/mL],dataset_III,
572.9559748427673,145.5816904617906,B,O2 conc.B [nmol/mL],dataset_III,
573.0817610062893,145.8673242297341,B,O2 conc.B [nmol/mL],dataset_III,
573.2075471698113,146.1577864760283,B,O2 conc.B [nmol/mL],dataset_III,
573.3333333333334,145.940068953563,B,O2 conc.B [nmol/mL],dataset_III,
573.4591194968554,145.8571184696846,B,O2 conc.B [nmol/mL],dataset_III,
573.5849056603773,145.7822908060941,B,O2 conc.B [nmol/mL],dataset_III,
573.7106918238994,145.9293038526542,B,O2 conc.B [nmol/mL],dataset_III,
573.8364779874214,145.9338486232874,B,O2 conc.B [nmol/mL],dataset_III,
573.9622641509434,145.7627626343743,B,O2 conc.B [nmol/mL],dataset_III,
574.0880503144654,146.0477623427162,B,O2 conc.B [nmol/mL],dataset_III,
574.2138364779875,145.7837196417009,B,O2 conc.B [nmol/mL],dataset_III,
574.3396226415094,146.3163644284748,B,O2 conc.B [nmol/mL],dataset_III,
574.4654088050314,146.468065099491,B,O2 conc.B [nmol/mL],dataset_III,
574.5911949685535,146.213811740791,B,O2 conc.B [nmol/mL],dataset_III,
574.7169811320755,146.0727330301453,B,O2 conc.B [nmol/mL],dataset_III,
574.8427672955975,145.2671264015881,B,O2 conc.B [nmol/mL],dataset_III,
574.9685534591194,145.886383397566,B,O2 conc.B [nmol/mL],dataset_III,
575.0943396226415,146.0457395613402,B,O2 conc.B [nmol/mL],dataset_III,
575.2201257861635,145.4101795865693,B,O2 conc.B [nmol/mL],dataset_III,
575.3459119496855,145.5953885874797,B,O2 conc.B [nmol/mL],dataset_III,
575.4716981132076,145.9332327959597,B,O2 conc.B [nmol/mL],dataset_III,
575.5974842767296,146.0965364078876,B,O2 conc.B [nmol/mL],dataset_III,
575.7232704402516,145.8001243753057,B,O2 conc.B [nmol/mL],dataset_III,
575.8490566037735,145.7243234536705,B,O2 conc.B [nmol/mL],dataset_III,
575.9748427672956,145.7197137510117,B,O2 conc.B [nmol/mL],dataset_III,
576.1006289308176,145.4536617928824,B,O2 conc.B [nmol/mL],dataset_III,
576.2264150943396,146.1381562148808,B,O2 conc.B [nmol/mL],dataset_III,
576.3522012578617,145.2476847740312,B,O2 conc.B [nmol/mL],dataset_III,
576.4779874213837,145.971042327012,B,O2 conc.B [nmol/mL],dataset_III,
576.6037735849056,145.5882708221974,B,O2 conc.B [nmol/mL],dataset_III,
576.7295597484276,145.3095881944539,B,O2 conc.B [nmol/mL],dataset_III,
576.8553459119497,146.1310789595403,B,O2 conc.B [nmol/mL],dataset_III,
576.9811320754717,145.6396632813262,B,O2 conc.B [nmol/mL],dataset_III,
577.1069182389937,145.7096407069571,B,O2 conc.B [nmol/mL],dataset_III,
577.2327044025158,146.079733693779,B,O2 conc.B [nmol/mL],dataset_III,
577.3584905660377,145.7127289475809,B,O2 conc.B [nmol/mL],dataset_III,
577.4842767295597,145.567021255639,B,O2 conc.B [nmol/mL],dataset_III,
577.6100628930817,145.0109644639792,B,O2 conc.B [nmol/mL],dataset_III,
577.7358490566038,145.7071553424767,B,O2 conc.B [nmol/mL],dataset_III,
577.8616352201258,145.5085222273929,B,O2 conc.B [nmol/mL],dataset_III,
577.9874213836478,144.9957279458607,B,O2 conc.B [nmol/mL],dataset_III,
578.1132075471698,145.9668233411055,B,O2 conc.B [nmol/mL],dataset_III,
578.2389937106918,145.7428323929974,B,O2 conc.B [nmol/mL],dataset_III,
578.3647798742138,145.7541010344882,B,O2 conc.B [nmol/mL],dataset_III,
578.4905660377358,145.4261802619586,B,O2 conc.B [nmol/mL],dataset_III,
578.6163522012579,145.5614702524514,B,O2 conc.B [nmol/mL],dataset_III,
578.7421383647799,144.9796501255577,B,O2 conc.B [nmol/mL],dataset_III,
578.8679245283018,145.9603505473494,B,O2 conc.B [nmol/mL],dataset_III,
578.9937106918239,145.3589960328544,B,O2 conc.B [nmol/mL],dataset_III,
579.1194968553459,145.4991149152306,B,O2 conc.B [nmol/mL],dataset_III,
579.2452830188679,145.978005224301,B,O2 conc.B [nmol/mL],dataset_III,
579.37106918239,145.8079457281375,B,O2 conc.B [nmol/mL],dataset_III,
579.496855345912,145.8800331174054,B,O2 conc.B [nmol/mL],dataset_III,
579.622641509434,145.076337794374,B,O2 conc.B [nmol/mL],dataset_III,
579.7484276729559,145.7253454433179,B,O2 conc.B [nmol/mL],dataset_III,
579.874213836478,145.1449419376997,B,O2 conc.B [nmol/mL],dataset_III,
580.0,145.414208616643,B,O2 conc.B [nmol/mL],dataset_III,
580.125786163522,145.8658915839838,B,O2 conc.B [nmol/mL],dataset_III,
580.2515723270441,145.5403115550848,B,O2 conc.B [nmol/mL],dataset_III,
580.377358490566,145.4891816201795,B,O2 conc.B [nmol/mL],dataset_III,
580.503144654088,145.5249999538862,B,O2 conc.B [nmol/mL],dataset_III,
580.62893081761,145.3567234182871,B,O2 conc.B [nmol/mL],dataset_III,
580.7547169811321,145.464399157595,B,O2 conc.B [nmol/mL],dataset_III,
580.8805031446541,145.4490847639776,B,O2 conc.B [nmol/mL],dataset_III,
581.0062893081761,145.3693273018882,B,O2 conc.B [nmol/mL],dataset_III,
581.1320754716982,145.7517974099894,B,O2 conc.B [nmol/mL],dataset_III,
581.2578616352201,144.6429642380154,B,O2 conc.B [nmol/mL],dataset_III,
581.3836477987421,145.4825218193998,B,O2 conc.B [nmol/mL],dataset_III,
581.5094339622642,145.5372509847477,B,O2 conc.B [nmol/mL],dataset_III,
581.6352201257862,145.2900525920589,B,O2 conc.B [nmol/mL],dataset_III,
581.7610062893082,145.2566842330747,B,O2 conc.B [nmol/mL],dataset_III,
581.8867924528302,145.3322028089196,B,O2 conc.B [nmol/mL],dataset_III,
582.0125786163522,145.4445266041733,B,O2 conc.B [nmol/mL],dataset_III,
582.1383647798742,145.405836102924,B,O2 conc.B [nmol/mL],dataset_III,
582.2641509433962,145.3377056354883,B,O2 conc.B [nmol/mL],dataset_III,
582.3899371069183,145.0456113300401,B,O2 conc.B [nmol/mL],dataset_III,
582.5157232704403,145.0628958878924,B,O2 conc.B [nmol/mL],dataset_III,
582.6415094339623,145.5678564593795,B,O2 conc.B [nmol/mL],dataset_III,
582.7672955974842,144.4492188731832,B,O2 conc.B [nmol/mL],dataset_III,
582.8930817610063,145.2547173963324,B,O2 conc.B [nmol/mL],dataset_III,
583.0188679245283,145.7633159469247,B,O2 conc.B [nmol/mL],dataset_III,
583.1446540880503,145.9394435217189,B,O2 conc.B [nmol/mL],dataset_III,
583.2704402515724,146.0190382152012,B,O2 conc.B [nmol/mL],dataset_III,
583.3962264150944,145.4664644159054,B,O2 conc.B [nmol/mL],dataset_III,
583.5220125786163,145.5728053684475,B,O2 conc.B [nmol/mL],dataset_III,
583.6477987421383,145.2695168066612,B,O2 conc.B [nmol/mL],dataset_III,
583.7735849056604,145.0614666174036,B,O2 conc.B [nmol/mL],dataset_III,
583.8993710691824,144.8319466895257,B,O2 conc.B [nmol/mL],dataset_III,
584.0251572327044,145.1757205892359,B,O2 conc.B [nmol/mL],dataset_III,
584.1509433962265,144.5284689911082,B,O2 conc.B [nmol/mL],dataset_III,
584.2767295597484,144.9664176193643,B,O2 conc.B [nmol/mL],dataset_III,
584.4025157232704,144.9063913345394,B,O2 conc.B [nmol/mL],dataset_III,
584.5283018867924,146.0290824452775,B,O2 conc.B [nmol/mL],dataset_III,
584.6540880503145,145.2988268679767,B,O2 conc.B [nmol/mL],dataset_III,
584.7798742138365,145.427958967578,B,O2 conc.B [nmol/mL],dataset_III,
584.9056603773585,145.5358253065042,B,O2 conc.B [nmol/mL],dataset_III,
585.0314465408806,145.7790810333495,B,O2 conc.B [nmol/mL],dataset_III,
585.1572327044025,145.8216666550635,B,O2 conc.B [nmol/mL],dataset_III,
585.2830188679245,145.3456464146686,B,O2 conc.B [nmol/mL],dataset_III,
585.4088050314465,145.0406017149071,B,O2 conc.B [nmol/mL],dataset_III,
585.5345911949686,145.0954110407424,B,O2 conc.B [nmol/mL],dataset_III,
585.6603773584906,144.798559669613,B,O2 conc.B [nmol/mL],dataset_III,
585.7861635220125,144.7887467046916,B,O2 conc.B [nmol/mL],dataset_III,
585.9119496855346,145.3090081901487,B,O2 conc.B [nmol/mL],dataset_III,
586.0377358490566,144.9072631773624,B,O2 conc.B [nmol/mL],dataset_III,
586.1635220125786,145.6014103622852,B,O2 conc.B [nmol/mL],dataset_III,
586.2893081761006,144.3574112104736,B,O2 conc.B [nmol/mL],dataset_III,
586.4150943396227,144.9500946681912,B,O2 conc.B [nmol/mL],dataset_III,
586.5408805031446,144.8900816253131,B,O2 conc.B [nmol/mL],dataset_III,
586.6666666666666,145.5576614126338,B,O2 conc.B [nmol/mL],dataset_III,
586.7924528301887,145.0792199082866,B,O2 conc.B [nmol/mL],dataset_III,
586.9182389937107,145.0650933516163,B,O2 conc.B [nmol/mL],dataset_III,
587.0440251572327,144.7021203437579,B,O2 conc.B [nmol/mL],dataset_III,
587.1698113207547,145.2949098377172,B,O2 conc.B [nmol/mL],dataset_III,
587.2955974842768,145.1591948409431,B,O2 conc.B [nmol/mL],dataset_III,
587.4213836477987,144.7475740416456,B,O2 conc.B [nmol/mL],dataset_III,
587.5471698113207,145.6474460908918,B,O2 conc.B [nmol/mL],dataset_III,
587.6729559748428,144.6699019360722,B,O2 conc.B [nmol/mL],dataset_III,
587.7987421383648,144.9982795643842,B,O2 conc.B [nmol/mL],dataset_III,
587.9245283018868,145.0925893259118,B,O2 conc.B [nmol/mL],dataset_III,
588.0503144654087,145.1931035025758,B,O2 conc.B [nmol/mL],dataset_III,
588.1761006289308,144.5584403885526,B,O2 conc.B [nmol/mL],dataset_III,
588.3018867924528,144.8242762087881,B,O2 conc.B [nmol/mL],dataset_III,
588.4276729559748,145.2854803963558,B,O2 conc.B [nmol/mL],dataset_III,
588.5534591194969,145.3199876867017,B,O2 conc.B [nmol/mL],dataset_III,
588.6792452830189,144.563422385143,B,O2 conc.B [nmol/mL],dataset_III,
588.8050314465409,145.1195891492763,B,O2 conc.B [nmol/mL],dataset_III,
588.930817610063,144.7767510159168,B,O2 conc.B [nmol/mL],dataset_III,
589.0566037735849,144.7478658641613,B,O2 conc.B [nmol/mL],dataset_III,
589.1823899371069,145.3504304366127,B,O2 conc.B [nmol/mL],dataset_III,
589.3081761006289,144.882136608058,B,O2 conc.B [nmol/mL],dataset_III,
589.433962264151,144.9086615160453,B,O2 conc.B [nmol/mL],dataset_III,
589.559748427673,144.6265124472703,B,O2 conc.B [nmol/mL],dataset_III,
589.6855345911949,144.4688853966633,B,O2 conc.B [nmol/mL],dataset_III,
589.811320754717,145.1514867636372,B,O2 conc.B [nmol/mL],dataset_III,
589.937106918239,144.7240023628675,B,O2 conc.B [nmol/mL],dataset_III,
590.062893081761,144.9105550917073,B,O2 conc.B [nmol/mL],dataset_III,
590.188679245283,145.2824458004241,B,O2 conc.B [nmol/mL],dataset_III,
590.3144654088051,144.8320826707572,B,O2 conc.B [nmol/mL],dataset_III,
590.440251572327,144.3292644314196,B,O2 conc.B [nmol/mL],dataset_III,
590.566037735849,144.8739719598016,B,O2 conc.B [nmol/mL],dataset_III,
590.6918238993711,144.4597123531774,B,O2 conc.B [nmol/mL],dataset_III,
590.8176100628931,145.2748519132973,B,O2 conc.B [nmol/mL],dataset_III,
590.9433962264151,145.1363763085646,B,O2 conc.B [nmol/mL],dataset_III,
591.069182389937,144.627414630683,B,O2 conc.B [nmol/mL],dataset_III,
591.1949685534591,144.4876601043059,B,O2 conc.B [nmol/mL],dataset_III,
591.3207547169811,144.8919426303221,B,O2 conc.B [nmol/mL],dataset_III,
591.4465408805031,144.5201638155325,B,O2 conc.B [nmol/mL],dataset_III,
591.5723270440252,144.8646913796594,B,O2 conc.B [nmol/mL],dataset_III,
591.6981132075472,144.4724253345555,B,O2 conc.B [nmol/mL],dataset_III,
591.8238993710692,144.2287800420734,B,O2 conc.B [nmol/mL],dataset_III,
591.9496855345913,144.8213214925348,B,O2 conc.B [nmol/mL],dataset_III,
592.0754716981132,145.684017168153,B,O2 conc.B [nmol/mL],dataset_III,
592.2012578616352,144.3661054826212,B,O2 conc.B [nmol/mL],dataset_III,
592.3270440251572,145.2603113136408,B,O2 conc.B [nmol/mL],dataset_III,
592.4528301886793,144.6810656694302,B,O2 conc.B [nmol/mL],dataset_III,
592.5786163522013,144.2474089269069,B,O2 conc.B [nmol/mL],dataset_III,
592.7044025157232,144.5634682695257,B,O2 conc.B [nmol/mL],dataset_III,
592.8301886792453,145.0476098329924,B,O2 conc.B [nmol/mL],dataset_III,
592.9559748427673,144.7742266422946,B,O2 conc.B [nmol/mL],dataset_III,
593.0817610062893,144.6183744546141,B,O2 conc.B [nmol/mL],dataset_III,
593.2075471698113,144.7488707217116,B,O2 conc.B [nmol/mL],dataset_III,
593.3333333333334,144.5472858980687,B,O2 conc.B [nmol/mL],dataset_III,
593.4591194968554,145.1930898897671,B,O2 conc.B [nmol/mL],dataset_III,
593.5849056603773,144.7590498051455,B,O2 conc.B [nmol/mL],dataset_III,
593.7106918238994,144.5825311549766,B,O2 conc.B [nmol/mL],dataset_III,
593.8364779874214,144.7978416485668,B,O2 conc.B [nmol/mL],dataset_III,
593.9622641509434,144.4492425760025,B,O2 conc.B [nmol/mL],dataset_III,
594.0880503144654,144.3664600331234,B,O2 conc.B [nmol/mL],dataset_III,
594.2138364779875,144.3504899431907,B,O2 conc.B [nmol/mL],dataset_III,
594.3396226415094,144.9894983444594,B,O2 conc.B [nmol/mL],dataset_III,
594.4654088050314,144.5851198601457,B,O2 conc.B [nmol/mL],dataset_III,
594.5911949685535,144.5892056756184,B,O2 conc.B [nmol/mL],dataset_III,
594.7169811320755,144.6733965481081,B,O2 conc.B [nmol/mL],dataset_III,
594.8427672955975,144.4048698322727,B,O2 conc.B [nmol/mL],dataset_III,
594.9685534591194,144.5156477488068,B,O2 conc.B [nmol/mL],dataset_III,
595.0943396226415,144.6137608996364,B,O2 conc.B [nmol/mL],dataset_III,
595.2201257861635,144.0326281106524,B,O2 conc.B [nmol/mL],dataset_III,
595.3459119496855,144.8342234040953,B,O2 conc.B [nmol/mL],dataset_III,
595.4716981132076,144.7104781676908,B,O2 conc.B [nmol/mL],dataset_III,
595.5974842767296,144.5780265230632,B,O2 conc.B [nmol/mL],dataset_III,
595.7232704402516,144.573147971856,B,O2 conc.B [nmol/mL],dataset_III,
595.8490566037735,144.6001266846072,B,O2 conc.B [nmol/mL],dataset_III,
595.9748427672956,144.2977158389244,B,O2 conc.B [nmol/mL],dataset_III,
596.1006289308176,144.9037651801003,B,O2 conc.B [nmol/mL],dataset_III,
596.2264150943396,144.6733984494089,B,O2 conc.B [nmol/mL],dataset_III,
596.3522012578617,144.9386746237942,B,O2 conc.B [nmol/mL],dataset_III,
596.4779874213837,144.5924987905092,B,O2 conc.B [nmol/mL],dataset_III,
596.6037735849056,143.7235473557185,B,O2 conc.B [nmol/mL],dataset_III,
596.7295597484276,144.1328428696901,B,O2 conc.B [nmol/mL],dataset_III,
596.8553459119497,145.0905446450498,B,O2 conc.B [nmol/mL],dataset_III,
596.9811320754717,144.2171869137055,B,O2 conc.B [nmol/mL],dataset_III,
597.1069182389937,144.0442077563268,B,O2 conc.B [nmol/mL],dataset_III,
597.2327044025158,144.78224033822,B,O2 conc.B [nmol/mL],dataset_III,
597.3584905660377,144.6127089037449,B,O2 conc.B [nmol/mL],dataset_III,
597.4842767295597,143.7985262338122,B,O2 conc.B [nmol/mL],dataset_III,
597.6100628930817,144.4353491692672,B,O2 conc.B [nmol/mL],dataset_III,
597.7358490566038,144.2676744841268,B,O2 conc.B [nmol/mL],dataset_III,
597.8616352201258,144.6141451052754,B,O2 conc.B [nmol/mL],dataset_III,
597.9874213836478,144.8771315634398,B,O2 conc.B [nmol/mL],dataset_III,
598.1132075471698,144.1350969928195,B,O2 conc.B [nmol/mL],dataset_III,
598.2389937106918,143.8765034705153,B,O2 conc.B [nmol/mL],dataset_III,
598.3647798742138,144.3362085799195,B,O2 conc.B [nmol/mL],dataset_III,
598.4905660377358,144.3665799733021,B,O2 conc.B [nmol/mL],dataset_III,
598.6163522012579,144.3640266696378,B,O2 conc.B [nmol/mL],dataset_III,
598.7421383647799,144.2588510059057,B,O2 conc.B [nmol/mL],dataset_III,
598.8679245283018,144.4112341979831,B,O2 conc.B [nmol/mL],dataset_III,
598.9937106918239,144.123721765195,B,O2 conc.B [nmol/mL],dataset_III,
599.1194968553459,144.0825579675964,B,O2 conc.B [nmol/mL],dataset_III,
599.2452830188679,144.239293746981,B,O2 conc.B [nmol/mL],dataset_III,
599.37106918239,144.3564310817309,B,O2 conc.B [nmol/mL],dataset_III,
599.496855345912,144.4112819613651,B,O2 conc.B [nmol/mL],dataset_III,
599.622641509434,144.6233464623851,B,O2 conc.B [nmol/mL],dataset_III,
599.7484276729559,144.2578691859134,B,O2 conc.B [nmol/mL],dataset_III,
599.874213836478,144.1530592480811,B,O2 conc.B [nmol/mL],dataset_III,
600.0,144.1793526248119,B,O2 conc.B [nmol/mL],dataset_III,FCCP_3
600.125786163522,144.4332722107554,B,O2 conc.B [nmol/mL],dataset_III,
600.2515723270441,144.7679188104209,B,O2 conc.B [nmol/mL],dataset_III,
600.377358490566,143.9901875245237,B,O2 conc.B [nmol/mL],dataset_III,
600.503144654088,144.6443660732218,B,O2 conc.B [nmol/mL],dataset_III,
600.62893081761,144.5111816255548,B,O2 conc.B [nmol/mL],dataset_III,
600.7547169811321,143.898998093233,B,O2 conc.B [nmol/mL],dataset_III,
600.8805031446541,144.1007532332077,B,O2 conc.B [nmol/mL],dataset_III,
601.0062893081761,144.0956045168265,B,O2 conc.B [nmol/mL],dataset_III,
601.1320754716982,144.6471465554368,B,O2 conc.B [nmol/mL],dataset_III,
601.2578616352201,144.1783905468758,B,O2 conc.B [nmol/mL],dataset_III,
601.3836477987421,144.0343536953419,B,O2 conc.B [nmol/mL],dataset_III,
601.5094339622641,144.7008082811332,B,O2 conc.B [nmol/mL],dataset_III,
601.6352201257862,144.6367403784951,B,O2 conc.B [nmol/mL],dataset_III,
601.7610062893082,143.7224899809092,B,O2 conc.B [nmol/mL],dataset_III,
601.8867924528302,144.3794476128827,B,O2 conc.B [nmol/mL],dataset_III,
602.0125786163522,144.2649970458708,B,O2 conc.B [nmol/mL],dataset_III,
602.1383647798742,144.4840346761704,B,O2 conc.B [nmol/mL],dataset_III,
602.2641509433962,144.0535416047455,B,O2 conc.B [nmol/mL],dataset_III,
602.3899371069182,144.7289866091594,B,O2 conc.B [nmol/mL],dataset_III,
602.5157232704403,144.6144290171664,B,O2 conc.B [nmol/mL],dataset_III,
602.6415094339623,143.8819790052507,B,O2 conc.B [nmol/mL],dataset_III,
602.7672955974842,144.4845908656749,B,O2 conc.B [nmol/mL],dataset_III,
602.8930817610063,144.3751542421774,B,O2 conc.B [nmol/mL],dataset_III,
603.0188679245283,144.1935114868722,B,O2 conc.B [nmol/mL],dataset_III,
603.1446540880503,143.9077046205994,B,O2 conc.B [nmol/mL],dataset_III,
603.2704402515724,143.7892574433715,B,O2 conc.B [nmol/mL],dataset_III,
603.3962264150944,144.6758851492982,B,O2 conc.B [nmol/mL],dataset_III,
603.5220125786163,143.6096273509501,B,O2 conc.B [nmol/mL],dataset_III,
603.6477987421383,143.844919399838,B,O2 conc.B [nmol/mL],dataset_III,
603.7735849056604,143.8168535228432,B,O2 conc.B [nmol/mL],dataset_III,
603.8993710691824,144.9504266098401,B,O2 conc.B [nmol/mL],dataset_III,
604.0251572327044,143.2688045639846,B,O2 conc.B [nmol/mL],dataset_III,
604.1509433962265,143.7927988099786,B,O2 conc.B [nmol/mL],dataset_III,
604.2767295597484,144.1663081634186,B,O2 conc.B [nmol/mL],dataset_III,
604.4025157232704,144.2112800479706,B,O2 conc.B [nmol/mL],dataset_III,
604.5283018867924,143.3556254438548,B,O2 conc.B [nmol/mL],dataset_III,
604.6540880503145,143.8434177997538,B,O2 conc.B [nmol/mL],dataset_III,
604.7798742138365,144.2580966141307,B,O2 conc.B [nmol/mL],dataset_III,
604.9056603773585,144.2330887101936,B,O2 conc.B [nmol/mL],dataset_III,
605.0314465408806,144.1563438964196,B,O2 conc.B [nmol/mL],dataset_III,
605.1572327044025,143.7141647208076,B,O2 conc.B [nmol/mL],dataset_III,
605.2830188679245,143.8159803295292,B,O2 conc.B [nmol/mL],dataset_III,
605.4088050314465,143.5635938833221,B,O2 conc.B [nmol/mL],dataset_III,
605.5345911949686,144.2067647661645,B,O2 conc.B [nmol/mL],dataset_III,
605.6603773584906,144.365556988933,B,O2 conc.B [nmol/mL],dataset_III,
605.7861635220125,144.194347237746,B,O2 conc.B [nmol/mL],dataset_III,
605.9119496855346,144.1835000037394,B,O2 conc.B [nmol/mL],dataset_III,
606.0377358490566,144.2749051247207,B,O2 conc.B [nmol/mL],dataset_III,
606.1635220125786,144.0594958921178,B,O2 conc.B [nmol/mL],dataset_III,
606.2893081761006,143.6663409209118,B,O2 conc.B [nmol/mL],dataset_III,
606.4150943396227,143.4792894622986,B,O2 conc.B [nmol/mL],dataset_III,
606.5408805031446,143.5436676549675,B,O2 conc.B [nmol/mL],dataset_III,
606.6666666666666,144.360550656887,B,O2 conc.B [nmol/mL],dataset_III,
606.7924528301887,143.732984053122,B,O2 conc.B [nmol/mL],dataset_III,
606.9182389937107,144.0116422288777,B,O2 conc.B [nmol/mL],dataset_III,
607.0440251572327,144.1939647501825,B,O2 conc.B [nmol/mL],dataset_III,
607.1698113207547,144.2245446889193,B,O2 conc.B [nmol/mL],dataset_III,
607.2955974842768,144.1892398582881,B,O2 conc.B [nmol/mL],dataset_III,
607.4213836477987,144.6035755999572,B,O2 conc.B [nmol/mL],dataset_III,
607.5471698113207,143.2556223818153,B,O2 conc.B [nmol/mL],dataset_III,
607.6729559748428,143.9642860997677,B,O2 conc.B [nmol/mL],dataset_III,
607.7987421383648,144.1285741947663,B,O2 conc.B [nmol/mL],dataset_III,
607.9245283018868,144.5967960069485,B,O2 conc.B [nmol/mL],dataset_III,
608.0503144654089,143.4078592506328,B,O2 conc.B [nmol/mL],dataset_III,
608.1761006289308,144.4711286815634,B,O2 conc.B [nmol/mL],dataset_III,
608.3018867924528,144.0016666066019,B,O2 conc.B [nmol/mL],dataset_III,
608.4276729559748,143.6540054329576,B,O2 conc.B [nmol/mL],dataset_III,
608.5534591194969,144.0580595090969,B,O2 conc.B [nmol/mL],dataset_III,
608.6792452830189,143.0148649672044,B,O2 conc.B [nmol/mL],dataset_III,
608.8050314465409,143.2516728949456,B,O2 conc.B [nmol/mL],dataset_III,
608.930817610063,143.2810056191643,B,O2 conc.B [nmol/mL],dataset_III,
609.0566037735849,143.7395538380708,B,O2 conc.B [nmol/mL],dataset_III,
609.1823899371069,143.5419189676008,B,O2 conc.B [nmol/mL],dataset_III,
609.3081761006289,143.4590790674488,B,O2 conc.B [nmol/mL],dataset_III,
609.433962264151,143.7789365777439,B,O2 conc.B [nmol/mL],dataset_III,
609.559748427673,143.6226081260689,B,O2 conc.B [nmol/mL],dataset_III,
609.6855345911949,143.387024837536,B,O2 conc.B [nmol/mL],dataset_III,
609.811320754717,143.793959911675,B,O2 conc.B [nmol/mL],dataset_III,
609.937106918239,143.8156037541862,B,O2 conc.B [nmol/mL],dataset_III,
610.062893081761,143.4888801631007,B,O2 conc.B [nmol/mL],dataset_III,
610.188679245283,144.3376102393662,B,O2 conc.B [nmol/mL],dataset_III,
610.3144654088051,143.8150886027046,B,O2 conc.B [nmol/mL],dataset_III,
610.440251572327,143.4811911957688,B,O2 conc.B [nmol/mL],dataset_III,
610.566037735849,143.4956334485194,B,O2 conc.B [nmol/mL],dataset_III,
610.6918238993711,144.3871142444088,B,O2 conc.B [nmol/mL],dataset_III,
610.8176100628931,143.9986193999319,B,O2 conc.B [nmol/mL],dataset_III,
610.9433962264151,144.3043418488682,B,O2 conc.B [nmol/mL],dataset_III,
611.069182389937,143.1992420260349,B,O2 conc.B [nmol/mL],dataset_III,
611.1949685534591,143.4118186432727,B,O2 conc.B [nmol/mL],dataset_III,
611.3207547169811,144.1543337903642,B,O2 conc.B [nmol/mL],dataset_III,
611.4465408805031,143.3656661324229,B,O2 conc.B [nmol/mL],dataset_III,
611.5723270440252,144.3586575155045,B,O2 conc.B [nmol/mL],dataset_III,
611.6981132075472,143.8382843865812,B,O2 conc.B [nmol/mL],dataset_III,
611.8238993710692,143.5593296787198,B,O2 conc.B [nmol/mL],dataset_III,
611.9496855345911,144.325245159389,B,O2 conc.B [nmol/mL],dataset_III,
612.0754716981132,143.7294006014272,B,O2 conc.B [nmol/mL],dataset_III,
612.2012578616352,143.653177300583,B,O2 conc.B [nmol/mL],dataset_III,
612.3270440251572,143.91189644964,B,O2 conc.B [nmol/mL],dataset_III,
612.4528301886793,143.3837751196878,B,O2 conc.B [nmol/mL],dataset_III,
612.5786163522013,142.8788280744206,B,O2 conc.B [nmol/mL],dataset_III,
612.7044025157232,143.0498412832564,B,O2 conc.B [nmol/mL],dataset_III,
612.8301886792453,143.4220414897899,B,O2 conc.B [nmol/mL],dataset_III,
612.9559748427673,143.4693305276857,B,O2 conc.B [nmol/mL],dataset_III,
613.0817610062893,143.5531184468527,B,O2 conc.B [nmol/mL],dataset_III,
613.2075471698113,143.6681148545102,B,O2 conc.B [nmol/mL],dataset_III,
613.3333333333334,143.2724783526457,B,O2 conc.B [nmol/mL],dataset_III,
613.4591194968554,143.9549679918364,B,O2 conc.B [nmol/mL],dataset_III,
613.5849056603773,143.7355379313624,B,O2 conc.B [nmol/mL],dataset_III,
613.7106918238994,143.8283342637395,B,O2 conc.B [nmol/mL],dataset_III,
613.8364779874214,143.1092151886547,B,O2 conc.B [nmol/mL],dataset_III,
613.9622641509434,143.4371334946702,B,O2 conc.B [nmol/mL],dataset_III,
614.0880503144654,143.7038989482627,B,O2 conc.B [nmol/mL],dataset_III,
614.2138364779875,143.0319800796189,B,O2 conc.B [nmol/mL],dataset_III,
614.3396226415094,143.0028975601973,B,O2 conc.B [nmol/mL],dataset_III,
614.4654088050314,143.5981310746866,B,O2 conc.B [nmol/mL],dataset_III,
614.5911949685535,143.7630470165561,B,O2 conc.B [nmol/mL],dataset_III,
614.7169811320755,143.3543855291257,B,O2 conc.B [nmol/mL],dataset_III,
614.8427672955975,143.2266974672247,B,O2 conc.B [nmol/mL],dataset_III,
614.9685534591194,143.9995614813146,B,O2 conc.B [nmol/mL],dataset_III,
615.0943396226415,143.2580418627172,B,O2 conc.B [nmol/mL],dataset_III,
615.2201257861635,143.5260303441807,B,O2 conc.B [nmol/mL],dataset_III,
615.3459119496855,143.2625638849952,B,O2 conc.B [nmol/mL],dataset_III,
615.4716981132076,143.8028593902011,B,O2 conc.B [nmol/mL],dataset_III,
615.5974842767296,143.2074837710262,B,O2 conc.B [nmol/mL],dataset_III,
615.7232704402516,143.6693543235724,B,O2 conc.B [nmol/mL],dataset_III,
615.8490566037735,143.2994010578245,B,O2 conc.B [nmol/mL],dataset_III,
615.9748427672956,142.9432982290834,B,O2 conc.B [nmol/mL],dataset_III,
616.1006289308176,143.7037824527721,B,O2 conc.B [nmol/mL],dataset_III,
616.2264150943396,143.1957470092194,B,O2 conc.B [nmol/mL],dataset_III,
616.3522012578617,143.5341124950621,B,O2 conc.B [nmol/mL],dataset_III,
616.4779874213837,143.1971776809499,B,O2 conc.B [nmol/mL],dataset_III,
616.6037735849056,143.459979038849,B,O2 conc.B [nmol/mL],dataset_III,
616.7295597484276,142.6356566347024,B,O2 conc.B [nmol/mL],dataset_III,
616.8553459119497,143.8666023164298,B,O2 conc.B [nmol/mL],dataset_III,
616.9811320754717,143.5809909396102,B,O2 conc.B [nmol/mL],dataset_III,
617.1069182389937,143.1509681860867,B,O2 conc.B [nmol/mL],dataset_III,
617.2327044025158,143.672470863026,B,O2 conc.B [nmol/mL],dataset_III,
617.3584905660377,143.5061283742371,B,O2 conc.B [nmol/mL],dataset_III,
617.4842767295597,142.77651220999,B,O2 conc.B [nmol/mL],dataset_III,
617.6100628930817,143.2539606447267,B,O2 conc.B [nmol/mL],dataset_III,
617.7358490566038,143.3717879154931,B,O2 conc.B [nmol/mL],dataset_III,
617.8616352201258,143.1492890953168,B,O2 conc.B [nmol/mL],dataset_III,
617.9874213836478,143.1642240902034,B,O2 conc.B [nmol/mL],dataset_III,
618.1132075471698,142.9656404358947,B,O2 conc.B [nmol/mL],dataset_III,
618.2389937106918,143.447536699286,B,O2 conc.B [nmol/mL],dataset_III,
618.3647798742138,143.8043181499001,B,O2 conc.B [nmol/mL],dataset_III,
618.4905660377359,143.338234288344,B,O2 conc.B [nmol/mL],dataset_III,
618.6163522012579,143.1581859436565,B,O2 conc.B [nmol/mL],dataset_III,
618.7421383647799,142.6879947780205,B,O2 conc.B [nmol/mL],dataset_III,
618.8679245283018,142.584010852489,B,O2 conc.B [nmol/mL],dataset_III,
618.9937106918239,143.1023266213995,B,O2 conc.B [nmol/mL],dataset_III,
619.1194968553459,143.1401669439182,B,O2 conc.B [nmol/mL],dataset_III,
619.2452830188679,143.1328978464007,B,O2 conc.B [nmol/mL],dataset_III,
619.37106918239,143.1220878132563,B,O2 conc.B [nmol/mL],dataset_III,
619.496855345912,142.6146259250248,B,O2 conc.B [nmol/mL],dataset_III,
619.622641509434,142.6675624916685,B,O2 conc.B [nmol/mL],dataset_III,
619.7484276729559,143.2680517103157,B,O2 conc.B [nmol/mL],dataset_III,
619.874213836478,143.0603038924602,B,O2 conc.B [nmol/mL],dataset_III,
620.0,143.652109869469,B,O2 conc.B [nmol/mL],dataset_III,
620.125786163522,142.4315544817015,B,O2 conc.B [nmol/mL],dataset_III,
620.2515723270441,143.0402450559957,B,O2 conc.B [nmol/mL],dataset_III,
620.377358490566,142.8976787230987,B,O2 conc.B [nmol/mL],dataset_III,
620.503144654088,143.5163105135749,B,O2 conc.B [nmol/mL],dataset_III,
620.62893081761,143.3042365619718,B,O2 conc.B [nmol/mL],dataset_III,
620.7547169811321,142.6281445455862,B,O2 conc.B [nmol/mL],dataset_III,
620.8805031446541,142.8443465462913,B,O2 conc.B [nmol/mL],dataset_III,
621.0062893081761,142.51726609111,B,O2 conc.B [nmol/mL],dataset_III,
621.1320754716982,143.4540963810937,B,O2 conc.B [nmol/mL],dataset_III,
621.2578616352201,143.2012718789811,B,O2 conc.B [nmol/mL],dataset_III,
621.3836477987421,141.9649066976091,B,O2 conc.B [nmol/mL],dataset_III,
621.5094339622641,142.9591881426898,B,O2 conc.B [nmol/mL],dataset_III,
621.6352201257862,143.1395288988127,B,O2 conc.B [nmol/mL],dataset_III,
621.7610062893082,142.6740334976245,B,O2 conc.B [nmol/mL],dataset_III,
621.8867924528302,143.049051489842,B,O2 conc.B [nmol/mL],dataset_III,
622.0125786163522,142.4679557023075,B,O2 conc.B [nmol/mL],dataset_III,
622.1383647798742,143.0135756401906,B,O2 conc.B [nmol/mL],dataset_III,
622.2641509433962,142.8412626688614,B,O2 conc.B [nmol/mL],dataset_III,
622.3899371069183,143.344900082344,B,O2 conc.B [nmol/mL],dataset_III,
622.5157232704403,142.5835807403716,B,O2 conc.B [nmol/mL],dataset_III,
622.6415094339623,143.2262360178852,B,O2 conc.B [nmol/mL],dataset_III,
622.7672955974842,143.2369029453334,B,O2 conc.B [nmol/mL],dataset_III,
622.8930817610063,143.0033357820759,B,O2 conc.B [nmol/mL],dataset_III,
623.0188679245283,142.3772290671945,B,O2 conc.B [nmol/mL],dataset_III,
623.1446540880503,142.7546314667107,B,O2 conc.B [nmol/mL],dataset_III,
623.2704402515724,142.5301875921093,B,O2 conc.B [nmol/mL],dataset_III,
623.3962264150944,142.490293063153,B,O2 conc.B [nmol/mL],dataset_III,
623.5220125786163,142.7082520895034,B,O2 conc.B [nmol/mL],dataset_III,
623.6477987421383,143.0845911526883,B,O2 conc.B [nmol/mL],dataset_III,
623.7735849056604,142.7230305545237,B,O2 conc.B [nmol/mL],dataset_III,
623.8993710691824,143.3913647330509,B,O2 conc.B [nmol/mL],dataset_III,
624.0251572327044,142.6714122759156,B,O2 conc.B [nmol/mL],dataset_III,
624.1509433962265,142.5774985607156,B,O2 conc.B [nmol/mL],dataset_III,
624.2767295597484,143.2682770600837,B,O2 conc.B [nmol/mL],dataset_III,
624.4025157232704,142.4831864570345,B,O2 conc.B [nmol/mL],dataset_III,
624.5283018867924,142.5891677240732,B,O2 conc.B [nmol/mL],dataset_III,
624.6540880503145,142.7115963482938,B,O2 conc.B [nmol/mL],dataset_III,
624.7798742138365,142.2847422978573,B,O2 conc.B [nmol/mL],dataset_III,
624.9056603773585,142.8904061490968,B,O2 conc.B [nmol/mL],dataset_III,
625.0314465408806,142.8750567638339,B,O2 conc.B [nmol/mL],dataset_III,
625.1572327044025,143.003783746074,B,O2 conc.B [nmol/mL],dataset_III,
625.2830188679245,142.9846492444409,B,O2 conc.B [nmol/mL],dataset_III,
625.4088050314465,142.3120097336819,B,O2 conc.B [nmol/mL],dataset_III,
625.5345911949686,142.9999801468811,B,O2 conc.B [nmol/mL],dataset_III,
625.6603773584906,142.7900209346618,B,O2 conc.B [nmol/mL],dataset_III,
625.7861635220125,142.1456714161451,B,O2 conc.B [nmol/mL],dataset_III,
625.9119496855346,142.7333792399746,B,O2 conc.B [nmol/mL],dataset_III,
626.0377358490566,142.992169791032,B,O2 conc.B [nmol/mL],dataset_III,
626.1635220125786,142.4866136124881,B,O2 conc.B [nmol/mL],dataset_III,
626.2893081761006,142.8615452564438,B,O2 conc.B [nmol/mL],dataset_III,
626.4150943396227,143.312005303206,B,O2 conc.B [nmol/mL],dataset_III,
626.5408805031446,142.4999401304653,B,O2 conc.B [nmol/mL],dataset_III,
626.6666666666666,142.7332567290176,B,O2 conc.B [nmol/mL],dataset_III,
626.7924528301887,142.7645895526563,B,O2 conc.B [nmol/mL],dataset_III,
626.9182389937107,142.8362264780641,B,O2 conc.B [nmol/mL],dataset_III,
627.0440251572327,142.7882900702784,B,O2 conc.B [nmol/mL],dataset_III,
627.1698113207547,142.1463194159355,B,O2 conc.B [nmol/mL],dataset_III,
627.2955974842768,142.7798530204403,B,O2 conc.B [nmol/mL],dataset_III,
627.4213836477987,143.3504121359202,B,O2 conc.B [nmol/mL],dataset_III,
627.5471698113207,142.9173832301849,B,O2 conc.B [nmol/mL],dataset_III,
627.6729559748428,142.5205933485283,B,O2 conc.B [nmol/mL],dataset_III,
627.7987421383648,142.4943584729197,B,O2 conc.B [nmol/mL],dataset_III,
627.9245283018868,142.3565908172805,B,O2 conc.B [nmol/mL],dataset_III,
628.0503144654087,142.8182106604586,B,O2 conc.B [nmol/mL],dataset_III,
628.1761006289308,142.2771581562774,B,O2 conc.B [nmol/mL],dataset_III,
628.3018867924528,142.3161845970212,B,O2 conc.B [nmol/mL],dataset_III,
628.4276729559748,141.9932199035356,B,O2 conc.B [nmol/mL],dataset_III,
628.5534591194969,142.7365677705077,B,O2 conc.B [nmol/mL],dataset_III,
628.6792452830189,142.9093607076398,B,O2 conc.B [nmol/mL],dataset_III,
628.8050314465409,142.4091367244922,B,O2 conc.B [nmol/mL],dataset_III,
628.930817610063,142.1843644242519,B,O2 conc.B [nmol/mL],dataset_III,
629.0566037735849,142.619121203952,B,O2 conc.B [nmol/mL],dataset_III,
629.1823899371069,142.7881794610669,B,O2 conc.B [nmol/mL],dataset_III,
629.3081761006289,142.6013080748454,B,O2 conc.B [nmol/mL],dataset_III,
629.433962264151,142.8574518078559,B,O2 conc.B [nmol/mL],dataset_III,
629.559748427673,142.2254776729553,B,O2 conc.B [nmol/mL],dataset_III,
629.6855345911949,142.7994461580068,B,O2 conc.B [nmol/mL],dataset_III,
629.811320754717,143.0826894569626,B,O2 conc.B [nmol/mL],dataset_III,
629.937106918239,142.7505266352559,B,O2 conc.B [nmol/mL],dataset_III,
630.062893081761,143.1884074808719,B,O2 conc.B [nmol/mL],dataset_III,
630.188679245283,142.3168640439993,B,O2 conc.B [nmol/mL],dataset_III,
630.3144654088051,142.4584727399647,B,O2 conc.B [nmol/mL],dataset_III,
630.440251572327,142.2569398139287,B,O2 conc.B [nmol/mL],dataset_III,
630.566037735849,142.221785965076,B,O2 conc.B [nmol/mL],dataset_III,
630.6918238993711,141.8924015717475,B,O2 conc.B [nmol/mL],dataset_III,
630.8176100628931,142.6319674873621,B,O2 conc.B [nmol/mL],dataset_III,
630.9433962264151,142.8750617106828,B,O2 conc.B [nmol/mL],dataset_III,
631.069182389937,141.8932287652652,B,O2 conc.B [nmol/mL],dataset_III,
631.1949685534591,142.7926450240471,B,O2 conc.B [nmol/mL],dataset_III,
631.3207547169811,142.6361535201083,B,O2 conc.B [nmol/mL],dataset_III,
631.4465408805031,142.3536743660244,B,O2 conc.B [nmol/mL],dataset_III,
631.5723270440252,142.3308857671358,B,O2 conc.B [nmol/mL],dataset_III,
631.6981132075472,142.0689029755822,B,O2 conc.B [nmol/mL],dataset_III,
631.8238993710692,141.9939525974084,B,O2 conc.B [nmol/mL],dataset_III,
631.9496855345911,141.9261312741267,B,O2 conc.B [nmol/mL],dataset_III,
632.0754716981132,142.0791642313379,B,O2 conc.B [nmol/mL],dataset_III,
632.2012578616352,142.5078067103941,B,O2 conc.B [nmol/mL],dataset_III,
632.3270440251572,142.289038327994,B,O2 conc.B [nmol/mL],dataset_III,
632.4528301886793,142.3295146240201,B,O2 conc.B [nmol/mL],dataset_III,
632.5786163522013,142.190685332778,B,O2 conc.B [nmol/mL],dataset_III,
632.7044025157232,142.4940359869986,B,O2 conc.B [nmol/mL],dataset_III,
632.8301886792453,142.3971167312824,B,O2 conc.B [nmol/mL],dataset_III,
632.9559748427673,142.5215136189892,B,O2 conc.B [nmol/mL],dataset_III,
633.0817610062893,142.0096037990618,B,O2 conc.B [nmol/mL],dataset_III,
633.2075471698113,141.5754505893581,B,O2 conc.B [nmol/mL],dataset_III,
633.3333333333334,141.8140602547581,B,O2 conc.B [nmol/mL],dataset_III,
633.4591194968554,141.6960508346165,B,O2 conc.B [nmol/mL],dataset_III,
633.5849056603773,142.4084531212294,B,O2 conc.B [nmol/mL],dataset_III,
633.7106918238994,142.185048013747,B,O2 conc.B [nmol/mL],dataset_III,
633.8364779874214,142.3219904750305,B,O2 conc.B [nmol/mL],dataset_III,
633.9622641509434,142.1221928739481,B,O2 conc.B [nmol/mL],dataset_III,
634.0880503144654,142.643128280822,B,O2 conc.B [nmol/mL],dataset_III,
634.2138364779875,142.3637084751705,B,O2 conc.B [nmol/mL],dataset_III,
634.3396226415094,142.8590204327759,B,O2 conc.B [nmol/mL],dataset_III,
634.4654088050314,142.0023696256869,B,O2 conc.B [nmol/mL],dataset_III,
634.5911949685535,142.9476700954866,B,O2 conc.B [nmol/mL],dataset_III,
634.7169811320755,142.0238230178035,B,O2 conc.B [nmol/mL],dataset_III,
634.8427672955975,142.9475851892808,B,O2 conc.B [nmol/mL],dataset_III,
634.9685534591194,141.7431653117653,B,O2 conc.B [nmol/mL],dataset_III,
635.0943396226415,142.489587541641,B,O2 conc.B [nmol/mL],dataset_III,
635.2201257861635,142.0798879824701,B,O2 conc.B [nmol/mL],dataset_III,
635.3459119496855,143.0275807458131,B,O2 conc.B [nmol/mL],dataset_III,
635.4716981132076,142.282809515779,B,O2 conc.B [nmol/mL],dataset_III,
635.5974842767296,141.8798402443226,B,O2 conc.B [nmol/mL],dataset_III,
635.7232704402516,141.6235709080965,B,O2 conc.B [nmol/mL],dataset_III,
635.8490566037735,142.4342072646507,B,O2 conc.B [nmol/mL],dataset_III,
635.9748427672956,141.9223444350307,B,O2 conc.B [nmol/mL],dataset_III,
636.1006289308176,141.6930608624661,B,O2 conc.B [nmol/mL],dataset_III,
636.2264150943396,142.224052367877,B,O2 conc.B [nmol/mL],dataset_III,
636.3522012578617,142.2269410293414,B,O2 conc.B [nmol/mL],dataset_III,
636.4779874213837,141.9027440766017,B,O2 conc.B [nmol/mL],dataset_III,
636.6037735849056,142.240643066075,B,O2 conc.B [nmol/mL],dataset_III,
636.7295597484276,142.4605993479271,B,O2 conc.B [nmol/mL],dataset_III,
636.8553459119497,142.3210156080896,B,O2 conc.B [nmol/mL],dataset_III,
636.9811320754717,142.1453403425071,B,O2 conc.B [nmol/mL],dataset_III,
637.1069182389937,142.4646207732995,B,O2 conc.B [nmol/mL],dataset_III,
637.2327044025158,142.3599375368593,B,O2 conc.B [nmol/mL],dataset_III,
637.3584905660377,141.954678219258,B,O2 conc.B [nmol/mL],dataset_III,
637.4842767295597,142.6391548304601,B,O2 conc.B [nmol/mL],dataset_III,
637.6100628930817,141.9096752025906,B,O2 conc.B [nmol/mL],dataset_III,
637.7358490566038,141.6416632907696,B,O2 conc.B [nmol/mL],dataset_III,
637.8616352201258,142.5002244900713,B,O2 conc.B [nmol/mL],dataset_III,
637.9874213836478,142.3691374512432,B,O2 conc.B [nmol/mL],dataset_III,
638.1132075471698,142.4694357297488,B,O2 conc.B [nmol/mL],dataset_III,
638.2389937106918,142.2614410714029,B,O2 conc.B [nmol/mL],dataset_III,
638.3647798742138,141.9093003181458,B,O2 conc.B [nmol/mL],dataset_III,
638.4905660377358,142.2185109682829,B,O2 conc.B [nmol/mL],dataset_III,
638.6163522012579,141.5502896297432,B,O2 conc.B [nmol/mL],dataset_III,
638.7421383647799,141.9888613204473,B,O2 conc.B [nmol/mL],dataset_III,
638.8679245283018,142.8250806380543,B,O2 conc.B [nmol/mL],dataset_III,
638.9937106918239,141.8291121107259,B,O2 conc.B [nmol/mL],dataset_III,
639.1194968553459,142.5314125162667,B,O2 conc.B [nmol/mL],dataset_III,
639.2452830188679,142.0530189454001,B,O2 conc.B [nmol/mL],dataset_III,
639.37106918239,142.2408539026654,B,O2 conc.B [nmol/mL],dataset_III,
639.496855345912,141.8362967020769,B,O2 conc.B [nmol/mL],dataset_III,
639.622641509434,141.8002724226946,B,O2 conc.B [nmol/mL],dataset_III,
639.7484276729559,142.1776809255746,B,O2 conc.B [nmol/mL],dataset_III,
639.874213836478,142.6433685331231,B,O2 conc.B [nmol/mL],dataset_III,
640.0,141.8313245446168,B,O2 conc.B [nmol/mL],dataset_III,
640.125786163522,142.3957859182026,B,O2 conc.B [nmol/mL],dataset_III,
640.2515723270441,141.9157369420916,B,O2 conc.B [nmol/mL],dataset_III,
640.377358490566,142.0269232192442,B,O2 conc.B [nmol/mL],dataset_III,
640.503144654088,142.1535938361723,B,O2 conc.B [nmol/mL],dataset_III,
640.62893081761,141.8581337941256,B,O2 conc.B [nmol/mL],dataset_III,
640.7547169811321,141.3906305426422,B,O2 conc.B [nmol/mL],dataset_III,
640.8805031446541,141.6920817418892,B,O2 conc.B [nmol/mL],dataset_III,
641.0062893081761,141.9770781301902,B,O2 conc.B [nmol/mL],dataset_III,
641.1320754716982,141.8427361855509,B,O2 conc.B [nmol/mL],dataset_III,
641.2578616352201,142.2600084465163,B,O2 conc.B [nmol/mL],dataset_III,
641.3836477987421,141.4706429123192,B,O2 conc.B [nmol/mL],dataset_III,
641.5094339622642,142.2331593558359,B,O2 conc.B [nmol/mL],dataset_III,
641.6352201257862,141.6049841664146,B,O2 conc.B [nmol/mL],dataset_III,
641.7610062893082,141.2886619641164,B,O2 conc.B [nmol/mL],dataset_III,
641.8867924528302,141.9464827330483,B,O2 conc.B [nmol/mL],dataset_III,
642.0125786163522,141.9216291288352,B,O2 conc.B [nmol/mL],dataset_III,
642.1383647798742,141.6815915718811,B,O2 conc.B [nmol/mL],dataset_III,
642.2641509433962,141.7807235294533,B,O2 conc.B [nmol/mL],dataset_III,
642.3899371069183,141.2320678070054,B,O2 conc.B [nmol/mL],dataset_III,
642.5157232704403,141.9931332404563,B,O2 conc.B [nmol/mL],dataset_III,
642.6415094339623,141.5830208614708,B,O2 conc.B [nmol/mL],dataset_III,
642.7672955974842,141.4006919636857,B,O2 conc.B [nmol/mL],dataset_III,
642.8930817610063,141.761575485553,B,O2 conc.B [nmol/mL],dataset_III,
643.0188679245283,141.9587628603172,B,O2 conc.B [nmol/mL],dataset_III,
643.1446540880503,142.0619070226342,B,O2 conc.B [nmol/mL],dataset_III,
643.2704402515724,141.5125086738321,B,O2 conc.B [nmol/mL],dataset_III,
643.3962264150944,141.7129924941835,B,O2 conc.B [nmol/mL],dataset_III,
643.5220125786163,141.5175706373766,B,O2 conc.B [nmol/mL],dataset_III,
643.6477987421383,141.4125618450778,B,O2 conc.B [nmol/mL],dataset_III,
643.7735849056604,142.2763924497998,B,O2 conc.B [nmol/mL],dataset_III,
643.8993710691824,141.1683848289159,B,O2 conc.B [nmol/mL],dataset_III,
644.0251572327044,142.0935762468592,B,O2 conc.B [nmol/mL],dataset_III,
644.1509433962265,140.8171413631742,B,O2 conc.B [nmol/mL],dataset_III,
644.2767295597484,141.2933642910738,B,O2 conc.B [nmol/mL],dataset_III,
644.4025157232704,141.4020409773442,B,O2 conc.B [nmol/mL],dataset_III,
644.5283018867924,141.9642351857767,B,O2 conc.B [nmol/mL],dataset_III,
644.6540880503145,141.5920964537778,B,O2 conc.B [nmol/mL],dataset_III,
644.7798742138365,141.3232968765053,B,O2 conc.B [nmol/mL],dataset_III,
644.9056603773585,141.9761158659891,B,O2 conc.B [nmol/mL],dataset_III,
645.0314465408806,141.4842937923327,B,O2 conc.B [nmol/mL],dataset_III,
645.1572327044025,141.2011176967142,B,O2 conc.B [nmol/mL],dataset_III,
645.2830188679245,141.9422132295395,B,O2 conc.B [nmol/mL],dataset_III,
645.4088050314465,140.7677809260819,B,O2 conc.B [nmol/mL],dataset_III,
645.5345911949686,142.1735307663546,B,O2 conc.B [nmol/mL],dataset_III,
645.6603773584906,140.9320172281334,B,O2 conc.B [nmol/mL],dataset_III,
645.7861635220125,142.2563512059967,B,O2 conc.B [nmol/mL],dataset_III,
645.9119496855346,141.4412244778316,B,O2 conc.B [nmol/mL],dataset_III,
646.0377358490566,141.197358652087,B,O2 conc.B [nmol/mL],dataset_III,
646.1635220125786,141.5949179288591,B,O2 conc.B [nmol/mL],dataset_III,
646.2893081761006,141.1416653516166,B,O2 conc.B [nmol/mL],dataset_III,
646.4150943396227,141.5861757210741,B,O2 conc.B [nmol/mL],dataset_III,
646.5408805031446,141.6206106317942,B,O2 conc.B [nmol/mL],dataset_III,
646.6666666666666,141.2594486317157,B,O2 conc.B [nmol/mL],dataset_III,
646.7924528301887,141.8000679915536,B,O2 conc.B [nmol/mL],dataset_III,
646.9182389937107,142.077388111449,B,O2 conc.B [nmol/mL],dataset_III,
647.0440251572327,141.9428352527707,B,O2 conc.B [nmol/mL],dataset_III,
647.1698113207547,141.5506393670593,B,O2 conc.B [nmol/mL],dataset_III,
647.2955974842768,141.5658633801245,B,O2 conc.B [nmol/mL],dataset_III,
647.4213836477987,141.0928835745086,B,O2 conc.B [nmol/mL],dataset_III,
647.5471698113207,141.2981945181137,B,O2 conc.B [nmol/mL],dataset_III,
647.6729559748428,141.3662007835235,B,O2 conc.B [nmol/mL],dataset_III,
647.7987421383648,141.164107777366,B,O2 conc.B [nmol/mL],dataset_III,
647.9245283018868,141.4218544713067,B,O2 conc.B [nmol/mL],dataset_III,
648.0503144654087,141.7487820252179,B,O2 conc.B [nmol/mL],dataset_III,
648.1761006289308,141.52408116352,B,O2 conc.B [nmol/mL],dataset_III,
648.3018867924528,141.7057830081852,B,O2 conc.B [nmol/mL],dataset_III,
648.4276729559748,141.6221065962175,B,O2 conc.B [nmol/mL],dataset_III,
648.5534591194969,141.3994967067144,B,O2 conc.B [nmol/mL],dataset_III,
648.6792452830189,141.5865683424599,B,O2 conc.B [nmol/mL],dataset_III,
648.8050314465409,140.8259335054256,B,O2 conc.B [nmol/mL],dataset_III,
648.930817610063,140.9407449620549,B,O2 conc.B [nmol/mL],dataset_III,
649.0566037735849,141.4863650627172,B,O2 conc.B [nmol/mL],dataset_III,
649.1823899371069,141.4909076549539,B,O2 conc.B [nmol/mL],dataset_III,
649.3081761006289,141.2156873899812,B,O2 conc.B [nmol/mL],dataset_III,
649.433962264151,141.2213016713735,B,O2 conc.B [nmol/mL],dataset_III,
649.559748427673,140.9882974595684,B,O2 conc.B [nmol/mL],dataset_III,
649.6855345911949,141.3881404537771,B,O2 conc.B [nmol/mL],dataset_III,
649.811320754717,140.9549309956627,B,O2 conc.B [nmol/mL],dataset_III,
649.937106918239,141.4507198788365,B,O2 conc.B [nmol/mL],dataset_III,
650.062893081761,141.6889272134447,B,O2 conc.B [nmol/mL],dataset_III,
650.188679245283,141.8287161178113,B,O2 conc.B [nmol/mL],dataset_III,
650.3144654088051,141.4161785040558,B,O2 conc.B [nmol/mL],dataset_III,
650.440251572327,141.33981626544,B,O2 conc.B [nmol/mL],dataset_III,
650.566037735849,141.2785978163918,B,O2 conc.B [nmol/mL],dataset_III,
650.6918238993711,141.270826016162,B,O2 conc.B [nmol/mL],dataset_III,
650.8176100628931,141.9894257546206,B,O2 conc.B [nmol/mL],dataset_III,
650.9433962264151,141.3740876724781,B,O2 conc.B [nmol/mL],dataset_III,
651.069182389937,141.5083727138816,B,O2 conc.B [nmol/mL],dataset_III,
651.1949685534591,140.848181078909,B,O2 conc.B [nmol/mL],dataset_III,
651.3207547169811,141.2231880779241,B,O2 conc.B [nmol/mL],dataset_III,
651.4465408805031,141.6589520875465,B,O2 conc.B [nmol/mL],dataset_III,
651.5723270440252,141.4649215782133,B,O2 conc.B [nmol/mL],dataset_III,
651.6981132075472,140.670325596867,B,O2 conc.B [nmol/mL],dataset_III,
651.8238993710692,141.4564730848119,B,O2 conc.B [nmol/mL],dataset_III,
651.9496855345913,140.7843036414075,B,O2 conc.B [nmol/mL],dataset_III,
652.0754716981132,140.661649030633,B,O2 conc.B [nmol/mL],dataset_III,
652.2012578616352,141.018913778768,B,O2 conc.B [nmol/mL],dataset_III,
652.3270440251572,141.2669602870327,B,O2 conc.B [nmol/mL],dataset_III,
652.4528301886793,140.9639985300731,B,O2 conc.B [nmol/mL],dataset_III,
652.5786163522013,140.9751789673784,B,O2 conc.B [nmol/mL],dataset_III,
652.7044025157232,140.7990169896937,B,O2 conc.B [nmol/mL],dataset_III,
652.8301886792453,141.2389083321906,B,O2 conc.B [nmol/mL],dataset_III,
652.9559748427673,141.3226742646823,B,O2 conc.B [nmol/mL],dataset_III,
653.0817610062893,140.8167957403608,B,O2 conc.B [nmol/mL],dataset_III,
653.2075471698113,140.2588543694125,B,O2 conc.B [nmol/mL],dataset_III,
653.3333333333334,140.9770670477712,B,O2 conc.B [nmol/mL],dataset_III,
653.4591194968554,141.1735244108991,B,O2 conc.B [nmol/mL],dataset_III,
653.5849056603773,141.4049776782169,B,O2 conc.B [nmol/mL],dataset_III,
653.7106918238994,141.2425605313579,B,O2 conc.B [nmol/mL],dataset_III,
653.8364779874214,141.364037779084,B,O2 conc.B [nmol/mL],dataset_III,
653.9622641509434,141.6561965390031,B,O2 conc.B [nmol/mL],dataset_III,
654.0880503144654,141.4933050207439,B,O2 conc.B [nmol/mL],dataset_III,
654.2138364779875,140.9979581761948,B,O2 conc.B [nmol/mL],dataset_III,
654.3396226415094,141.6144634962933,B,O2 conc.B [nmol/mL],dataset_III,
654.4654088050314,140.8198019384662,B,O2 conc.B [nmol/mL],dataset_III,
654.5911949685535,141.4370639963008,B,O2 conc.B [nmol/mL],dataset_III,
654.7169811320755,141.0707736934446,B,O2 conc.B [nmol/mL],dataset_III,
654.8427672955975,140.6791618012116,B,O2 conc.B [nmol/mL],dataset_III,
654.9685534591194,140.8125186932598,B,O2 conc.B [nmol/mL],dataset_III,
655.0943396226415,140.748332123378,B,O2 conc.B [nmol/mL],dataset_III,
655.2201257861635,140.5980273402078,B,O2 conc.B [nmol/mL],dataset_III,
655.3459119496855,141.3505352290685,B,O2 conc.B [nmol/mL],dataset_III,
655.4716981132076,141.1645060198228,B,O2 conc.B [nmol/mL],dataset_III,
655.5974842767296,140.7707693853814,B,O2 conc.B [nmol/mL],dataset_III,
655.7232704402516,141.3789306542438,B,O2 conc.B [nmol/mL],dataset_III,
655.8490566037735,141.4335043686651,B,O2 conc.B [nmol/mL],dataset_III,
655.9748427672956,140.2845344350266,B,O2 conc.B [nmol/mL],dataset_III,
656.1006289308176,141.2851441584653,B,O2 conc.B [nmol/mL],dataset_III,
656.2264150943396,140.5761389321837,B,O2 conc.B [nmol/mL],dataset_III,
656.3522012578617,140.397995768955,B,O2 conc.B [nmol/mL],dataset_III,
656.4779874213837,140.9977987168259,B,O2 conc.B [nmol/mL],dataset_III,
656.6037735849056,140.514639982254,B,O2 conc.B [nmol/mL],dataset_III,
656.7295597484276,141.5799946873849,B,O2 conc.B [nmol/mL],dataset_III,
656.8553459119497,140.9694893835828,B,O2 conc.B [nmol/mL],dataset_III,
656.9811320754717,140.9204807912106,B,O2 conc.B [nmol/mL],dataset_III,
657.1069182389937,140.4640205204122,B,O2 conc.B [nmol/mL],dataset_III,
657.2327044025158,140.9481028939605,B,O2 conc.B [nmol/mL],dataset_III,
657.3584905660377,140.9213611314442,B,O2 conc.B [nmol/mL],dataset_III,
657.4842767295597,141.1623658255496,B,O2 conc.B [nmol/mL],dataset_III,
657.6100628930817,141.0760171216779,B,O2 conc.B [nmol/mL],dataset_III,
657.7358490566038,140.9609583802698,B,O2 conc.B [nmol/mL],dataset_III,
657.8616352201258,140.9733986377425,B,O2 conc.B [nmol/mL],dataset_III,
657.9874213836478,140.6155452239305,B,O2 conc.B [nmol/mL],dataset_III,
658.1132075471698,140.9155912093825,B,O2 conc.B [nmol/mL],dataset_III,
658.2389937106918,141.7120835304895,B,O2 conc.B [nmol/mL],dataset_III,
658.3647798742138,140.2409668024902,B,O2 conc.B [nmol/mL],dataset_III,
658.4905660377358,140.5738620920244,B,O2 conc.B [nmol/mL],dataset_III,
658.6163522012579,141.4644880303302,B,O2 conc.B [nmol/mL],dataset_III,
658.7421383647799,141.4556725069051,B,O2 conc.B [nmol/mL],dataset_III,
658.8679245283018,140.7728773213502,B,O2 conc.B [nmol/mL],dataset_III,
658.9937106918239,141.4067446474846,B,O2 conc.B [nmol/mL],dataset_III,
659.1194968553459,140.9636848881058,B,O2 conc.B [nmol/mL],dataset_III,
659.2452830188679,140.6407509362911,B,O2 conc.B [nmol/mL],dataset_III,
659.37106918239,140.2814562090468,B,O2 conc.B [nmol/mL],dataset_III,
659.496855345912,141.2535265348257,B,O2 conc.B [nmol/mL],dataset_III,
659.622641509434,141.1718021465955,B,O2 conc.B [nmol/mL],dataset_III,
659.7484276729559,140.8921622902494,B,O2 conc.B [nmol/mL],dataset_III,
659.874213836478,140.6707744325318,B,O2 conc.B [nmol/mL],dataset_III,
660.0,140.0665093339017,B,O2 conc.B [nmol/mL],dataset_III,FCCP_4
660.125786163522,140.1234549570199,B,O2 conc.B [nmol/mL],dataset_III,
660.2515723270441,140.4439157544197,B,O2 conc.B [nmol/mL],dataset_III,
660.377358490566,140.9775644875893,B,O2 conc.B [nmol/mL],dataset_III,
660.503144654088,140.7274306748278,B,O2 conc.B [nmol/mL],dataset_III,
660.62893081761,141.0500055678879,B,O2 conc.B [nmol/mL],dataset_III,
660.7547169811321,140.2399740115536,B,O2 conc.B [nmol/mL],dataset_III,
660.8805031446541,140.7213641516373,B,O2 conc.B [nmol/mL],dataset_III,
661.0062893081761,140.9976607721322,B,O2 conc.B [nmol/mL],dataset_III,
661.1320754716982,140.8954567127919,B,O2 conc.B [nmol/mL],dataset_III,
661.2578616352201,140.59395176539,B,O2 conc.B [nmol/mL],dataset_III,
661.3836477987421,140.5940374437978,B,O2 conc.B [nmol/mL],dataset_III,
661.5094339622641,140.2867599378625,B,O2 conc.B [nmol/mL],dataset_III,
661.6352201257862,140.927261019365,B,O2 conc.B [nmol/mL],dataset_III,
661.7610062893082,140.7510061099055,B,O2 conc.B [nmol/mL],dataset_III,
661.8867924528302,140.4892056002117,B,O2 conc.B [nmol/mL],dataset_III,
662.0125786163522,140.8085810284562,B,O2 conc.B [nmol/mL],dataset_III,
662.1383647798742,140.3030185848453,B,O2 conc.B [nmol/mL],dataset_III,
662.2641509433962,140.9333537581958,B,O2 conc.B [nmol/mL],dataset_III,
662.3899371069182,140.9026967098844,B,O2 conc.B [nmol/mL],dataset_III,
662.5157232704403,140.7674204024221,B,O2 conc.B [nmol/mL],dataset_III,
662.6415094339623,141.0049508600949,B,O2 conc.B [nmol/mL],dataset_III,
662.7672955974842,140.7559180373137,B,O2 conc.B [nmol/mL],dataset_III,
662.8930817610063,140.5692033643071,B,O2 conc.B [nmol/mL],dataset_III,
663.0188679245283,140.8947197762643,B,O2 conc.B [nmol/mL],dataset_III,
663.1446540880503,141.0138277078014,B,O2 conc.B [nmol/mL],dataset_III,
663.2704402515724,140.6841575876903,B,O2 conc.B [nmol/mL],dataset_III,
663.3962264150944,140.2741889205464,B,O2 conc.B [nmol/mL],dataset_III,
663.5220125786163,140.836829375814,B,O2 conc.B [nmol/mL],dataset_III,
663.6477987421383,140.3052082553164,B,O2 conc.B [nmol/mL],dataset_III,
663.7735849056604,141.5854718584178,B,O2 conc.B [nmol/mL],dataset_III,
663.8993710691824,140.1749400882052,B,O2 conc.B [nmol/mL],dataset_III,
664.0251572327044,141.1456176726236,B,O2 conc.B [nmol/mL],dataset_III,
664.1509433962265,140.8382936201906,B,O2 conc.B [nmol/mL],dataset_III,
664.2767295597484,140.5572555466514,B,O2 conc.B [nmol/mL],dataset_III,
664.4025157232704,140.4940750150674,B,O2 conc.B [nmol/mL],dataset_III,
664.5283018867924,139.8432666288433,B,O2 conc.B [nmol/mL],dataset_III,
664.6540880503145,140.4273053381064,B,O2 conc.B [nmol/mL],dataset_III,
664.7798742138365,140.4743208773831,B,O2 conc.B [nmol/mL],dataset_III,
664.9056603773585,140.5770223434226,B,O2 conc.B [nmol/mL],dataset_III,
665.0314465408806,140.7308165993196,B,O2 conc.B [nmol/mL],dataset_III,
665.1572327044025,140.4796384307486,B,O2 conc.B [nmol/mL],dataset_III,
665.2830188679245,139.9629942069817,B,O2 conc.B [nmol/mL],dataset_III,
665.4088050314465,140.1658380713035,B,O2 conc.B [nmol/mL],dataset_III,
665.5345911949686,140.9891967302236,B,O2 conc.B [nmol/mL],dataset_III,
665.6603773584906,140.298115251993,B,O2 conc.B [nmol/mL],dataset_III,
665.7861635220125,140.3941874602673,B,O2 conc.B [nmol/mL],dataset_III,
665.9119496855346,140.7766365688686,B,O2 conc.B [nmol/mL],dataset_III,
666.0377358490566,140.682335904178,B,O2 conc.B [nmol/mL],dataset_III,
666.1635220125786,140.8244258765672,B,O2 conc.B [nmol/mL],dataset_III,
666.2893081761006,140.0724246560759,B,O2 conc.B [nmol/mL],dataset_III,
666.4150943396227,140.693903243645,B,O2 conc.B [nmol/mL],dataset_III,
666.5408805031446,140.4719475365343,B,O2 conc.B [nmol/mL],dataset_III,
666.6666666666666,140.8002161055755,B,O2 conc.B [nmol/mL],dataset_III,
666.7924528301887,140.8520140539367,B,O2 conc.B [nmol/mL],dataset_III,
666.9182389937107,140.286556098357,B,O2 conc.B [nmol/mL],dataset_III,
667.0440251572327,140.3115219750726,B,O2 conc.B [nmol/mL],dataset_III,
667.1698113207547,140.6016736422118,B,O2 conc.B [nmol/mL],dataset_III,
667.2955974842768,140.4322300663901,B,O2 conc.B [nmol/mL],dataset_III,
667.4213836477987,140.6597884626173,B,O2 conc.B [nmol/mL],dataset_III,
667.5471698113207,140.0976705021673,B,O2 conc.B [nmol/mL],dataset_III,
667.6729559748428,140.3099481900572,B,O2 conc.B [nmol/mL],dataset_III,
667.7987421383648,140.4054360998834,B,O2 conc.B [nmol/mL],dataset_III,
667.9245283018868,140.4352693652718,B,O2 conc.B [nmol/mL],dataset_III,
668.0503144654089,140.0835417130386,B,O2 conc.B [nmol/mL],dataset_III,
668.1761006289308,140.0227970810987,B,O2 conc.B [nmol/mL],dataset_III,
668.3018867924528,140.1314659310452,B,O2 conc.B [nmol/mL],dataset_III,
668.4276729559748,140.2518605061741,B,O2 conc.B [nmol/mL],dataset_III,
668.5534591194969,139.6400977975357,B,O2 conc.B [nmol/mL],dataset_III,
668.6792452830189,140.3018724368799,B,O2 conc.B [nmol/mL],dataset_III,
668.8050314465409,140.6337087094762,B,O2 conc.B [nmol/mL],dataset_III,
668.930817610063,139.7217340052944,B,O2 conc.B [nmol/mL],dataset_III,
669.0566037735849,140.1466676271594,B,O2 conc.B [nmol/mL],dataset_III,
669.1823899371069,139.8388183885085,B,O2 conc.B [nmol/mL],dataset_III,
669.3081761006289,140.4015622172498,B,O2 conc.B [nmol/mL],dataset_III,
669.433962264151,140.5974147103563,B,O2 conc.B [nmol/mL],dataset_III,
669.559748427673,140.7953615408959,B,O2 conc.B [nmol/mL],dataset_III,
669.6855345911949,140.2779700282699,B,O2 conc.B [nmol/mL],dataset_III,
669.811320754717,139.9773243214525,B,O2 conc.B [nmol/mL],dataset_III,
669.937106918239,139.8259588292577,B,O2 conc.B [nmol/mL],dataset_III,
670.062893081761,139.9511686217824,B,O2 conc.B [nmol/mL],dataset_III,
670.188679245283,140.7656110355448,B,O2 conc.B [nmol/mL],dataset_III,
670.3144654088051,140.3699356686812,B,O2 conc.B [nmol/mL],dataset_III,
670.440251572327,141.0697685234931,B,O2 conc.B [nmol/mL],dataset_III,
670.566037735849,140.8464702960029,B,O2 conc.B [nmol/mL],dataset_III,
670.6918238993711,140.3418117492873,B,O2 conc.B [nmol/mL],dataset_III,
670.8176100628931,140.1104377112969,B,O2 conc.B [nmol/mL],dataset_III,
670.9433962264151,140.4940076942503,B,O2 conc.B [nmol/mL],dataset_III,
671.069182389937,139.7521946466249,B,O2 conc.B [nmol/mL],dataset_III,
671.1949685534591,140.4494070788026,B,O2 conc.B [nmol/mL],dataset_III,
671.3207547169811,139.5677031552023,B,O2 conc.B [nmol/mL],dataset_III,
671.4465408805031,140.6453621203207,B,O2 conc.B [nmol/mL],dataset_III,
671.5723270440252,140.3663053795593,B,O2 conc.B [nmol/mL],dataset_III,
671.6981132075472,139.8875608296679,B,O2 conc.B [nmol/mL],dataset_III,
671.8238993710692,140.3486829518074,B,O2 conc.B [nmol/mL],dataset_III,
671.9496855345911,140.2288508996974,B,O2 conc.B [nmol/mL],dataset_III,
672.0754716981132,139.9882653028298,B,O2 conc.B [nmol/mL],dataset_III,
672.2012578616352,140.2656704942985,B,O2 conc.B [nmol/mL],dataset_III,
672.3270440251572,140.1331625592054,B,O2 conc.B [nmol/mL],dataset_III,
672.4528301886793,140.5048190828895,B,O2 conc.B [nmol/mL],dataset_III,
672.5786163522013,139.6166907157722,B,O2 conc.B [nmol/mL],dataset_III,
672.7044025157232,139.2370577561763,B,O2 conc.B [nmol/mL],dataset_III,
672.8301886792453,140.7103325213299,B,O2 conc.B [nmol/mL],dataset_III,
672.9559748427673,139.7280815390821,B,O2 conc.B [nmol/mL],dataset_III,
673.0817610062893,140.1186251975015,B,O2 conc.B [nmol/mL],dataset_III,
673.2075471698113,140.5558583070226,B,O2 conc.B [nmol/mL],dataset_III,
673.3333333333334,140.0764627980512,B,O2 conc.B [nmol/mL],dataset_III,
673.4591194968554,139.3432558436386,B,O2 conc.B [nmol/mL],dataset_III,
673.5849056603773,139.9723821614625,B,O2 conc.B [nmol/mL],dataset_III,
673.7106918238994,139.6317122107899,B,O2 conc.B [nmol/mL],dataset_III,
673.8364779874214,140.2106764218547,B,O2 conc.B [nmol/mL],dataset_III,
673.9622641509434,139.9018796114265,B,O2 conc.B [nmol/mL],dataset_III,
674.0880503144654,139.6623336377615,B,O2 conc.B [nmol/mL],dataset_III,
674.2138364779875,140.338744483761,B,O2 conc.B [nmol/mL],dataset_III,
674.3396226415094,139.8408052107119,B,O2 conc.B [nmol/mL],dataset_III,
674.4654088050314,139.6376220810324,B,O2 conc.B [nmol/mL],dataset_III,
674.5911949685535,139.4708721889194,B,O2 conc.B [nmol/mL],dataset_III,
674.7169811320755,139.7762052784125,B,O2 conc.B [nmol/mL],dataset_III,
674.8427672955975,140.1581150497886,B,O2 conc.B [nmol/mL],dataset_III,
674.9685534591194,139.8519195482777,B,O2 conc.B [nmol/mL],dataset_III,
675.0943396226415,140.1707020014674,B,O2 conc.B [nmol/mL],dataset_III,
675.2201257861635,139.0614168270141,B,O2 conc.B [nmol/mL],dataset_III,
675.3459119496855,139.2776355941859,B,O2 conc.B [nmol/mL],dataset_III,
675.4716981132076,139.5184006946498,B,O2 conc.B [nmol/mL],dataset_III,
675.5974842767296,139.8540228914673,B,O2 conc.B [nmol/mL],dataset_III,
675.7232704402516,140.5064744292737,B,O2 conc.B [nmol/mL],dataset_III,
675.8490566037735,139.6134283749435,B,O2 conc.B [nmol/mL],dataset_III,
675.9748427672956,139.5392715601284,B,O2 conc.B [nmol/mL],dataset_III,
676.1006289308176,140.0737942529717,B,O2 conc.B [nmol/mL],dataset_III,
676.2264150943396,139.5842863799385,B,O2 conc.B [nmol/mL],dataset_III,
676.3522012578617,140.4144305703929,B,O2 conc.B [nmol/mL],dataset_III,
676.4779874213837,139.8430117515884,B,O2 conc.B [nmol/mL],dataset_III,
676.6037735849056,140.2413185499632,B,O2 conc.B [nmol/mL],dataset_III,
676.7295597484276,139.7814538794257,B,O2 conc.B [nmol/mL],dataset_III,
676.8553459119497,139.8828262462101,B,O2 conc.B [nmol/mL],dataset_III,
676.9811320754717,139.483133437883,B,O2 conc.B [nmol/mL],dataset_III,
677.1069182389937,140.6726548559577,B,O2 conc.B [nmol/mL],dataset_III,
677.2327044025158,139.966325588731,B,O2 conc.B [nmol/mL],dataset_III,
677.3584905660377,139.5517646906506,B,O2 conc.B [nmol/mL],dataset_III,
677.4842767295597,139.7994224468079,B,O2 conc.B [nmol/mL],dataset_III,
677.6100628930817,139.9005307982055,B,O2 conc.B [nmol/mL],dataset_III,
677.7358490566038,139.6361180376542,B,O2 conc.B [nmol/mL],dataset_III,
677.8616352201258,139.5322572804957,B,O2 conc.B [nmol/mL],dataset_III,
677.9874213836478,140.7416292145023,B,O2 conc.B [nmol/mL],dataset_III,
678.1132075471698,139.5878252131818,B,O2 conc.B [nmol/mL],dataset_III,
678.2389937106918,139.5311793830485,B,O2 conc.B [nmol/mL],dataset_III,
678.3647798742138,139.3950944722195,B,O2 conc.B [nmol/mL],dataset_III,
678.4905660377359,139.3337439986909,B,O2 conc.B [nmol/mL],dataset_III,
678.6163522012579,139.9484549915266,B,O2 conc.B [nmol/mL],dataset_III,
678.7421383647799,139.6524568391671,B,O2 conc.B [nmol/mL],dataset_III,
678.8679245283018,139.937991232636,B,O2 conc.B [nmol/mL],dataset_III,
678.9937106918239,139.5526888483167,B,O2 conc.B [nmol/mL],dataset_III,
679.1194968553459,138.9832640516315,B,O2 conc.B [nmol/mL],dataset_III,
679.2452830188679,139.8108275588678,B,O2 conc.B [nmol/mL],dataset_III,
679.37106918239,139.2603019626787,B,O2 conc.B [nmol/mL],dataset_III,
679.496855345912,140.1146782706525,B,O2 conc.B [nmol/mL],dataset_III,
679.622641509434,139.8075677547687,B,O2 conc.B [nmol/mL],dataset_III,
679.7484276729559,139.7939014883371,B,O2 conc.B [nmol/mL],dataset_III,
679.874213836478,139.6366435958379,B,O2 conc.B [nmol/mL],dataset_III,
680.0,139.6086253454372,B,O2 conc.B [nmol/mL],dataset_III,
680.125786163522,139.0813386947901,B,O2 conc.B [nmol/mL],dataset_III,
680.2515723270441,139.7735705573459,B,O2 conc.B [nmol/mL],dataset_III,
680.377358490566,139.6964440182715,B,O2 conc.B [nmol/mL],dataset_III,
680.503144654088,139.8344578417781,B,O2 conc.B [nmol/mL],dataset_III,
680.62893081761,139.3800040652849,B,O2 conc.B [nmol/mL],dataset_III,
680.7547169811321,140.0893009302187,B,O2 conc.B [nmol/mL],dataset_III,
680.8805031446541,139.2961328343244,B,O2 conc.B [nmol/mL],dataset_III,
681.0062893081761,139.6390111192948,B,O2 conc.B [nmol/mL],dataset_III,
681.1320754716982,139.6621328983753,B,O2 conc.B [nmol/mL],dataset_III,
681.2578616352201,139.2082751114379,B,O2 conc.B [nmol/mL],dataset_III,
681.3836477987421,139.3862963620387,B,O2 conc.B [nmol/mL],dataset_III,
681.5094339622641,139.1239833555718,B,O2 conc.B [nmol/mL],dataset_III,
681.6352201257862,139.3134500515257,B,O2 conc.B [nmol/mL],dataset_III,
681.7610062893082,140.0468993663032,B,O2 conc.B [nmol/mL],dataset_III,
681.8867924528302,139.5027088919273,B,O2 conc.B [nmol/mL],dataset_III,
682.0125786163522,139.8612989882311,B,O2 conc.B [nmol/mL],dataset_III,
682.1383647798742,139.3510596464791,B,O2 conc.B [nmol/mL],dataset_III,
682.2641509433962,139.3044587940695,B,O2 conc.B [nmol/mL],dataset_III,
682.3899371069183,139.0156443974612,B,O2 conc.B [nmol/mL],dataset_III,
682.5157232704403,139.3381536269163,B,O2 conc.B [nmol/mL],dataset_III,
682.6415094339623,139.9112971808686,B,O2 conc.B [nmol/mL],dataset_III,
682.7672955974842,139.3580364141125,B,O2 conc.B [nmol/mL],dataset_III,
682.8930817610063,139.0457880038022,B,O2 conc.B [nmol/mL],dataset_III,
683.0188679245283,138.8439047417699,B,O2 conc.B [nmol/mL],dataset_III,
683.1446540880503,139.2850626767124,B,O2 conc.B [nmol/mL],dataset_III,
683.2704402515724,138.945321374155,B,O2 conc.B [nmol/mL],dataset_III,
683.3962264150944,139.1521266075712,B,O2 conc.B [nmol/mL],dataset_III,
683.5220125786163,139.5857364610852,B,O2 conc.B [nmol/mL],dataset_III,
683.6477987421383,139.3535701388981,B,O2 conc.B [nmol/mL],dataset_III,
683.7735849056604,139.6526058967536,B,O2 conc.B [nmol/mL],dataset_III,
683.8993710691824,139.32958730881,B,O2 conc.B [nmol/mL],dataset_III,
684.0251572327044,139.25237625966,B,O2 conc.B [nmol/mL],dataset_III,
684.1509433962265,139.5515470736423,B,O2 conc.B [nmol/mL],dataset_III,
684.2767295597484,139.7687268718601,B,O2 conc.B [nmol/mL],dataset_III,
684.4025157232704,139.5070988484107,B,O2 conc.B [nmol/mL],dataset_III,
684.5283018867924,139.1470871050839,B,O2 conc.B [nmol/mL],dataset_III,
684.6540880503145,139.6452162838569,B,O2 conc.B [nmol/mL],dataset_III,
684.7798742138365,139.1459726485635,B,O2 conc.B [nmol/mL],dataset_III,
684.9056603773585,139.1487174430966,B,O2 conc.B [nmol/mL],dataset_III,
685.0314465408806,138.8323327599326,B,O2 conc.B [nmol/mL],dataset_III,
685.1572327044025,138.9514047312003,B,O2 conc.B [nmol/mL],dataset_III,
685.2830188679245,139.7997007262251,B,O2 conc.B [nmol/mL],dataset_III,
685.4088050314465,138.815879376841,B,O2 conc.B [nmol/mL],dataset_III,
685.5345911949686,139.0541654321488,B,O2 conc.B [nmol/mL],dataset_III,
685.6603773584906,139.5251906078591,B,O2 conc.B [nmol/mL],dataset_III,
685.7861635220125,139.4363238948553,B,O2 conc.B [nmol/mL],dataset_III,
685.9119496855346,140.3231069824034,B,O2 conc.B [nmol/mL],dataset_III,
686.0377358490566,139.023295871868,B,O2 conc.B [nmol/mL],dataset_III,
686.1635220125786,138.560990706442,B,O2 conc.B [nmol/mL],dataset_III,
686.2893081761006,139.5899177396335,B,O2 conc.B [nmol/mL],dataset_III,
686.4150943396227,139.0091992671991,B,O2 conc.B [nmol/mL],dataset_III,
686.5408805031446,139.8845861528323,B,O2 conc.B [nmol/mL],dataset_III,
686.6666666666666,139.0632094505984,B,O2 conc.B [nmol/mL],dataset_III,
686.7924528301887,138.9363418907741,B,O2 conc.B [nmol/mL],dataset_III,
686.9182389937107,139.4658869084892,B,O2 conc.B [nmol/mL],dataset_III,
687.0440251572327,139.2048532845774,B,O2 conc.B [nmol/mL],dataset_III,
687.1698113207547,139.49859767005,B,O2 conc.B [nmol/mL],dataset_III,
687.2955974842768,139.0019681033995,B,O2 conc.B [nmol/mL],dataset_III,
687.4213836477987,138.7404367811799,B,O2 conc.B [nmol/mL],dataset_III,
687.5471698113207,138.8508981353917,B,O2 conc.B [nmol/mL],dataset_III,
687.6729559748428,139.7155294969207,B,O2 conc.B [nmol/mL],dataset_III,
687.7987421383648,139.2745081060952,B,O2 conc.B [nmol/mL],dataset_III,
687.9245283018868,139.1609865337367,B,O2 conc.B [nmol/mL],dataset_III,
688.0503144654087,139.0462845819732,B,O2 conc.B [nmol/mL],dataset_III,
688.1761006289308,138.5974843915091,B,O2 conc.B [nmol/mL],dataset_III,
688.3018867924528,138.7885638981855,B,O2 conc.B [nmol/mL],dataset_III,
688.4276729559748,138.7928655476561,B,O2 conc.B [nmol/mL],dataset_III,
688.5534591194969,138.8168829822109,B,O2 conc.B [nmol/mL],dataset_III,
688.6792452830189,139.2152886209527,B,O2 conc.B [nmol/mL],dataset_III,
688.8050314465409,139.1743047700944,B,O2 conc.B [nmol/mL],dataset_III,
688.930817610063,139.0797859456105,B,O2 conc.B [nmol/mL],dataset_III,
689.0566037735849,139.3774764200601,B,O2 conc.B [nmol/mL],dataset_III,
689.1823899371069,139.5374661909953,B,O2 conc.B [nmol/mL],dataset_III,
689.3081761006289,139.3009381534347,B,O2 conc.B [nmol/mL],dataset_III,
689.433962264151,139.0462397227485,B,O2 conc.B [nmol/mL],dataset_III,
689.559748427673,138.9837506930755,B,O2 conc.B [nmol/mL],dataset_III,
689.6855345911949,139.0311458165026,B,O2 conc.B [nmol/mL],dataset_III,
689.811320754717,138.7692011631621,B,O2 conc.B [nmol/mL],dataset_III,
689.937106918239,139.1861254953803,B,O2 conc.B [nmol/mL],dataset_III,
690.062893081761,139.2221595954688,B,O2 conc.B [nmol/mL],dataset_III,
690.188679245283,139.1621460463132,B,O2 conc.B [nmol/mL],dataset_III,
690.3144654088051,139.3087098952149,B,O2 conc.B [nmol/mL],dataset_III,
690.440251572327,138.9910376165011,B,O2 conc.B [nmol/mL],dataset_III,
690.566037735849,139.1269085743096,B,O2 conc.B [nmol/mL],dataset_III,
690.6918238993711,138.5102872881908,B,O2 conc.B [nmol/mL],dataset_III,
690.8176100628931,138.8878326870415,B,O2 conc.B [nmol/mL],dataset_III,
690.9433962264151,139.0382698918201,B,O2 conc.B [nmol/mL],dataset_III,
691.069182389937,138.9628054246935,B,O2 conc.B [nmol/mL],dataset_III,
691.1949685534591,139.6775187596706,B,O2 conc.B [nmol/mL],dataset_III,
691.3207547169811,138.6638657081524,B,O2 conc.B [nmol/mL],dataset_III,
691.4465408805031,139.0649983608002,B,O2 conc.B [nmol/mL],dataset_III,
691.5723270440252,138.9191170262643,B,O2 conc.B [nmol/mL],dataset_III,
691.6981132075472,139.703835208264,B,O2 conc.B [nmol/mL],dataset_III,
691.8238993710692,138.1212292808306,B,O2 conc.B [nmol/mL],dataset_III,
691.9496855345911,139.010209231113,B,O2 conc.B [nmol/mL],dataset_III,
692.0754716981132,138.8336210116277,B,O2 conc.B [nmol/mL],dataset_III,
692.2012578616352,138.8631976036355,B,O2 conc.B [nmol/mL],dataset_III,
692.3270440251572,139.3209891327704,B,O2 conc.B [nmol/mL],dataset_III,
692.4528301886793,138.5590194444969,B,O2 conc.B [nmol/mL],dataset_III,
692.5786163522013,139.1454441347175,B,O2 conc.B [nmol/mL],dataset_III,
692.7044025157232,138.6769212252026,B,O2 conc.B [nmol/mL],dataset_III,
692.8301886792453,139.1493543561899,B,O2 conc.B [nmol/mL],dataset_III,
692.9559748427673,138.3794834226858,B,O2 conc.B [nmol/mL],dataset_III,
693.0817610062893,138.7379085517132,B,O2 conc.B [nmol/mL],dataset_III,
693.2075471698113,139.2159781129907,B,O2 conc.B [nmol/mL],dataset_III,
693.3333333333334,138.8810232676954,B,O2 conc.B [nmol/mL],dataset_III,
693.4591194968554,138.7785670043818,B,O2 conc.B [nmol/mL],dataset_III,
693.5849056603773,138.5518550209178,B,O2 conc.B [nmol/mL],dataset_III,
693.7106918238994,138.331233301961,B,O2 conc.B [nmol/mL],dataset_III,
693.8364779874214,139.1067378847364,B,O2 conc.B [nmol/mL],dataset_III,
693.9622641509434,138.5873781207619,B,O2 conc.B [nmol/mL],dataset_III,
694.0880503144654,138.4128936045816,B,O2 conc.B [nmol/mL],dataset_III,
694.2138364779875,139.2880542063397,B,O2 conc.B [nmol/mL],dataset_III,
694.3396226415094,138.3714405805869,B,O2 conc.B [nmol/mL],dataset_III,
694.4654088050314,138.6752979866211,B,O2 conc.B [nmol/mL],dataset_III,
694.5911949685535,138.8592052867078,B,O2 conc.B [nmol/mL],dataset_III,
694.7169811320755,138.6070725943139,B,O2 conc.B [nmol/mL],dataset_III,
694.8427672955975,138.6114499690305,B,O2 conc.B [nmol/mL],dataset_III,
694.9685534591194,139.1479883871261,B,O2 conc.B [nmol/mL],dataset_III,
695.0943396226415,138.6248507326842,B,O2 conc.B [nmol/mL],dataset_III,
695.2201257861635,138.5727811523612,B,O2 conc.B [nmol/mL],dataset_III,
695.3459119496855,138.2288692658017,B,O2 conc.B [nmol/mL],dataset_III,
695.4716981132076,138.7958713799463,B,O2 conc.B [nmol/mL],dataset_III,
695.5974842767296,138.549541329251,B,O2 conc.B [nmol/mL],dataset_III,
695.7232704402516,138.3393651133253,B,O2 conc.B [nmol/mL],dataset_III,
695.8490566037735,138.8927701402709,B,O2 conc.B [nmol/mL],dataset_III,
695.9748427672956,138.4939206256434,B,O2 conc.B [nmol/mL],dataset_III,
696.1006289308176,138.5850868138463,B,O2 conc.B [nmol/mL],dataset_III,
696.2264150943396,138.1800432884653,B,O2 conc.B [nmol/mL],dataset_III,
696.3522012578617,138.6381479869888,B,O2 conc.B [nmol/mL],dataset_III,
696.4779874213837,139.0218772684268,B,O2 conc.B [nmol/mL],dataset_III,
696.6037735849056,138.4578199516498,B,O2 conc.B [nmol/mL],dataset_III,
696.7295597484276,138.1452427570007,B,O2 conc.B [nmol/mL],dataset_III,
696.8553459119497,138.3596108729227,B,O2 conc.B [nmol/mL],dataset_III,
696.9811320754717,138.9074105870838,B,O2 conc.B [nmol/mL],dataset_III,
697.1069182389937,138.9135962529096,B,O2 conc.B [nmol/mL],dataset_III,
697.2327044025158,138.8112981810456,B,O2 conc.B [nmol/mL],dataset_III,
697.3584905660377,138.6594033260562,B,O2 conc.B [nmol/mL],dataset_III,
697.4842767295597,138.8389807920474,B,O2 conc.B [nmol/mL],dataset_III,
697.6100628930817,138.9613350956396,B,O2 conc.B [nmol/mL],dataset_III,
697.7358490566038,138.9715162561959,B,O2 conc.B [nmol/mL],dataset_III,
697.8616352201258,138.8005973361518,B,O2 conc.B [nmol/mL],dataset_III,
697.9874213836478,138.7005998722924,B,O2 conc.B [nmol/mL],dataset_III,
698.1132075471698,139.1906927110265,B,O2 conc.B [nmol/mL],dataset_III,
698.2389937106918,138.4074702098157,B,O2 conc.B [nmol/mL],dataset_III,
698.3647798742138,138.91154802657,B,O2 conc.B [nmol/mL],dataset_III,
698.4905660377358,138.6322610092357,B,O2 conc.B [nmol/mL],dataset_III,
698.6163522012579,138.6111961724558,B,O2 conc.B [nmol/mL],dataset_III,
698.7421383647799,138.5235927869688,B,O2 conc.B [nmol/mL],dataset_III,
698.8679245283018,138.4871768876228,B,O2 conc.B [nmol/mL],dataset_III,
698.9937106918239,139.0292553686389,B,O2 conc.B [nmol/mL],dataset_III,
699.1194968553459,138.6644041193621,B,O2 conc.B [nmol/mL],dataset_III,
699.2452830188679,138.2823171899486,B,O2 conc.B [nmol/mL],dataset_III,
699.37106918239,138.2365456337342,B,O2 conc.B [nmol/mL],dataset_III,
699.496855345912,138.7430416815128,B,O2 conc.B [nmol/mL],dataset_III,
699.622641509434,139.1179973974831,B,O2 conc.B [nmol/mL],dataset_III,
699.7484276729559,138.7805181856228,B,O2 conc.B [nmol/mL],dataset_III,
699.874213836478,138.4350086865554,B,O2 conc.B [nmol/mL],dataset_III,
700.0,138.2874876766788,B,O2 conc.B [nmol/mL],dataset_III,
700.125786163522,138.4407577416308,B,O2 conc.B [nmol/mL],dataset_III,
700.2515723270441,138.1501202962915,B,O2 conc.B [nmol/mL],dataset_III,
700.377358490566,138.3840528556196,B,O2 conc.B [nmol/mL],dataset_III,
700.503144654088,138.564154157311,B,O2 conc.B [nmol/mL],dataset_III,
700.62893081761,138.7434483231549,B,O2 conc.B [nmol/mL],dataset_III,
700.7547169811321,138.2291485727366,B,O2 conc.B [nmol/mL],dataset_III,
700.8805031446541,137.876949739927,B,O2 conc.B [nmol/mL],dataset_III,
701.0062893081761,138.3090930605393,B,O2 conc.B [nmol/mL],dataset_III,
701.1320754716982,138.3085619417595,B,O2 conc.B [nmol/mL],dataset_III,
701.2578616352201,138.1954724358048,B,O2 conc.B [nmol/mL],dataset_III,
701.3836477987421,138.2030127450453,B,O2 conc.B [nmol/mL],dataset_III,
701.5094339622642,138.4499232491693,B,O2 conc.B [nmol/mL],dataset_III,
701.6352201257862,138.1718852900896,B,O2 conc.B [nmol/mL],dataset_III,
701.7610062893082,138.6215511288363,B,O2 conc.B [nmol/mL],dataset_III,
701.8867924528302,137.9925504157742,B,O2 conc.B [nmol/mL],dataset_III,
702.0125786163522,138.1741544691541,B,O2 conc.B [nmol/mL],dataset_III,
702.1383647798742,137.9505058101925,B,O2 conc.B [nmol/mL],dataset_III,
702.2641509433962,138.082454510768,B,O2 conc.B [nmol/mL],dataset_III,
702.3899371069183,138.8356862417038,B,O2 conc.B [nmol/mL],dataset_III,
702.5157232704403,137.9939307409111,B,O2 conc.B [nmol/mL],dataset_III,
702.6415094339623,138.7895219875051,B,O2 conc.B [nmol/mL],dataset_III,
702.7672955974842,138.6435787828478,B,O2 conc.B [nmol/mL],dataset_III,
702.8930817610063,138.1984837102302,B,O2 conc.B [nmol/mL],dataset_III,
703.0188679245283,138.647135751657,B,O2 conc.B [nmol/mL],dataset_III,
703.1446540880503,138.5234608472955,B,O2 conc.B [nmol/mL],dataset_III,
703.2704402515724,138.0461496585754,B,O2 conc.B [nmol/mL],dataset_III,
703.3962264150944,138.503893459166,B,O2 conc.B [nmol/mL],dataset_III,
703.5220125786163,137.9794666188583,B,O2 conc.B [nmol/mL],dataset_III,
703.6477987421383,138.5003422621359,B,O2 conc.B [nmol/mL],dataset_III,
703.7735849056604,138.4480280298512,B,O2 conc.B [nmol/mL],dataset_III,
703.8993710691824,138.1829501528988,B,O2 conc.B [nmol/mL],dataset_III,
704.0251572327044,138.3886897797775,B,O2 conc.B [nmol/mL],dataset_III,
704.1509433962265,138.2436381758447,B,O2 conc.B [nmol/mL],dataset_III,
704.2767295597484,138.1655941093863,B,O2 conc.B [nmol/mL],dataset_III,
704.4025157232704,138.746228279007,B,O2 conc.B [nmol/mL],dataset_III,
704.5283018867924,137.7902852044668,B,O2 conc.B [nmol/mL],dataset_III,
704.6540880503145,138.0435535982217,B,O2 conc.B [nmol/mL],dataset_III,
704.7798742138365,137.8876138275956,B,O2 conc.B [nmol/mL],dataset_III,
704.9056603773585,137.9257141224863,B,O2 conc.B [nmol/mL],dataset_III,
705.0314465408806,138.3153292779793,B,O2 conc.B [nmol/mL],dataset_III,
705.1572327044025,138.0001979218949,B,O2 conc.B [nmol/mL],dataset_III,
705.2830188679245,138.0612426761515,B,O2 conc.B [nmol/mL],dataset_III,
705.4088050314465,138.3620158522384,B,O2 conc.B [nmol/mL],dataset_III,
705.5345911949686,138.165399673705,B,O2 conc.B [nmol/mL],dataset_III,
705.6603773584906,137.9620649595427,B,O2 conc.B [nmol/mL],dataset_III,
705.7861635220125,138.23644242869,B,O2 conc.B [nmol/mL],dataset_III,
705.9119496855346,137.8887213406842,B,O2 conc.B [nmol/mL],dataset_III,
706.0377358490566,138.328635709017,B,O2 conc.B [nmol/mL],dataset_III,
706.1635220125786,138.221538539804,B,O2 conc.B [nmol/mL],dataset_III,
706.2893081761006,138.438808541055,B,O2 conc.B [nmol/mL],dataset_III,
706.4150943396227,138.2212420158981,B,O2 conc.B [nmol/mL],dataset_III,
706.5408805031446,137.4764318714055,B,O2 conc.B [nmol/mL],dataset_III,
706.6666666666666,137.7869704797581,B,O2 conc.B [nmol/mL],dataset_III,
706.7924528301887,138.2693224462505,B,O2 conc.B [nmol/mL],dataset_III,
706.9182389937107,137.4369337663434,B,O2 conc.B [nmol/mL],dataset_III,
707.0440251572327,137.6390027437276,B,O2 conc.B [nmol/mL],dataset_III,
707.1698113207547,137.6840443715405,B,O2 conc.B [nmol/mL],dataset_III,
707.2955974842768,138.0565196687066,B,O2 conc.B [nmol/mL],dataset_III,
707.4213836477987,137.7998129077342,B,O2 conc.B [nmol/mL],dataset_III,
707.5471698113207,138.1646240500802,B,O2 conc.B [nmol/mL],dataset_III,
707.6729559748428,138.3773048169513,B,O2 conc.B [nmol/mL],dataset_III,
707.7987421383648,137.7116054494956,B,O2 conc.B [nmol/mL],dataset_III,
707.9245283018868,137.7576960490847,B,O2 conc.B [nmol/mL],dataset_III,
708.0503144654087,138.1359231059101,B,O2 conc.B [nmol/mL],dataset_III,
708.1761006289308,138.5534337944628,B,O2 conc.B [nmol/mL],dataset_III,
708.3018867924528,137.6330329045764,B,O2 conc.B [nmol/mL],dataset_III,
708.4276729559748,138.1049798492089,B,O2 conc.B [nmol/mL],dataset_III,
708.5534591194969,138.218271424205,B,O2 conc.B [nmol/mL],dataset_III,
708.6792452830189,138.6125102571794,B,O2 conc.B [nmol/mL],dataset_III,
708.8050314465409,138.0164354597871,B,O2 conc.B [nmol/mL],dataset_III,
708.930817610063,138.058642688178,B,O2 conc.B [nmol/mL],dataset_III,
709.0566037735849,137.6693785598009,B,O2 conc.B [nmol/mL],dataset_III,
709.1823899371069,138.2695540576825,B,O2 conc.B [nmol/mL],dataset_III,
709.3081761006289,137.6554027372308,B,O2 conc.B [nmol/mL],dataset_III,
709.433962264151,138.5710292355853,B,O2 conc.B [nmol/mL],dataset_III,
709.559748427673,138.0536065947502,B,O2 conc.B [nmol/mL],dataset_III,
709.6855345911949,138.1608092721517,B,O2 conc.B [nmol/mL],dataset_III,
709.811320754717,138.0220525405445,B,O2 conc.B [nmol/mL],dataset_III,
709.937106918239,137.5916516418044,B,O2 conc.B [nmol/mL],dataset_III,
710.062893081761,138.2654455944374,B,O2 conc.B [nmol/mL],dataset_III,
710.188679245283,137.4539383532873,B,O2 conc.B [nmol/mL],dataset_III,
710.3144654088051,137.9618880426015,B,O2 conc.B [nmol/mL],dataset_III,
710.440251572327,137.5362328177998,B,O2 conc.B [nmol/mL],dataset_III,
710.566037735849,137.3592004575794,B,O2 conc.B [nmol/mL],dataset_III,
710.6918238993711,137.7472667473852,B,O2 conc.B [nmol/mL],dataset_III,
710.8176100628931,137.4320351034274,B,O2 conc.B [nmol/mL],dataset_III,
710.9433962264151,137.5122818254223,B,O2 conc.B [nmol/mL],dataset_III,
711.069182389937,138.1980071336619,B,O2 conc.B [nmol/mL],dataset_III,
711.1949685534591,137.8272775276401,B,O2 conc.B [nmol/mL],dataset_III,
711.3207547169811,137.6487350381978,B,O2 conc.B [nmol/mL],dataset_III,
711.4465408805031,137.5307157894847,B,O2 conc.B [nmol/mL],dataset_III,
711.5723270440252,137.9235758796814,B,O2 conc.B [nmol/mL],dataset_III,
711.6981132075472,137.3805481413456,B,O2 conc.B [nmol/mL],dataset_III,
711.8238993710692,137.4850389285839,B,O2 conc.B [nmol/mL],dataset_III,
711.9496855345913,137.9597684700767,B,O2 conc.B [nmol/mL],dataset_III,
712.0754716981132,137.633824740521,B,O2 conc.B [nmol/mL],dataset_III,
712.2012578616352,137.7595472173875,B,O2 conc.B [nmol/mL],dataset_III,
712.3270440251572,137.7150216408335,B,O2 conc.B [nmol/mL],dataset_III,
712.4528301886793,138.054422784577,B,O2 conc.B [nmol/mL],dataset_III,
712.5786163522013,138.0832730483066,B,O2 conc.B [nmol/mL],dataset_III,
712.7044025157232,138.0676127053212,B,O2 conc.B [nmol/mL],dataset_III,
712.8301886792453,137.8994360437081,B,O2 conc.B [nmol/mL],dataset_III,
712.9559748427673,137.5160698722976,B,O2 conc.B [nmol/mL],dataset_III,
713.0817610062893,136.8814497747315,B,O2 conc.B [nmol/mL],dataset_III,
713.2075471698113,136.9445716172442,B,O2 conc.B [nmol/mL],dataset_III,
713.3333333333334,138.0713096482621,B,O2 conc.B [nmol/mL],dataset_III,
713.4591194968554,138.1192996898992,B,O2 conc.B [nmol/mL],dataset_III,
713.5849056603773,137.3713105709226,B,O2 conc.B [nmol/mL],dataset_III,
713.7106918238994,137.4329019332193,B,O2 conc.B [nmol/mL],dataset_III,
713.8364779874214,138.1660873271972,B,O2 conc.B [nmol/mL],dataset_III,
713.9622641509434,137.4834140806408,B,O2 conc.B [nmol/mL],dataset_III,
714.0880503144654,137.5769275902124,B,O2 conc.B [nmol/mL],dataset_III,
714.2138364779875,137.3206139338219,B,O2 conc.B [nmol/mL],dataset_III,
714.3396226415094,137.4467023488662,B,O2 conc.B [nmol/mL],dataset_III,
714.4654088050314,137.8948445889128,B,O2 conc.B [nmol/mL],dataset_III,
714.5911949685535,137.3502333176045,B,O2 conc.B [nmol/mL],dataset_III,
714.7169811320755,138.2621174688732,B,O2 conc.B [nmol/mL],dataset_III,
714.8427672955975,137.626401015622,B,O2 conc.B [nmol/mL],dataset_III,
714.9685534591194,137.4307248958138,B,O2 conc.B [nmol/mL],dataset_III,
715.0943396226415,137.7508757740327,B,O2 conc.B [nmol/mL],dataset_III,
715.2201257861635,137.7764476602589,B,O2 conc.B [nmol/mL],dataset_III,
715.3459119496855,137.8815515553463,B,O2 conc.B [nmol/mL],dataset_III,
715.4716981132076,138.0033139011455,B,O2 conc.B [nmol/mL],dataset_III,
715.5974842767296,137.9269541450582,B,O2 conc.B [nmol/mL],dataset_III,
715.7232704402516,137.5073252678309,B,O2 conc.B [nmol/mL],dataset_III,
715.8490566037735,137.7895633167911,B,O2 conc.B [nmol/mL],dataset_III,
715.9748427672956,137.4332864527103,B,O2 conc.B [nmol/mL],dataset_III,
716.1006289308176,137.6206661699413,B,O2 conc.B [nmol/mL],dataset_III,
716.2264150943396,138.2795536999855,B,O2 conc.B [nmol/mL],dataset_III,
716.3522012578617,137.3565527114894,B,O2 conc.B [nmol/mL],dataset_III,
716.4779874213837,137.4511483209903,B,O2 conc.B [nmol/mL],dataset_III,
716.6037735849056,137.2422190121738,B,O2 conc.B [nmol/mL],dataset_III,
716.7295597484276,137.6809042734723,B,O2 conc.B [nmol/mL],dataset_III,
716.8553459119497,137.5899362767863,B,O2 conc.B [nmol/mL],dataset_III,
716.9811320754717,137.0568448090084,B,O2 conc.B [nmol/mL],dataset_III,
717.1069182389937,137.7065155703863,B,O2 conc.B [nmol/mL],dataset_III,
717.2327044025158,137.5170781639834,B,O2 conc.B [nmol/mL],dataset_III,
717.3584905660377,137.443891792204,B,O2 conc.B [nmol/mL],dataset_III,
717.4842767295597,137.6432380787967,B,O2 conc.B [nmol/mL],dataset_III,
717.6100628930817,137.8058431014809,B,O2 conc.B [nmol/mL],dataset_III,
717.7358490566038,136.9752269630805,B,O2 conc.B [nmol/mL],dataset_III,
717.8616352201258,137.3133498468815,B,O2 conc.B [nmol/mL],dataset_III,
717.9874213836478,136.5638136023353,B,O2 conc.B [nmol/mL],dataset_III,
718.1132075471698,137.1669656956026,B,O2 conc.B [nmol/mL],dataset_III,
718.2389937106918,137.2510531056979,B,O2 conc.B [nmol/mL],dataset_III,
718.3647798742138,136.6003168595044,B,O2 conc.B [nmol/mL],dataset_III,
718.4905660377358,136.9179784901574,B,O2 conc.B [nmol/mL],dataset_III,
718.6163522012579,137.3026001972289,B,O2 conc.B [nmol/mL],dataset_III,
718.7421383647799,137.3883715915728,B,O2 conc.B [nmol/mL],dataset_III,
718.8679245283018,137.1774970821272,B,O2 conc.B [nmol/mL],dataset_III,
718.9937106918239,137.1128517953518,B,O2 conc.B [nmol/mL],dataset_III,
719.1194968553459,137.0206699548449,B,O2 conc.B [nmol/mL],dataset_III,
719.2452830188679,137.049289686362,B,O2 conc.B [nmol/mL],dataset_III,
719.37106918239,137.4561216806282,B,O2 conc.B [nmol/mL],dataset_III,
719.496855345912,137.5982198350178,B,O2 conc.B [nmol/mL],dataset_III,
719.622641509434,136.9464658907095,B,O2 conc.B [nmol/mL],dataset_III,
719.7484276729559,137.6632246969743,B,O2 conc.B [nmol/mL],dataset_III,
719.874213836478,137.5894038855036,B,O2 conc.B [nmol/mL],dataset_III,
720.0,136.9044207933279,B,O2 conc.B [nmol/mL],dataset_III,rotenone+antimycin
720.4905660377359,137.2313397279945,B,O2 conc.B [nmol/mL],dataset_III,
720.9811320754717,137.5782083558737,B,O2 conc.B [nmol/mL],dataset_III,
721.4716981132076,137.2341351554496,B,O2 conc.B [nmol/mL],dataset_III,
721.9622641509434,137.2852349499383,B,O2 conc.B [nmol/mL],dataset_III,
722.4528301886793,137.1464760738763,B,O2 conc.B [nmol/mL],dataset_III,
722.9433962264151,137.4308872716477,B,O2 conc.B [nmol/mL],dataset_III,
723.433962264151,137.3544267625374,B,O2 conc.B [nmol/mL],dataset_III,
723.9245283018868,136.6960242689592,B,O2 conc.B [nmol/mL],dataset_III,
724.4150943396227,137.1794567831935,B,O2 conc.B [nmol/mL],dataset_III,
724.9056603773585,136.9288045085835,B,O2 conc.B [nmol/mL],dataset_III,
725.3962264150944,137.5516118025344,B,O2 conc.B [nmol/mL],dataset_III,
725.8867924528302,136.7774822705114,B,O2 conc.B [nmol/mL],dataset_III,
726.377358490566,137.4394091199743,B,O2 conc.B [nmol/mL],dataset_III,
726.8679245283018,136.8624722821568,B,O2 conc.B [nmol/mL],dataset_III,
727.3584905660377,137.0699796677787,B,O2 conc.B [nmol/mL],dataset_III,
727.8490566037735,137.0009443593567,B,O2 conc.B [nmol/mL],dataset_III,
728.3396226415094,137.01083200927,B,O2 conc.B [nmol/mL],dataset_III,
728.8301886792453,137.4172214655863,B,O2 conc.B [nmol/mL],dataset_III,
729.3207547169811,137.1127102264242,B,O2 conc.B [nmol/mL],dataset_III,
729.811320754717,137.5029952199775,B,O2 conc.B [nmol/mL],dataset_III,
730.3018867924528,136.617689430933,B,O2 conc.B [nmol/mL],dataset_III,
730.7924528301887,136.8554518758518,B,O2 conc.B [nmol/mL],dataset_III,
731.2830188679245,136.9349060585889,B,O2 conc.B [nmol/mL],dataset_III,
731.7735849056604,136.8014910497127,B,O2 conc.B [nmol/mL],dataset_III,
732.2641509433962,137.4662142138582,B,O2 conc.B [nmol/mL],dataset_III,
732.7547169811321,137.7078755952477,B,O2 conc.B [nmol/mL],dataset_III,
733.2452830188679,137.447511403393,B,O2 conc.B [nmol/mL],dataset_III,
733.7358490566038,136.8088092349443,B,O2 conc.B [nmol/mL],dataset_III,
734.2264150943396,137.1513940951426,B,O2 conc.B [nmol/mL],dataset_III,
734.7169811320755,137.71633205362,B,O2 conc.B [nmol/mL],dataset_III,
735.2075471698113,137.2195296147849,B,O2 conc.B [nmol/mL],dataset_III,
735.6981132075472,137.5726896965713,B,O2 conc.B [nmol/mL],dataset_III,
736.188679245283,137.7746098914111,B,O2 conc.B [nmol/mL],dataset_III,
736.6792452830189,136.676427905652,B,O2 conc.B [nmol/mL],dataset_III,
737.1698113207547,137.8339939902786,B,O2 conc.B [nmol/mL],dataset_III,
737.6603773584906,136.8496742003642,B,O2 conc.B [nmol/mL],dataset_III,
738.1509433962265,137.3685432536665,B,O2 conc.B [nmol/mL],dataset_III,
738.6415094339623,137.2506288000368,B,O2 conc.B [nmol/mL],dataset_III,
739.1320754716982,137.3284251222816,B,O2 conc.B [nmol/mL],dataset_III,
739.622641509434,137.1805649481929,B,O2 conc.B [nmol/mL],dataset_III,
740.1132075471698,137.0338762694857,B,O2 conc.B [nmol/mL],dataset_III,
740.6037735849056,137.3082907693249,B,O2 conc.B [nmol/mL],dataset_III,
741.0943396226415,137.1274911575694,B,O2 conc.B [nmol/mL],dataset_III,
741.5849056603773,137.2754659750641,B,O2 conc.B [nmol/mL],dataset_III,
742.0754716981132,137.0388294540684,B,O2 conc.B [nmol/mL],dataset_III,
742.566037735849,137.4714682784497,B,O2 conc.B [nmol/mL],dataset_III,
743.0566037735849,137.0713688650371,B,O2 conc.B [nmol/mL],dataset_III,
743.5471698113207,137.084031114845,B,O2 conc.B [nmol/mL],dataset_III,
744.0377358490566,136.7900335160074,B,O2 conc.B [nmol/mL],dataset_III,
744.5283018867924,137.6589804869975,B,O2 conc.B [nmol/mL],dataset_III,
745.0188679245283,137.7344495188092,B,O2 conc.B [nmol/mL],dataset_III,
745.5094339622641,136.8681706867938,B,O2 conc.B [nmol/mL],dataset_III,
746.0,137.6006876157371,B,O2 conc.B [nmol/mL],dataset_III,
746.4905660377359,136.5919181752926,B,O2 conc.B [nmol/mL],dataset_III,
746.9811320754717,136.7403775686707,B,O2 conc.B [nmol/mL],dataset_III,
747.4716981132076,136.6101424428695,B,O2 conc.B [nmol/mL],dataset_III,
747.9622641509434,137.0848156365163,B,O2 conc.B [nmol/mL],dataset_III,
748.4528301886793,137.2488963787195,B,O2 conc.B [nmol/mL],dataset_III,
748.9433962264151,136.8073281481923,B,O2 conc.B [nmol/mL],dataset_III,
749.433962264151,137.7777522228589,B,O2 conc.B [nmol/mL],dataset_III,
749.9245283018868,137.8078667737702,B,O2 conc.B [nmol/mL],dataset_III,
750.4150943396227,136.9494143162973,B,O2 conc.B [nmol/mL],dataset_III,
750.9056603773585,137.6515643860756,B,O2 conc.B [nmol/mL],dataset_III,
751.3962264150944,137.1638733056936,B,O2 conc.B [nmol/mL],dataset_III,
751.8867924528302,137.4719153683247,B,O2 conc.B [nmol/mL],dataset_III,
752.377358490566,137.1966976191728,B,O2 conc.B [nmol/mL],dataset_III,
752.8679245283018,137.5383498971426,B,O2 conc.B [nmol/mL],dataset_III,
753.3584905660377,137.0482051941044,B,O2 conc.B [nmol/mL],dataset_III,
753.8490566037735,137.5559382869897,B,O2 conc.B [nmol/mL],dataset_III,
754.3396226415094,137.2110280379926,B,O2 conc.B [nmol/mL],dataset_III,
754.8301886792453,137.1866959663527,B,O2 conc.B [nmol/mL],dataset_III,
755.3207547169811,136.8488637663329,B,O2 conc.B [nmol/mL],dataset_III,
755.811320754717,137.4852241692083,B,O2 conc.B [nmol/mL],dataset_III,
756.3018867924528,137.2943015591084,B,O2 conc.B [nmol/mL],dataset_III,
756.7924528301887,137.2796223488225,B,O2 conc.B [nmol/mL],dataset_III,
757.2830188679245,137.1455136523625,B,O2 conc.B [nmol/mL],dataset_III,
757.7735849056604,137.0416632334631,B,O2 conc.B [nmol/mL],dataset_III,
758.2641509433962,136.9449232611923,B,O2 conc.B [nmol/mL],dataset_III,
758.7547169811321,136.7771032811881,B,O2 conc.B [nmol/mL],dataset_III,
759.2452830188679,137.066173428439,B,O2 conc.B [nmol/mL],dataset_III,
759.7358490566038,137.2241116494898,B,O2 conc.B [nmol/mL],dataset_III,
760.2264150943396,137.5694505251979,B,O2 conc.B [nmol/mL],dataset_III,
760.7169811320755,137.0088481126262,B,O2 conc.B [nmol/mL],dataset_III,
761.2075471698113,137.6744867280034,B,O2 conc.B [nmol/mL],dataset_III,
761.6981132075472,137.5126550224467,B,O2 conc.B [nmol/mL],dataset_III,
762.188679245283,136.8213669738175,B,O2 conc.B [nmol/mL],dataset_III,
762.6792452830189,137.06849036089,B,O2 conc.B [nmol/mL],dataset_III,
763.1698113207547,137.7797591429903,B,O2 conc.B [nmol/mL],dataset_III,
763.6603773584906,136.8943812001785,B,O2 conc.B [nmol/mL],dataset_III,
764.1509433962265,137.6427913707946,B,O2 conc.B [nmol/mL],dataset_III,
764.6415094339623,137.2576390306868,B,O2 conc.B [nmol/mL],dataset_III,
765.1320754716982,137.5023259890585,B,O2 conc.B [nmol/mL],dataset_III,
765.622641509434,137.377134336941,B,O2 conc.B [nmol/mL],dataset_III,
766.1132075471698,137.5318164985314,B,O2 conc.B [nmol/mL],dataset_III,
766.6037735849056,137.9268490853302,B,O2 conc.B [nmol/mL],dataset_III,
767.0943396226415,137.2280526759246,B,O2 conc.B [nmol/mL],dataset_III,
767.5849056603773,137.7567150967144,B,O2 conc.B [nmol/mL],dataset_III,
768.0754716981132,137.5612257901913,B,O2 conc.B [nmol/mL],dataset_III,
768.566037735849,137.4720957250056,B,O2 conc.B [nmol/mL],dataset_III,
769.0566037735849,137.1365739176423,B,O2 conc.B [nmol/mL],dataset_III,
769.5471698113207,137.5321490474896,B,O2 conc.B [nmol/mL],dataset_III,
770.0377358490566,137.4667259308442,B,O2 conc.B [nmol/mL],dataset_III,
770.5283018867924,137.2896727802906,B,O2 conc.B [nmol/mL],dataset_III,
771.0188679245283,137.3078478631581,B,O2 conc.B [nmol/mL],dataset_III,
771.5094339622642,137.3795682214971,B,O2 conc.B [nmol/mL],dataset_III,
772.0,136.7489357286506,B,O2 conc.B [nmol/mL],dataset_III,
772.4905660377358,136.5724120380039,B,O2 conc.B [nmol/mL],dataset_III,
772.9811320754717,137.5224123566436,B,O2 conc.B [nmol/mL],dataset_III,
773.4716981132076,137.8342680092622,B,O2 conc.B [nmol/mL],dataset_III,
773.9622641509434,137.6729421237355,B,O2 conc.B [nmol/mL],dataset_III,
774.4528301886793,136.8585186614673,B,O2 conc.B [nmol/mL],dataset_III,
774.9433962264151,137.2605036687117,B,O2 conc.B [nmol/mL],dataset_III,
775.433962264151,137.1232571841001,B,O2 conc.B [nmol/mL],dataset_III,
775.9245283018868,137.1671517918147,B,O2 conc.B [nmol/mL],dataset_III,
776.4150943396227,137.5755177037967,B,O2 conc.B [nmol/mL],dataset_III,
776.9056603773585,137.5059047753302,B,O2 conc.B [nmol/mL],dataset_III,
777.3962264150944,137.7871238830575,B,O2 conc.B [nmol/mL],dataset_III,
777.8867924528302,136.9552203492032,B,O2 conc.B [nmol/mL],dataset_III,
778.377358490566,137.358046208846,B,O2 conc.B [nmol/mL],dataset_III,
778.8679245283018,136.4731818747303,B,O2 conc.B [nmol/mL],dataset_III,
779.3584905660377,137.2925782045635,B,O2 conc.B [nmol/mL],dataset_III,
779.8490566037735,137.372748656105,B,O2 conc.B [nmol/mL],dataset_III,
780.3396226415094,137.5663679857007,B,O2 conc.B [nmol/mL],dataset_III,
780.8301886792453,137.5829224345842,B,O2 conc.B [nmol/mL],dataset_III,
781.3207547169811,136.9478911474405,B,O2 conc.B [nmol/mL],dataset_III,
781.811320754717,137.3826757748801,B,O2 conc.B [nmol/mL],dataset_III,
782.3018867924528,137.0685985035914,B,O2 conc.B [nmol/mL],dataset_III,
782.7924528301887,137.3826900535736,B,O2 conc.B [nmol/mL],dataset_III,
783.2830188679245,137.5995649989622,B,O2 conc.B [nmol/mL],dataset_III,
783.7735849056604,137.8731654281632,B,O2 conc.B [nmol/mL],dataset_III,
784.2641509433962,136.9860626834465,B,O2 conc.B [nmol/mL],dataset_III,
784.7547169811321,137.5899747345752,B,O2 conc.B [nmol/mL],dataset_III,
785.2452830188679,137.6946641221071,B,O2 conc.B [nmol/mL],dataset_III,
785.7358490566038,137.2715424688298,B,O2 conc.B [nmol/mL],dataset_III,
786.2264150943396,138.0137306602456,B,O2 conc.B [nmol/mL],dataset_III,
786.7169811320755,137.2963158432751,B,O2 conc.B [nmol/mL],dataset_III,
787.2075471698113,137.1678675573035,B,O2 conc.B [nmol/mL],dataset_III,
787.6981132075472,137.0528269237027,B,O2 conc.B [nmol/mL],dataset_III,
788.188679245283,136.7520650427869,B,O2 conc.B [nmol/mL],dataset_III,
788.6792452830189,137.7084597746087,B,O2 conc.B [nmol/mL],dataset_III,
789.1698113207547,136.9337582356262,B,O2 conc.B [nmol/mL],dataset_III,
789.6603773584906,137.722060126053,B,O2 conc.B [nmol/mL],dataset_III,
790.1509433962265,138.3310982118214,B,O2 conc.B [nmol/mL],dataset_III,
790.6415094339623,137.036611728986,B,O2 conc.B [nmol/mL],dataset_III,
791.1320754716982,137.5517278313691,B,O2 conc.B [nmol/mL],dataset_III,
791.622641509434,136.6338325391271,B,O2 conc.B [nmol/mL],dataset_III,
792.1132075471698,136.9165359114029,B,O2 conc.B [nmol/mL],dataset_III,
792.6037735849056,137.4621732662849,B,O2 conc.B [nmol/mL],dataset_III,
793.0943396226415,137.2650869264173,B,O2 conc.B [nmol/mL],dataset_III,
793.5849056603773,136.7293403061238,B,O2 conc.B [nmol/mL],dataset_III,
794.0754716981132,136.3895996660762,B,O2 conc.B [nmol/mL],dataset_III,
794.566037735849,137.6620700289442,B,O2 conc.B [nmol/mL],dataset_III,
795.0566037735849,137.449201902859,B,O2 conc.B [nmol/mL],dataset_III,
795.5471698113207,137.6954107741263,B,O2 conc.B [nmol/mL],dataset_III,
796.0377358490566,137.5222423262026,B,O2 conc.B [nmol/mL],dataset_III,
796.5283018867924,137.2483233547251,B,O2 conc.B [nmol/mL],dataset_III,
797.0188679245283,137.3245336170454,B,O2 conc.B [nmol/mL],dataset_III,
797.5094339622642,137.4093111321513,B,O2 conc.B [nmol/mL],dataset_III,
798.0,136.9537493606387,B,O2 conc.B [nmol/mL],dataset_III,
798.4905660377358,137.6142932973555,B,O2 conc.B [nmol/mL],dataset_III,
798.9811320754717,137.232607517201,B,O2 conc.B [nmol/mL],dataset_III,
799.4716981132076,137.4665720575562,B,O2 conc.B [nmol/mL],dataset_III,
799.9622641509434,137.3837694594098,B,O2 conc.B [nmol/mL],dataset_III,
800.4528301886793,137.0513878081092,B,O2 conc.B [nmol/mL],dataset_III,
800.9433962264151,137.4325560275999,B,O2 conc.B [nmol/mL],dataset_III,
801.433962264151,137.5976780605847,B,O2 conc.B [nmol/mL],dataset_III,
801.9245283018868,136.6432706192595,B,O2 conc.B [nmol/mL],dataset_III,
802.4150943396227,137.0477391266007,B,O2 conc.B [nmol/mL],dataset_III,
802.9056603773585,137.0894520845136,B,O2 conc.B [nmol/mL],dataset_III,
803.3962264150944,136.8736396995262,B,O2 conc.B [nmol/mL],dataset_III,
803.8867924528302,137.2924879289883,B,O2 conc.B [nmol/mL],dataset_III,
804.377358490566,137.3897248676121,B,O2 conc.B [nmol/mL],dataset_III,
804.8679245283018,137.5096828168438,B,O2 conc.B [nmol/mL],dataset_III,
805.3584905660377,137.2670122761227,B,O2 conc.B [nmol/mL],dataset_III,
805.8490566037735,137.0982944689341,B,O2 conc.B [nmol/mL],dataset_III,
806.3396226415094,137.0429225866335,B,O2 conc.B [nmol/mL],dataset_III,
806.8301886792453,137.1874177101054,B,O2 conc.B [nmol/mL],dataset_III,
807.3207547169811,137.5143610997293,B,O2 conc.B [nmol/mL],dataset_III,
807.811320754717,137.359004127891,B,O2 conc.B [nmol/mL],dataset_III,
808.3018867924528,137.8232932112396,B,O2 conc.B [nmol/mL],dataset_III,
808.7924528301887,136.8569789438502,B,O2 conc.B [nmol/mL],dataset_III,
809.2830188679245,137.162049211888,B,O2 conc.B [nmol/mL],dataset_III,
809.7735849056604,137.0852032739321,B,O2 conc.B [nmol/mL],dataset_III,
810.2641509433962,137.2214051409624,B,O2 conc.B [nmol/mL],dataset_III,
810.7547169811321,136.9811909485131,B,O2 conc.B [nmol/mL],dataset_III,
811.2452830188679,136.9112788322958,B,O2 conc.B [nmol/mL],dataset_III,
811.7358490566038,137.5959730287034,B,O2 conc.B [nmol/mL],dataset_III,
812.2264150943396,137.1220617154348,B,O2 conc.B [nmol/mL],dataset_III,
812.7169811320755,137.2739318756308,B,O2 conc.B [nmol/mL],dataset_III,
813.2075471698113,137.4575710851096,B,O2 conc.B [nmol/mL],dataset_III,
813.6981132075472,137.4757216635193,B,O2 conc.B [nmol/mL],dataset_III,
814.1886792452831,137.544207528677,B,O2 conc.B [nmol/mL],dataset_III,
814.6792452830189,137.6481885556061,B,O2 conc.B [nmol/mL],dataset_III,
815.1698113207547,137.2487559332225,B,O2 conc.B [nmol/mL],dataset_III,
815.6603773584906,137.8212634860035,B,O2 conc.B [nmol/mL],dataset_III,
816.1509433962265,137.2361403592211,B,O2 conc.B [nmol/mL],dataset_III,
816.6415094339623,136.7635497688322,B,O2 conc.B [nmol/mL],dataset_III,
817.1320754716982,137.543197460525,B,O2 conc.B [nmol/mL],dataset_III,
817.622641509434,137.6709955875218,B,O2 conc.B [nmol/mL],dataset_III,
818.1132075471698,137.1725601496922,B,O2 conc.B [nmol/mL],dataset_III,
818.6037735849056,137.4873905227277,B,O2 conc.B [nmol/mL],dataset_III,
819.0943396226415,137.3603631380625,B,O2 conc.B [nmol/mL],dataset_III,
819.5849056603773,137.4110045205277,B,O2 conc.B [nmol/mL],dataset_III,
820.0754716981132,137.1639372172843,B,O2 conc.B [nmol/mL],dataset_III,
820.566037735849,137.5136572311565,B,O2 conc.B [nmol/mL],dataset_III,
821.0566037735849,137.3695744286515,B,O2 conc.B [nmol/mL],dataset_III,
821.5471698113207,137.1156343077745,B,O2 conc.B [nmol/mL],dataset_III,
822.0377358490566,137.4927957264003,B,O2 conc.B [nmol/mL],dataset_III,
822.5283018867924,137.623350894252,B,O2 conc.B [nmol/mL],dataset_III,
823.0188679245283,136.7563365085931,B,O2 conc.B [nmol/mL],dataset_III,
823.5094339622642,137.5016531356959,B,O2 conc.B [nmol/mL],dataset_III,
824.0,137.2513075949322,B,O2 conc.B [nmol/mL],dataset_III,
824.4905660377358,137.3256625398201,B,O2 conc.B [nmol/mL],dataset_III,
824.9811320754717,136.6316609904876,B,O2 conc.B [nmol/mL],dataset_III,
825.4716981132076,137.0912838474555,B,O2 conc.B [nmol/mL],dataset_III,
825.9622641509434,137.5142204586712,B,O2 conc.B [nmol/mL],dataset_III,
826.4528301886793,137.4418199865468,B,O2 conc.B [nmol/mL],dataset_III,
826.9433962264151,137.0442403370672,B,O2 conc.B [nmol/mL],dataset_III,
827.433962264151,137.2927553377822,B,O2 conc.B [nmol/mL],dataset_III,
827.9245283018868,137.3988846200531,B,O2 conc.B [nmol/mL],dataset_III,
828.4150943396227,137.7492352920086,B,O2 conc.B [nmol/mL],dataset_III,
828.9056603773585,137.1262933742582,B,O2 conc.B [nmol/mL],dataset_III,
829.3962264150944,137.5980122657356,B,O2 conc.B [nmol/mL],dataset_III,
829.8867924528302,136.9715586448339,B,O2 conc.B [nmol/mL],dataset_III,
830.377358490566,137.4535888515861,B,O2 conc.B [nmol/mL],dataset_III,
830.8679245283018,137.2614237940965,B,O2 conc.B [nmol/mL],dataset_III,
831.3584905660377,137.5522563687949,B,O2 conc.B [nmol/mL],dataset_III,
831.8490566037735,136.842661748509,B,O2 conc.B [nmol/mL],dataset_III,
832.3396226415094,136.6413112868599,B,O2 conc.B [nmol/mL],dataset_III,
832.8301886792453,137.5032676969871,B,O2 conc.B [nmol/mL],dataset_III,
833.3207547169811,136.8342821052792,B,O2 conc.B [nmol/mL],dataset_III,
833.811320754717,137.4974227525031,B,O2 conc.B [nmol/mL],dataset_III,
834.3018867924528,136.7764210403178,B,O2 conc.B [nmol/mL],dataset_III,
834.7924528301887,137.2169839487084,B,O2 conc.B [nmol/mL],dataset_III,
835.2830188679245,137.4011968712033,B,O2 conc.B [nmol/mL],dataset_III,
835.7735849056604,137.7829447451123,B,O2 conc.B [nmol/mL],dataset_III,
836.2641509433962,137.5772982964808,B,O2 conc.B [nmol/mL],dataset_III,
836.7547169811321,137.0985041983594,B,O2 conc.B [nmol/mL],dataset_III,
837.2452830188679,137.6903429289055,B,O2 conc.B [nmol/mL],dataset_III,
837.7358490566038,137.3462173347838,B,O2 conc.B [nmol/mL],dataset_III,
838.2264150943396,137.007839632737,B,O2 conc.B [nmol/mL],dataset_III,
838.7169811320755,137.7777033873488,B,O2 conc.B [nmol/mL],dataset_III,
839.2075471698113,136.7883357604984,B,O2 conc.B [nmol/mL],dataset_III,
839.6981132075472,137.3728117136339,B,O2 conc.B [nmol/mL],dataset_III,
840.1886792452831,136.9106672044323,B,O2 conc.B [nmol/mL],dataset_III,
840.6792452830189,137.1494298947243,B,O2 conc.B [nmol/mL],dataset_III,
841.1698113207547,136.9525348123789,B,O2 conc.B [nmol/mL],dataset_III,
841.6603773584906,137.3553908512663,B,O2 conc.B [nmol/mL],dataset_III,
842.1509433962265,136.806385848225,B,O2 conc.B [nmol/mL],dataset_III,
842.6415094339623,137.6482841251624,B,O2 conc.B [nmol/mL],dataset_III,
843.1320754716982,137.2937246656967,B,O2 conc.B [nmol/mL],dataset_III,
843.622641509434,137.4216732521081,B,O2 conc.B [nmol/mL],dataset_III,
844.1132075471698,136.5620741118115,B,O2 conc.B [nmol/mL],dataset_III,
844.6037735849056,136.7135097023767,B,O2 conc.B [nmol/mL],dataset_III,
845.0943396226415,136.7689576747835,B,O2 conc.B [nmol/mL],dataset_III,
845.5849056603773,137.4442273581152,B,O2 conc.B [nmol/mL],dataset_III,
846.0754716981132,136.9001517461805,B,O2 conc.B [nmol/mL],dataset_III,
846.566037735849,137.5674800986031,B,O2 conc.B [nmol/mL],dataset_III,
847.0566037735849,137.1807957301899,B,O2 conc.B [nmol/mL],dataset_III,
847.5471698113207,136.9438385958927,B,O2 conc.B [nmol/mL],dataset_III,
848.0377358490566,136.9479242753022,B,O2 conc.B [nmol/mL],dataset_III,
848.5283018867924,137.5096694333798,B,O2 conc.B [nmol/mL],dataset_III,
849.0188679245283,137.728453827251,B,O2 conc.B [nmol/mL],dataset_III,
849.5094339622642,136.5781803160745,B,O2 conc.B [nmol/mL],dataset_III,
850.0,137.5048265462245,B,O2 conc.B [nmol/mL],dataset_III,
850.4905660377358,137.0578020739238,B,O2 conc.B [nmol/mL],dataset_III,
850.9811320754717,137.1947337778872,B,O2 conc.B [nmol/mL],dataset_III,
851.4716981132076,137.291665283201,B,O2 conc.B [nmol/mL],dataset_III,
851.9622641509434,137.2960911891658,B,O2 conc.B [nmol/mL],dataset_III,
852.4528301886793,137.4396043143794,B,O2 conc.B [nmol/mL],dataset_III,
852.9433962264151,136.45956253855,B,O2 conc.B [nmol/mL],dataset_III,
853.433962264151,137.0131949547071,B,O2 conc.B [nmol/mL],dataset_III,
853.9245283018868,136.2450529124416,B,O2 conc.B [nmol/mL],dataset_III,
854.4150943396227,138.3888928988638,B,O2 conc.B [nmol/mL],dataset_III,
854.9056603773585,137.0509877556983,B,O2 conc.B [nmol/mL],dataset_III,
855.3962264150944,137.2271765146048,B,O2 conc.B [nmol/mL],dataset_III,
855.8867924528302,137.632537456145,B,O2 conc.B [nmol/mL],dataset_III,
856.377358490566,137.1087293389564,B,O2 conc.B [nmol/mL],dataset_III,
856.867924528302,137.5208152953962,B,O2 conc.B [nmol/mL],dataset_III,
857.3584905660377,136.5220218690042,B,O2 conc.B [nmol/mL],dataset_III,
857.8490566037735,137.1218784044508,B,O2 conc.B [nmol/mL],dataset_III,
858.3396226415094,137.2271912428887,B,O2 conc.B [nmol/mL],dataset_III,
858.8301886792453,137.4761638203252,B,O2 conc.B [nmol/mL],dataset_III,
859.3207547169811,136.7933867905968,B,O2 conc.B [nmol/mL],dataset_III,
859.8113207547169,137.3740949783489,B,O2 conc.B [nmol/mL],dataset_III,
860.3018867924528,137.3910930057594,B,O2 conc.B [nmol/mL],dataset_III,
860.7924528301887,137.497059073746,B,O2 conc.B [nmol/mL],dataset_III,
861.2830188679245,137.2339238904456,B,O2 conc.B [nmol/mL],dataset_III,
861.7735849056604,137.0005713222386,B,O2 conc.B [nmol/mL],dataset_III,
862.2641509433962,137.304954808781,B,O2 conc.B [nmol/mL],dataset_III,
862.7547169811321,137.0416189545005,B,O2 conc.B [nmol/mL],dataset_III,
863.2452830188679,137.3094066037,B,O2 conc.B [nmol/mL],dataset_III,
863.7358490566038,137.3478189095042,B,O2 conc.B [nmol/mL],dataset_III,
864.2264150943396,136.9164723819583,B,O2 conc.B [nmol/mL],dataset_III,
864.7169811320755,137.2696758904052,B,O2 conc.B [nmol/mL],dataset_III,
865.2075471698113,136.8617019590773,B,O2 conc.B [nmol/mL],dataset_III,
865.6981132075472,137.826091732467,B,O2 conc.B [nmol/mL],dataset_III,
866.1886792452831,137.839721694365,B,O2 conc.B [nmol/mL],dataset_III,
866.6792452830189,137.5813767306863,B,O2 conc.B [nmol/mL],dataset_III,
867.1698113207547,137.7029855194395,B,O2 conc.B [nmol/mL],dataset_III,
867.6603773584906,137.0980437806639,B,O2 conc.B [nmol/mL],dataset_III,
868.1509433962265,136.9581276882637,B,O2 conc.B [nmol/mL],dataset_III,
868.6415094339623,137.0513929122606,B,O2 conc.B [nmol/mL],dataset_III,
869.132075471698,137.1494275963444,B,O2 conc.B [nmol/mL],dataset_III,
869.622641509434,137.228956339969,B,O2 conc.B [nmol/mL],dataset_III,
870.1132075471698,137.5579770441929,B,O2 conc.B [nmol/mL],dataset_III,
870.6037735849056,136.722848386776,B,O2 conc.B [nmol/mL],dataset_III,
871.0943396226415,136.3439481230546,B,O2 conc.B [nmol/mL],dataset_III,
871.5849056603773,137.4464072320545,B,O2 conc.B [nmol/mL],dataset_III,
872.0754716981132,137.7271953406429,B,O2 conc.B [nmol/mL],dataset_III,
872.566037735849,136.812204202535,B,O2 conc.B [nmol/mL],dataset_III,
873.0566037735849,136.9378906237008,B,O2 conc.B [nmol/mL],dataset_III,
873.5471698113207,136.7796187469147,B,O2 conc.B [nmol/mL],dataset_III,
874.0377358490566,137.7928360172995,B,O2 conc.B [nmol/mL],dataset_III,
874.5283018867924,137.3610441294368,B,O2 conc.B [nmol/mL],dataset_III,
875.0188679245283,137.2179981471251,B,O2 conc.B [nmol/mL],dataset_III,
875.5094339622642,137.1884575490002,B,O2 conc.B [nmol/mL],dataset_III,
876.0,137.120010338521,B,O2 conc.B [nmol/mL],dataset_III,
876.4905660377358,137.5286910500595,B,O2 conc.B [nmol/mL],dataset_III,
876.9811320754717,137.5268349991411,B,O2 conc.B [nmol/mL],dataset_III,
877.4716981132076,137.0316452184641,B,O2 conc.B [nmol/mL],dataset_III,
877.9622641509434,137.6766666996648,B,O2 conc.B [nmol/mL],dataset_III,
878.4528301886793,137.054125348082,B,O2 conc.B [nmol/mL],dataset_III,
878.9433962264151,137.4278409965101,B,O2 conc.B [nmol/mL],dataset_III,
879.433962264151,137.5895611390354,B,O2 conc.B [nmol/mL],dataset_III,
879.9245283018868,137.0482571853466,B,O2 conc.B [nmol/mL],dataset_III,
880.4150943396227,137.4872559157996,B,O2 conc.B [nmol/mL],dataset_III,
880.9056603773585,136.8316260138387,B,O2 conc.B [nmol/mL],dataset_III,
881.3962264150944,137.5114082400552,B,O2 conc.B [nmol/mL],dataset_III,
881.8867924528302,137.1725530771759,B,O2 conc.B [nmol/mL],dataset_III,
882.377358490566,137.9743030847341,B,O2 conc.B [nmol/mL],dataset_III,
882.867924528302,136.5538149730693,B,O2 conc.B [nmol/mL],dataset_III,
883.3584905660377,136.8988141720226,B,O2 conc.B [nmol/mL],dataset_III,
883.8490566037735,137.516694658355,B,O2 conc.B [nmol/mL],dataset_III,
884.3396226415094,137.2439691716515,B,O2 conc.B [nmol/mL],dataset_III,
884.8301886792453,137.510152595077,B,O2 conc.B [nmol/mL],dataset_III,
885.3207547169811,137.4021801537139,B,O2 conc.B [nmol/mL],dataset_III,
885.8113207547169,137.0573875042769,B,O2 conc.B [nmol/mL],dataset_III,
886.3018867924528,137.5214005373574,B,O2 conc.B [nmol/mL],dataset_III,
886.7924528301887,137.0566512428573,B,O2 conc.B [nmol/mL],dataset_III,
887.2830188679245,137.0245879903489,B,O2 conc.B [nmol/mL],dataset_III,
887.7735849056604,137.1502753242124,B,O2 conc.B [nmol/mL],dataset_III,
888.2641509433962,137.0787848331225,B,O2 conc.B [nmol/mL],dataset_III,
888.7547169811321,137.3999222587105,B,O2 conc.B [nmol/mL],dataset_III,
889.2452830188679,137.2180231607707,B,O2 conc.B [nmol/mL],dataset_III,
889.7358490566038,137.2056242378017,B,O2 conc.B [nmol/mL],dataset_III,
890.2264150943396,137.2684430998593,B,O2 conc.B [nmol/mL],dataset_III,
890.7169811320755,136.8759486639035,B,O2 conc.B [nmol/mL],dataset_III,
891.2075471698113,136.9720247975047,B,O2 conc.B [nmol/mL],dataset_III,
891.6981132075472,137.7876120473565,B,O2 conc.B [nmol/mL],dataset_III,
892.1886792452831,137.664141063762,B,O2 conc.B [nmol/mL],dataset_III,
892.6792452830189,136.9256535571328,B,O2 conc.B [nmol/mL],dataset_III,
893.1698113207547,137.6459839157514,B,O2 conc.B [nmol/mL],dataset_III,
893.6603773584906,137.1581958350208,B,O2 conc.B [nmol/mL],dataset_III,
894.1509433962265,136.6606614413529,B,O2 conc.B [nmol/mL],dataset_III,
894.6415094339623,137.3923562205174,B,O2 conc.B [nmol/mL],dataset_III,
895.132075471698,137.3140571640655,B,O2 conc.B [nmol/mL],dataset_III,
895.622641509434,137.8552646548263,B,O2 conc.B [nmol/mL],dataset_III,
896.1132075471698,137.4608854084042,B,O2 conc.B [nmol/mL],dataset_III,
896.6037735849056,137.2826905346577,B,O2 conc.B [nmol/mL],dataset_III,
897.0943396226415,138.0934295375503,B,O2 conc.B [nmol/mL],dataset_III,
897.5849056603773,137.1028323972983,B,O2 conc.B [nmol/mL],dataset_III,
898.0754716981132,137.4115142223344,B,O2 conc.B [nmol/mL],dataset_III,
898.566037735849,137.0914388745628,B,O2 conc.B [nmol/mL],dataset_III,
899.0566037735849,136.7293209001176,B,O2 conc.B [nmol/mL],dataset_III,
899.5471698113207,138.0721184676278,B,O2 conc.B [nmol/mL],dataset_III,
900.0377358490566,136.7217272143548,B,O2 conc.B [nmol/mL],dataset_III,
900.5283018867924,137.6197092236389,B,O2 conc.B [nmol/mL],dataset_III,
901.0188679245283,137.0163042978257,B,O2 conc.B [nmol/mL],dataset_III,
901.5094339622642,137.0114740917415,B,O2 conc.B [nmol/mL],dataset_III,
902.0,137.2369465390603,B,O2 conc.B [nmol/mL],dataset_III,
902.4905660377358,137.2354591758423,B,O2 conc.B [nmol/mL],dataset_III,
902.9811320754717,137.2044205039988,B,O2 conc.B [nmol/mL],dataset_III,
903.4716981132076,136.996610584265,B,O2 conc.B [nmol/mL],dataset_III,
903.9622641509434,137.422754256723,B,O2 conc.B [nmol/mL],dataset_III,
904.4528301886793,136.7516327675342,B,O2 conc.B [nmol/mL],dataset_III,
904.9433962264151,137.617165384278,B,O2 conc.B [nmol/mL],dataset_III,
905.433962264151,137.1808161084139,B,O2 conc.B [nmol/mL],dataset_III,
905.9245283018868,137.3293636930075,B,O2 conc.B [nmol/mL],dataset_III,
906.4150943396227,137.7380110711009,B,O2 conc.B [nmol/mL],dataset_III,
906.9056603773585,137.2698717597031,B,O2 conc.B [nmol/mL],dataset_III,
907.3962264150944,137.3586150602356,B,O2 conc.B [nmol/mL],dataset_III,
907.8867924528302,137.6032728560072,B,O2 conc.B [nmol/mL],dataset_III,
908.377358490566,136.8357975982962,B,O2 conc.B [nmol/mL],dataset_III,
908.867924528302,137.3315250751691,B,O2 conc.B [nmol/mL],dataset_III,
909.3584905660377,136.9682055954856,B,O2 conc.B [nmol/mL],dataset_III,
909.8490566037735,136.3836893293189,B,O2 conc.B [nmol/mL],dataset_III,
910.3396226415094,137.4472897948509,B,O2 conc.B [nmol/mL],dataset_III,
910.8301886792453,137.1654847296299,B,O2 conc.B [nmol/mL],dataset_III,
911.3207547169811,136.7682800719843,B,O2 conc.B [nmol/mL],dataset_III,
911.8113207547169,136.934869291612,B,O2 conc.B [nmol/mL],dataset_III,
912.3018867924528,136.959589500173,B,O2 conc.B [nmol/mL],dataset_III,
912.7924528301887,137.2514352160188,B,O2 conc.B [nmol/mL],dataset_III,
913.2830188679245,137.0646465136018,B,O2 conc.B [nmol/mL],dataset_III,
913.7735849056604,137.1923717572615,B,O2 conc.B [nmol/mL],dataset_III,
914.2641509433962,137.1787427247685,B,O2 conc.B [nmol/mL],dataset_III,
914.7547169811321,137.8528880053799,B,O2 conc.B [nmol/mL],dataset_III,
915.2452830188679,137.146597549027,B,O2 conc.B [nmol/mL],dataset_III,
915.7358490566038,137.4275783151662,B,O2 conc.B [nmol/mL],dataset_III,
916.2264150943396,136.3643029985747,B,O2 conc.B [nmol/mL],dataset_III,
916.7169811320755,136.8328983547034,B,O2 conc.B [nmol/mL],dataset_III,
917.2075471698113,137.3920681126349,B,O2 conc.B [nmol/mL],dataset_III,
917.6981132075472,137.1699020067132,B,O2 conc.B [nmol/mL],dataset_III,
918.1886792452831,136.8511987225064,B,O2 conc.B [nmol/mL],dataset_III,
918.6792452830189,137.5028776093635,B,O2 conc.B [nmol/mL],dataset_III,
919.1698113207547,138.1648588483824,B,O2 conc.B [nmol/mL],dataset_III,
919.6603773584906,137.0026814823792,B,O2 conc.B [nmol/mL],dataset_III,
920.1509433962265,137.3245050961255,B,O2 conc.B [nmol/mL],dataset_III,
920.6415094339623,137.0349910845667,B,O2 conc.B [nmol/mL],dataset_III,
921.132075471698,136.792811175117,B,O2 conc.B [nmol/mL],dataset_III,
921.622641509434,137.2221807099875,B,O2 conc.B [nmol/mL],dataset_III,
922.1132075471698,136.9114766211229,B,O2 conc.B [nmol/mL],dataset_III,
922.6037735849056,137.9208024380011,B,O2 conc.B [nmol/mL],dataset_III,
923.0943396226415,137.0326226958256,B,O2 conc.B [nmol/mL],dataset_III,
923.5849056603773,137.601723137426,B,O2 conc.B [nmol/mL],dataset_III,
924.0754716981132,137.7894364119216,B,O2 conc.B [nmol/mL],dataset_III,
924.566037735849,136.9374412175391,B,O2 conc.B [nmol/mL],dataset_III,
925.0566037735849,137.153595923329,B,O2 conc.B [nmol/mL],dataset_III,
925.5471698113207,137.2755221646333,B,O2 conc.B [nmol/mL],dataset_III,
926.0377358490566,137.1808049386948,B,O2 conc.B [nmol/mL],dataset_III,
926.5283018867924,137.3060118406984,B,O2 conc.B [nmol/mL],dataset_III,
927.0188679245283,137.1437606960008,B,O2 conc.B [nmol/mL],dataset_III,
927.5094339622642,137.0682153676192,B,O2 conc.B [nmol/mL],dataset_III,
928.0,137.022496587221,B,O2 conc.B [nmol/mL],dataset_III,
928.4905660377358,137.5520577223499,B,O2 conc.B [nmol/mL],dataset_III,
928.9811320754717,137.5624171345754,B,O2 conc.B [nmol/mL],dataset_III,
929.4716981132076,137.2810416509468,B,O2 conc.B [nmol/mL],dataset_III,
929.9622641509434,137.4281421056602,B,O2 conc.B [nmol/mL],dataset_III,
930.4528301886793,137.1081046077746,B,O2 conc.B [nmol/mL],dataset_III,
930.9433962264151,137.5396603109835,B,O2 conc.B [nmol/mL],dataset_III,
931.433962264151,136.8235244937015,B,O2 conc.B [nmol/mL],dataset_III,
931.9245283018868,137.3593514947947,B,O2 conc.B [nmol/mL],dataset_III,
932.4150943396227,137.5014876595754,B,O2 conc.B [nmol/mL],dataset_III,
932.9056603773585,137.0057087139456,B,O2 conc.B [nmol/mL],dataset_III,
933.3962264150944,137.0619786166093,B,O2 conc.B [nmol/mL],dataset_III,
933.8867924528302,137.3973391775586,B,O2 conc.B [nmol/mL],dataset_III,
934.377358490566,136.5814146222561,B,O2 conc.B [nmol/mL],dataset_III,
934.867924528302,137.3631496336443,B,O2 conc.B [nmol/mL],dataset_III,
935.3584905660377,136.5932107685401,B,O2 conc.B [nmol/mL],dataset_III,
935.8490566037735,136.9455851054428,B,O2 conc.B [nmol/mL],dataset_III,
936.3396226415094,137.0173981579724,B,O2 conc.B [nmol/mL],dataset_III,
936.8301886792453,137.2989841693392,B,O2 conc.B [nmol/mL],dataset_III,
937.3207547169811,137.3193190224554,B,O2 conc.B [nmol/mL],dataset_III,
937.8113207547169,137.1792606848975,B,O2 conc.B [nmol/mL],dataset_III,
938.3018867924528,137.1916448356692,B,O2 conc.B [nmol/mL],dataset_III,
938.7924528301887,136.8314330331634,B,O2 conc.B [nmol/mL],dataset_III,
939.2830188679245,137.3979627681585,B,O2 conc.B [nmol/mL],dataset_III,
939.7735849056604,137.3091896531501,B,O2 conc.B [nmol/mL],dataset_III,
940.2641509433962,137.1001787906785,B,O2 conc.B [nmol/mL],dataset_III,
940.7547169811321,137.238364244012,B,O2 conc.B [nmol/mL],dataset_III,
941.2452830188679,136.9896468339488,B,O2 conc.B [nmol/mL],dataset_III,
941.7358490566038,137.0753280698219,B,O2 conc.B [nmol/mL],dataset_III,
942.2264150943396,137.0975713629528,B,O2 conc.B [nmol/mL],dataset_III,
942.7169811320755,136.7002214051325,B,O2 conc.B [nmol/mL],dataset_III,
943.2075471698113,136.3238536369399,B,O2 conc.B [nmol/mL],dataset_III,
943.6981132075472,137.3009788508114,B,O2 conc.B [nmol/mL],dataset_III,
944.1886792452831,137.0126720711623,B,O2 conc.B [nmol/mL],dataset_III,
944.6792452830189,137.4439630779828,B,O2 conc.B [nmol/mL],dataset_III,
945.1698113207547,137.5174592225236,B,O2 conc.B [nmol/mL],dataset_III,
945.6603773584906,137.7103741296751,B,O2 conc.B [nmol/mL],dataset_III,
946.1509433962265,136.8675103908027,B,O2 conc.B [nmol/mL],dataset_III,
946.6415094339623,137.0174189480134,B,O2 conc.B [nmol/mL],dataset_III,
947.132075471698,136.7314043149358,B,O2 conc.B [nmol/mL],dataset_III,
947.622641509434,137.2104404440398,B,O2 conc.B [nmol/mL],dataset_III,
948.1132075471698,136.9234119299115,B,O2 conc.B [nmol/mL],dataset_III,
948.6037735849056,137.5474995670463,B,O2 conc.B [nmol/mL],dataset_III,
949.0943396226415,137.6605128990231,B,O2 conc.B [nmol/mL],dataset_III,
949.5849056603773,137.1806955963061,B,O2 conc.B [nmol/mL],dataset_III,
950.0754716981132,137.0539617385854,B,O2 conc.B [nmol/mL],dataset_III,
950.566037735849,137.8279478259421,B,O2 conc.B [nmol/mL],dataset_III,
951.0566037735849,137.4036520056939,B,O2 conc.B [nmol/mL],dataset_III,
951.5471698113207,137.1274136621358,B,O2 conc.B [nmol/mL],dataset_III,
952.0377358490566,136.843941914678,B,O2 conc.B [nmol/mL],dataset_III,
952.5283018867924,137.0833547777677,B,O2 conc.B [nmol/mL],dataset_III,
953.0188679245283,138.0284202855997,B,O2 conc.B [nmol/mL],dataset_III,
953.5094339622642,137.0611607208327,B,O2 conc.B [nmol/mL],dataset_III,
954.0,137.235885359445,B,O2 conc.B [nmol/mL],dataset_III,end
