time_s,oxygen_nmol_ml,chamber,source_column,dataset,event
210.0,165.2143870147397,B,O2 conc.B [nmol/mL],dataset_II,start
211.3432835820896,164.9905570574064,B,O2 conc.B [nmol/mL],dataset_II,
212.6865671641791,164.8952773944326,B,O2 conc.B [nmol/mL],dataset_II,
214.0298507462687,164.6831035218498,B,O2 conc.B [nmol/mL],dataset_II,
215.3731343283582,164.625723811233,B,O2 conc.B [nmol/mL],dataset_II,
216.7164179104478,164.91180631755,B,O2 conc.B [nmol/mL],dataset_II,
218.0597014925373,164.7206998763665,B,O2 conc.B [nmol/mL],dataset_II,
219.4029850746269,165.3854702235024,B,O2 conc.B [nmol/mL],dataset_II,
220.7462686567164,164.6459113639927,B,O2 conc.B [nmol/mL],dataset_II,
222.089552238806,164.3650829863618,B,O2 conc.B [nmol/mL],dataset_II,
223.4328358208955,164.6551444180861,B,O2 conc.B [nmol/mL],dataset_II,
224.7761194029851,165.0132195984006,B,O2 conc.B [nmol/mL],dataset_II,
226.1194029850746,164.2904594352601,B,O2 conc.B [nmol/mL],dataset_II,
227.4626865671642,164.7988727297765,B,O2 conc.B [nmol/mL],dataset_II,
228.8059701492537,164.298672897438,B,O2 conc.B [nmol/mL],dataset_II,
230.1492537313433,164.4005038826637,B,O2 conc.B [nmol/mL],dataset_II,
231.4925373134328,164.785228483682,B,O2 conc.B [nmol/mL],dataset_II,
232.8358208955224,164.6752651912325,B,O2 conc.B [nmol/mL],dataset_II,
234.1791044776119,164.4034765057632,B,O2 conc.B [nmol/mL],dataset_II,
235.5223880597015,165.1242885580069,B,O2 conc.B [nmol/mL],dataset_II,
236.865671641791,164.625413317294,B,O2 conc.B [nmol/mL],dataset_II,
238.2089552238806,164.5996168326377,B,O2 conc.B [nmol/mL],dataset_II,
239.5522388059701,164.3560526326035,B,O2 conc.B [nmol/mL],dataset_II,
240.8955223880597,164.3954573563296,B,O2 conc.B [nmol/mL],dataset_II,
242.2388059701493,164.0536744417419,B,O2 conc.B [nmol/mL],dataset_II,
243.5820895522388,163.708196004423,B,O2 conc.B [nmol/mL],dataset_II,
244.9253731343284,163.113872182552,B,O2 conc.B [nmol/mL],dataset_II,
246.2686567164179,162.8488367119285,B,O2 conc.B [nmol/mL],dataset_II,
247.6119402985075,163.0872556036392,B,O2 conc.B [nmol/mL],dataset_II,
248.955223880597,163.7377359262118,B,O2 conc.B [nmol/mL],dataset_II,
250.2985074626866,163.075213530174,B,O2 conc.B [nmol/mL],dataset_II,
251.6417910447761,162.5731800128335,B,O2 conc.B [nmol/mL],dataset_II,
252.9850746268657,162.5209087610351,B,O2 conc.B [nmol/mL],dataset_II,
254.3283582089552,163.1349678104669,B,O2 conc.B [nmol/mL],dataset_II,
255.6716417910448,162.7869405429612,B,O2 conc.B [nmol/mL],dataset_II,
257.0149253731344,162.3807875939647,B,O2 conc.B [nmol/mL],dataset_II,
258.3582089552239,162.1341003711176,B,O2 conc.B [nmol/mL],dataset_II,
259.7014925373134,161.8922120183477,B,O2 conc.B [nmol/mL],dataset_II,
261.044776119403,161.71528145057,B,O2 conc.B [nmol/mL],dataset_II,
262.3880597014925,161.8913944263771,B,O2 conc.B [nmol/mL],dataset_II,
263.7313432835821,161.2593571323607,B,O2 conc.B [nmol/mL],dataset_II,
265.0746268656716,161.3600986794934,B,O2 conc.B [nmol/mL],dataset_II,
266.4179104477612,161.8380363168739,B,O2 conc.B [nmol/mL],dataset_II,
267.7611940298507,160.8851804228318,B,O2 conc.B [nmol/mL],dataset_II,
269.1044776119403,161.0615792105802,B,O2 conc.B [nmol/mL],dataset_II,
270.4477611940299,160.3489473627553,B,O2 conc.B [nmol/mL],dataset_II,
271.7910447761194,160.5877103016128,B,O2 conc.B [nmol/mL],dataset_II,
273.134328358209,160.5777339224886,B,O2 conc.B [nmol/mL],dataset_II,
274.4776119402985,160.783921397737,B,O2 conc.B [nmol/mL],dataset_II,
275.8208955223881,160.1243544674695,B,O2 conc.B [nmol/mL],dataset_II,
277.1641791044776,160.0505830554533,B,O2 conc.B [nmol/mL],dataset_II,
278.5074626865672,159.267171526132,B,O2 conc.B [nmol/mL],dataset_II,
279.8507462686567,159.7459740839871,B,O2 conc.B [nmol/mL],dataset_II,
281.1940298507463,160.0173191372015,B,O2 conc.B [nmol/mL],dataset_II,
282.5373134328358,158.9643605813162,B,O2 conc.B [nmol/mL],dataset_II,
283.8805970149254,159.1430389752628,B,O2 conc.B [nmol/mL],dataset_II,
285.223880597015,159.2234313523449,B,O2 conc.B [nmol/mL],dataset_II,
286.5671641791045,158.9288693586209,B,O2 conc.B [nmol/mL],dataset_II,
287.9104477611941,157.8080586546234,B,O2 conc.B [nmol/mL],dataset_II,
289.2537313432836,158.6390791236972,B,O2 conc.B [nmol/mL],dataset_II,
290.5970149253732,157.7842294482544,B,O2 conc.B [nmol/mL],dataset_II,
291.9402985074627,157.6003748138217,B,O2 conc.B [nmol/mL],dataset_II,
293.2835820895522,158.5376278837213,B,O2 conc.B [nmol/mL],dataset_II,
294.6268656716418,157.5523540640111,B,O2 conc.B [nmol/mL],dataset_II,
295.9701492537313,157.896212915469,B,O2 conc.B [nmol/mL],dataset_II,
297.3134328358209,157.0153120400674,B,O2 conc.B [nmol/mL],dataset_II,
298.6567164179104,157.3152198429149,B,O2 conc.B [nmol/mL],dataset_II,
300.0,157.4269355419031,B,O2 conc.B [nmol/mL],dataset_II,oligomycin
300.5247813411079,157.4987481188908,B,O2 conc.B [nmol/mL],dataset_II,
301.0495626822158,156.5597649847609,B,O2 conc.B [nmol/mL],dataset_II,
301.5743440233236,157.1484535462567,B,O2 conc.B [nmol/mL],dataset_II,
302.0991253644315,157.1977223325343,B,O2 conc.B [nmol/mL],dataset_II,
302.6239067055394,156.9602548692401,B,O2 conc.B [nmol/mL],dataset_II,
303.1486880466472,156.790268909226,B,O2 conc.B [nmol/mL],dataset_II,
303.6734693877551,157.3030953038332,B,O2 conc.B [nmol/mL],dataset_II,
304.1982507288629,156.4917993892284,B,O2 conc.B [nmol/mL],dataset_II,
304.7230320699708,156.8009199381184,B,O2 conc.B [nmol/mL],dataset_II,
305.2478134110787,157.187592340196,B,O2 conc.B [nmol/mL],dataset_II,
305.7725947521866,156.8028295234801,B,O2 conc.B [nmol/mL],dataset_II,
306.2973760932945,157.4106728834199,B,O2 conc.B [nmol/mL],dataset_II,
306.8221574344024,156.6980439768502,B,O2 conc.B [nmol/mL],dataset_II,
307.3469387755102,156.7622573251232,B,O2 conc.B [nmol/mL],dataset_II,
307.8717201166181,156.6981213294337,B,O2 conc.B [nmol/mL],dataset_II,
308.3965014577259,156.4724642312316,B,O2 conc.B [nmol/mL],dataset_II,
308.9212827988338,156.7214461915356,B,O2 conc.B [nmol/mL],dataset_II,
309.4460641399417,156.8481036982684,B,O2 conc.B [nmol/mL],dataset_II,
309.9708454810495,157.0941293830798,B,O2 conc.B [nmol/mL],dataset_II,
310.4956268221574,157.4481463466046,B,O2 conc.B [nmol/mL],dataset_II,
311.0204081632653,156.4815560411732,B,O2 conc.B [nmol/mL],dataset_II,
311.5451895043732,157.1995591331031,B,O2 conc.B [nmol/mL],dataset_II,
312.0699708454811,156.3795096510184,B,O2 conc.B [nmol/mL],dataset_II,
312.5947521865889,156.4568269046074,B,O2 conc.B [nmol/mL],dataset_II,
313.1195335276968,156.4974774051092,B,O2 conc.B [nmol/mL],dataset_II,
313.6443148688047,156.1783414196643,B,O2 conc.B [nmol/mL],dataset_II,
314.1690962099125,156.1007690679856,B,O2 conc.B [nmol/mL],dataset_II,
314.6938775510204,156.5505728238444,B,O2 conc.B [nmol/mL],dataset_II,
315.2186588921283,156.4467773152678,B,O2 conc.B [nmol/mL],dataset_II,
315.7434402332361,156.4491352399411,B,O2 conc.B [nmol/mL],dataset_II,
316.268221574344,156.0435386520431,B,O2 conc.B [nmol/mL],dataset_II,
316.7930029154519,156.2923497864868,B,O2 conc.B [nmol/mL],dataset_II,
317.3177842565598,156.7476556175561,B,O2 conc.B [nmol/mL],dataset_II,
317.8425655976677,156.6439137715289,B,O2 conc.B [nmol/mL],dataset_II,
318.3673469387755,156.8366150005827,B,O2 conc.B [nmol/mL],dataset_II,
318.8921282798834,156.5331121586522,B,O2 conc.B [nmol/mL],dataset_II,
319.4169096209912,156.5650710980377,B,O2 conc.B [nmol/mL],dataset_II,
319.9416909620991,155.6406646356115,B,O2 conc.B [nmol/mL],dataset_II,
320.466472303207,156.1457100949391,B,O2 conc.B [nmol/mL],dataset_II,
320.9912536443148,156.1682975315022,B,O2 conc.B [nmol/mL],dataset_II,
321.5160349854227,155.6718075463876,B,O2 conc.B [nmol/mL],dataset_II,
322.0408163265306,156.483400580986,B,O2 conc.B [nmol/mL],dataset_II,
322.5655976676385,156.1666857765184,B,O2 conc.B [nmol/mL],dataset_II,
323.0903790087464,156.0765116797396,B,O2 conc.B [nmol/mL],dataset_II,
323.6151603498542,155.7791789144844,B,O2 conc.B [nmol/mL],dataset_II,
324.1399416909621,156.2727354037866,B,O2 conc.B [nmol/mL],dataset_II,
324.66472303207,156.6434394846706,B,O2 conc.B [nmol/mL],dataset_II,
325.1895043731778,155.8806209923522,B,O2 conc.B [nmol/mL],dataset_II,
325.7142857142857,156.765005767621,B,O2 conc.B [nmol/mL],dataset_II,
326.2390670553936,156.6476335233811,B,O2 conc.B [nmol/mL],dataset_II,
326.7638483965014,155.7065676855577,B,O2 conc.B [nmol/mL],dataset_II,
327.2886297376093,156.1957930453523,B,O2 conc.B [nmol/mL],dataset_II,
327.8134110787172,155.8810904809546,B,O2 conc.B [nmol/mL],dataset_II,
328.3381924198251,155.959877304861,B,O2 conc.B [nmol/mL],dataset_II,
328.862973760933,155.8354675569237,B,O2 conc.B [nmol/mL],dataset_II,
329.3877551020408,155.5513467734928,B,O2 conc.B [nmol/mL],dataset_II,
329.9125364431487,155.4733484812778,B,O2 conc.B [nmol/mL],dataset_II,
330.4373177842565,155.9077444169381,B,O2 conc.B [nmol/mL],dataset_II,
330.9620991253644,155.8970518541287,B,O2 conc.B [nmol/mL],dataset_II,
331.4868804664723,155.9011889459019,B,O2 conc.B [nmol/mL],dataset_II,
332.0116618075801,155.6173433881038,B,O2 conc.B [nmol/mL],dataset_II,
332.536443148688,155.2436609687393,B,O2 conc.B [nmol/mL],dataset_II,
333.0612244897959,155.4470873526335,B,O2 conc.B [nmol/mL],dataset_II,
333.5860058309038,155.8347606083788,B,O2 conc.B [nmol/mL],dataset_II,
334.1107871720117,155.6690976583418,B,O2 conc.B [nmol/mL],dataset_II,
334.6355685131196,155.9446553798258,B,O2 conc.B [nmol/mL],dataset_II,
335.1603498542274,155.3180430380947,B,O2 conc.B [nmol/mL],dataset_II,
335.6851311953353,156.0655056673518,B,O2 conc.B [nmol/mL],dataset_II,
336.2099125364431,155.8639078325173,B,O2 conc.B [nmol/mL],dataset_II,
336.734693877551,155.9812534294248,B,O2 conc.B [nmol/mL],dataset_II,
337.2594752186589,155.3088424831206,B,O2 conc.B [nmol/mL],dataset_II,
337.7842565597667,156.0399733631936,B,O2 conc.B [nmol/mL],dataset_II,
338.3090379008746,155.6296019954679,B,O2 conc.B [nmol/mL],dataset_II,
338.8338192419825,155.4015307488208,B,O2 conc.B [nmol/mL],dataset_II,
339.3586005830904,155.9093792181048,B,O2 conc.B [nmol/mL],dataset_II,
339.8833819241983,155.787891900417,B,O2 conc.B [nmol/mL],dataset_II,
340.4081632653061,155.6664607378427,B,O2 conc.B [nmol/mL],dataset_II,
340.932944606414,155.4262494680375,B,O2 conc.B [nmol/mL],dataset_II,
341.4577259475219,155.0548183503691,B,O2 conc.B [nmol/mL],dataset_II,
341.9825072886297,155.3845110635713,B,O2 conc.B [nmol/mL],dataset_II,
342.5072886297376,155.2595127087201,B,O2 conc.B [nmol/mL],dataset_II,
343.0320699708455,155.8431174935993,B,O2 conc.B [nmol/mL],dataset_II,
343.5568513119533,155.3552307054696,B,O2 conc.B [nmol/mL],dataset_II,
344.0816326530612,155.6856963238663,B,O2 conc.B [nmol/mL],dataset_II,
344.6064139941691,155.4513627536827,B,O2 conc.B [nmol/mL],dataset_II,
345.131195335277,155.2250528046368,B,O2 conc.B [nmol/mL],dataset_II,
345.6559766763849,155.0068821651887,B,O2 conc.B [nmol/mL],dataset_II,
346.1807580174927,154.7088103472235,B,O2 conc.B [nmol/mL],dataset_II,
346.7055393586006,155.366608876464,B,O2 conc.B [nmol/mL],dataset_II,
347.2303206997084,154.9499884645669,B,O2 conc.B [nmol/mL],dataset_II,
347.7551020408163,154.777227718065,B,O2 conc.B [nmol/mL],dataset_II,
348.2798833819242,154.8629291659568,B,O2 conc.B [nmol/mL],dataset_II,
348.804664723032,155.3403154390098,B,O2 conc.B [nmol/mL],dataset_II,
349.3294460641399,155.2809801297681,B,O2 conc.B [nmol/mL],dataset_II,
349.8542274052478,154.7083842183539,B,O2 conc.B [nmol/mL],dataset_II,
350.3790087463557,155.0974456862717,B,O2 conc.B [nmol/mL],dataset_II,
350.9037900874636,155.5044259462834,B,O2 conc.B [nmol/mL],dataset_II,
351.4285714285714,154.9434713361695,B,O2 conc.B [nmol/mL],dataset_II,
351.9533527696793,155.296354053551,B,O2 conc.B [nmol/mL],dataset_II,
352.4781341107872,154.9868578057799,B,O2 conc.B [nmol/mL],dataset_II,
353.002915451895,155.3082636146366,B,O2 conc.B [nmol/mL],dataset_II,
353.5276967930029,155.14131925618,B,O2 conc.B [nmol/mL],dataset_II,
354.0524781341108,155.50296793175,B,O2 conc.B [nmol/mL],dataset_II,
354.5772594752186,154.8895948886506,B,O2 conc.B [nmol/mL],dataset_II,
355.1020408163265,155.737286135995,B,O2 conc.B [nmol/mL],dataset_II,
355.6268221574344,155.4799515014657,B,O2 conc.B [nmol/mL],dataset_II,
356.1516034985423,154.8470597038585,B,O2 conc.B [nmol/mL],dataset_II,
356.6763848396502,155.048254540792,B,O2 conc.B [nmol/mL],dataset_II,
357.201166180758,154.5420032686014,B,O2 conc.B [nmol/mL],dataset_II,
357.7259475218659,154.746505986658,B,O2 conc.B [nmol/mL],dataset_II,
358.2507288629737,154.7349814700956,B,O2 conc.B [nmol/mL],dataset_II,
358.7755102040816,154.860213460059,B,O2 conc.B [nmol/mL],dataset_II,
359.3002915451895,154.7106899050146,B,O2 conc.B [nmol/mL],dataset_II,
359.8250728862974,154.4253663517422,B,O2 conc.B [nmol/mL],dataset_II,
360.3498542274052,155.1241100404168,B,O2 conc.B [nmol/mL],dataset_II,
360.8746355685131,154.4797999866058,B,O2 conc.B [nmol/mL],dataset_II,
361.399416909621,154.5808188247237,B,O2 conc.B [nmol/mL],dataset_II,
361.9241982507289,155.1605793903695,B,O2 conc.B [nmol/mL],dataset_II,
362.4489795918367,154.3891119730335,B,O2 conc.B [nmol/mL],dataset_II,
362.9737609329446,154.9474487039899,B,O2 conc.B [nmol/mL],dataset_II,
363.4985422740525,154.6546276812659,B,O2 conc.B [nmol/mL],dataset_II,
364.0233236151603,154.4242204918557,B,O2 conc.B [nmol/mL],dataset_II,
364.5481049562682,153.8604798906316,B,O2 conc.B [nmol/mL],dataset_II,
365.0728862973761,154.4428744991988,B,O2 conc.B [nmol/mL],dataset_II,
365.5976676384839,154.9241750911546,B,O2 conc.B [nmol/mL],dataset_II,
366.1224489795918,154.560474240256,B,O2 conc.B [nmol/mL],dataset_II,
366.6472303206997,154.5918416359498,B,O2 conc.B [nmol/mL],dataset_II,
367.1720116618076,154.5542166969632,B,O2 conc.B [nmol/mL],dataset_II,
367.6967930029155,154.5736176166517,B,O2 conc.B [nmol/mL],dataset_II,
368.2215743440233,154.2949921021302,B,O2 conc.B [nmol/mL],dataset_II,
368.7463556851312,154.6070804468866,B,O2 conc.B [nmol/mL],dataset_II,
369.271137026239,154.4513688081234,B,O2 conc.B [nmol/mL],dataset_II,
369.7959183673469,153.8914642292973,B,O2 conc.B [nmol/mL],dataset_II,
370.3206997084548,154.4779205860321,B,O2 conc.B [nmol/mL],dataset_II,
370.8454810495627,154.0020290989803,B,O2 conc.B [nmol/mL],dataset_II,
371.3702623906705,154.3760089908452,B,O2 conc.B [nmol/mL],dataset_II,
371.8950437317784,154.5641849057064,B,O2 conc.B [nmol/mL],dataset_II,
372.4198250728863,154.2196992417396,B,O2 conc.B [nmol/mL],dataset_II,
372.9446064139942,154.7947340439897,B,O2 conc.B [nmol/mL],dataset_II,
373.469387755102,153.8576289979555,B,O2 conc.B [nmol/mL],dataset_II,
373.9941690962099,153.5238087821255,B,O2 conc.B [nmol/mL],dataset_II,
374.5189504373178,154.7434101886118,B,O2 conc.B [nmol/mL],dataset_II,
375.0437317784256,154.1556788217282,B,O2 conc.B [nmol/mL],dataset_II,
375.5685131195335,154.479243381177,B,O2 conc.B [nmol/mL],dataset_II,
376.0932944606414,154.1799628997925,B,O2 conc.B [nmol/mL],dataset_II,
376.6180758017492,153.8232849075428,B,O2 conc.B [nmol/mL],dataset_II,
377.1428571428571,154.2457726290154,B,O2 conc.B [nmol/mL],dataset_II,
377.667638483965,154.1317699313156,B,O2 conc.B [nmol/mL],dataset_II,
378.1924198250729,154.1605524215245,B,O2 conc.B [nmol/mL],dataset_II,
378.7172011661808,153.9070961147848,B,O2 conc.B [nmol/mL],dataset_II,
379.2419825072886,153.7903288117924,B,O2 conc.B [nmol/mL],dataset_II,
379.7667638483965,154.698218954758,B,O2 conc.B [nmol/mL],dataset_II,
380.2915451895043,153.7509005388878,B,O2 conc.B [nmol/mL],dataset_II,
380.8163265306122,153.5330854929478,B,O2 conc.B [nmol/mL],dataset_II,
381.3411078717201,153.5994772866215,B,O2 conc.B [nmol/mL],dataset_II,
381.865889212828,153.976023230727,B,O2 conc.B [nmol/mL],dataset_II,
382.3906705539358,153.7148673126259,B,O2 conc.B [nmol/mL],dataset_II,
382.9154518950437,154.1145104346178,B,O2 conc.B [nmol/mL],dataset_II,
383.4402332361516,154.2358106054453,B,O2 conc.B [nmol/mL],dataset_II,
383.9650145772595,153.5921794835986,B,O2 conc.B [nmol/mL],dataset_II,
384.4897959183673,153.8281853512952,B,O2 conc.B [nmol/mL],dataset_II,
385.0145772594752,153.6287578876239,B,O2 conc.B [nmol/mL],dataset_II,
385.5393586005831,153.205757328273,B,O2 conc.B [nmol/mL],dataset_II,
386.0641399416909,153.8803460774903,B,O2 conc.B [nmol/mL],dataset_II,
386.5889212827988,153.5339288630763,B,O2 conc.B [nmol/mL],dataset_II,
387.1137026239067,154.2766137222126,B,O2 conc.B [nmol/mL],dataset_II,
387.6384839650146,152.8809712179104,B,O2 conc.B [nmol/mL],dataset_II,
388.1632653061224,153.2063409164434,B,O2 conc.B [nmol/mL],dataset_II,
388.6880466472303,153.3721804229374,B,O2 conc.B [nmol/mL],dataset_II,
389.2128279883382,152.7899631585726,B,O2 conc.B [nmol/mL],dataset_II,
389.7376093294461,152.4090593229533,B,O2 conc.B [nmol/mL],dataset_II,
390.2623906705539,153.4268984537015,B,O2 conc.B [nmol/mL],dataset_II,
390.7871720116618,153.458933343822,B,O2 conc.B [nmol/mL],dataset_II,
391.3119533527697,153.3746969746082,B,O2 conc.B [nmol/mL],dataset_II,
391.8367346938775,153.615631049596,B,O2 conc.B [nmol/mL],dataset_II,
392.3615160349854,153.7464788168301,B,O2 conc.B [nmol/mL],dataset_II,
392.8862973760933,153.7595614615094,B,O2 conc.B [nmol/mL],dataset_II,
393.4110787172011,153.3322145487551,B,O2 conc.B [nmol/mL],dataset_II,
393.935860058309,153.1521174998294,B,O2 conc.B [nmol/mL],dataset_II,
394.4606413994169,153.6141578194089,B,O2 conc.B [nmol/mL],dataset_II,
394.9854227405248,153.6124440457761,B,O2 conc.B [nmol/mL],dataset_II,
395.5102040816327,152.8520544967907,B,O2 conc.B [nmol/mL],dataset_II,
396.0349854227405,153.4180209764602,B,O2 conc.B [nmol/mL],dataset_II,
396.5597667638484,153.0557388947045,B,O2 conc.B [nmol/mL],dataset_II,
397.0845481049562,153.467819119703,B,O2 conc.B [nmol/mL],dataset_II,
397.6093294460641,153.1900012190883,B,O2 conc.B [nmol/mL],dataset_II,
398.134110787172,153.3970307346875,B,O2 conc.B [nmol/mL],dataset_II,
398.6588921282799,153.1202709939986,B,O2 conc.B [nmol/mL],dataset_II,
399.1836734693877,152.8721869023606,B,O2 conc.B [nmol/mL],dataset_II,
399.7084548104956,153.2595080421094,B,O2 conc.B [nmol/mL],dataset_II,
400.2332361516035,152.8020515875571,B,O2 conc.B [nmol/mL],dataset_II,
400.7580174927114,153.5372943814639,B,O2 conc.B [nmol/mL],dataset_II,
401.2827988338192,152.9334863288733,B,O2 conc.B [nmol/mL],dataset_II,
401.8075801749271,152.9933104992458,B,O2 conc.B [nmol/mL],dataset_II,
402.332361516035,152.4754167164467,B,O2 conc.B [nmol/mL],dataset_II,
402.8571428571428,153.1991770595178,B,O2 conc.B [nmol/mL],dataset_II,
403.3819241982507,152.9081788001816,B,O2 conc.B [nmol/mL],dataset_II,
403.9067055393586,153.0479904418385,B,O2 conc.B [nmol/mL],dataset_II,
404.4314868804665,152.4539007109768,B,O2 conc.B [nmol/mL],dataset_II,
404.9562682215743,152.899976648804,B,O2 conc.B [nmol/mL],dataset_II,
405.4810495626822,152.6350654637318,B,O2 conc.B [nmol/mL],dataset_II,
406.0058309037901,152.5174326176437,B,O2 conc.B [nmol/mL],dataset_II,
406.530612244898,153.0788631100465,B,O2 conc.B [nmol/mL],dataset_II,
407.0553935860058,153.4036042746095,B,O2 conc.B [nmol/mL],dataset_II,
407.5801749271137,152.4367972651403,B,O2 conc.B [nmol/mL],dataset_II,
408.1049562682216,152.7641236960875,B,O2 conc.B [nmol/mL],dataset_II,
408.6297376093294,152.5584112054029,B,O2 conc.B [nmol/mL],dataset_II,
409.1545189504373,153.0495276741305,B,O2 conc.B [nmol/mL],dataset_II,
409.6793002915452,152.6102481187663,B,O2 conc.B [nmol/mL],dataset_II,
410.204081632653,152.878705367258,B,O2 conc.B [nmol/mL],dataset_II,
410.7288629737609,152.0773286208655,B,O2 conc.B [nmol/mL],dataset_II,
411.2536443148688,153.3069369185887,B,O2 conc.B [nmol/mL],dataset_II,
411.7784256559767,152.9391577182257,B,O2 conc.B [nmol/mL],dataset_II,
412.3032069970845,152.3009623126466,B,O2 conc.B [nmol/mL],dataset_II,
412.8279883381924,152.9996212696903,B,O2 conc.B [nmol/mL],dataset_II,
413.3527696793003,152.1296709218852,B,O2 conc.B [nmol/mL],dataset_II,
413.8775510204081,151.6129775780037,B,O2 conc.B [nmol/mL],dataset_II,
414.402332361516,152.7365835875526,B,O2 conc.B [nmol/mL],dataset_II,
414.9271137026239,152.3151894384292,B,O2 conc.B [nmol/mL],dataset_II,
415.4518950437318,152.5885383104124,B,O2 conc.B [nmol/mL],dataset_II,
415.9766763848396,152.1955317188621,B,O2 conc.B [nmol/mL],dataset_II,
416.5014577259475,152.3144593403643,B,O2 conc.B [nmol/mL],dataset_II,
417.0262390670554,152.0751114069114,B,O2 conc.B [nmol/mL],dataset_II,
417.5510204081633,152.0810982975679,B,O2 conc.B [nmol/mL],dataset_II,
418.0758017492711,152.6535455070502,B,O2 conc.B [nmol/mL],dataset_II,
418.600583090379,153.0035519217812,B,O2 conc.B [nmol/mL],dataset_II,
419.1253644314869,152.3411414115905,B,O2 conc.B [nmol/mL],dataset_II,
419.6501457725947,152.4371682258953,B,O2 conc.B [nmol/mL],dataset_II,
420.1749271137026,151.8387650329249,B,O2 conc.B [nmol/mL],dataset_II,
420.6997084548105,152.6071974600149,B,O2 conc.B [nmol/mL],dataset_II,
421.2244897959184,151.9564556001917,B,O2 conc.B [nmol/mL],dataset_II,
421.7492711370262,152.7958818600073,B,O2 conc.B [nmol/mL],dataset_II,
422.2740524781341,152.4903412397591,B,O2 conc.B [nmol/mL],dataset_II,
422.798833819242,152.1008693094876,B,O2 conc.B [nmol/mL],dataset_II,
423.3236151603498,151.9967569662801,B,O2 conc.B [nmol/mL],dataset_II,
423.8483965014577,151.696517006803,B,O2 conc.B [nmol/mL],dataset_II,
424.3731778425656,152.4195153066599,B,O2 conc.B [nmol/mL],dataset_II,
424.8979591836735,151.8634119297471,B,O2 conc.B [nmol/mL],dataset_II,
425.4227405247813,152.0779080613467,B,O2 conc.B [nmol/mL],dataset_II,
425.9475218658892,152.2578358988929,B,O2 conc.B [nmol/mL],dataset_II,
426.4723032069971,152.241022013007,B,O2 conc.B [nmol/mL],dataset_II,
426.9970845481049,152.5622311675472,B,O2 conc.B [nmol/mL],dataset_II,
427.5218658892128,151.6589754803528,B,O2 conc.B [nmol/mL],dataset_II,
428.0466472303207,151.5476045595177,B,O2 conc.B [nmol/mL],dataset_II,
428.5714285714286,152.1062477956101,B,O2 conc.B [nmol/mL],dataset_II,
429.0962099125364,151.6207472893638,B,O2 conc.B [nmol/mL],dataset_II,
429.6209912536443,152.306398056824,B,O2 conc.B [nmol/mL],dataset_II,
430.1457725947522,152.0481243196332,B,O2 conc.B [nmol/mL],dataset_II,
430.6705539358601,151.2502452813672,B,O2 conc.B [nmol/mL],dataset_II,
431.1953352769679,151.8704419766599,B,O2 conc.B [nmol/mL],dataset_II,
431.7201166180758,151.5338736361387,B,O2 conc.B [nmol/mL],dataset_II,
432.2448979591837,151.7604032567846,B,O2 conc.B [nmol/mL],dataset_II,
432.7696793002915,151.93377343303,B,O2 conc.B [nmol/mL],dataset_II,
433.2944606413994,151.8634095774102,B,O2 conc.B [nmol/mL],dataset_II,
433.8192419825073,151.270610981135,B,O2 conc.B [nmol/mL],dataset_II,
434.3440233236151,151.5903484910718,B,O2 conc.B [nmol/mL],dataset_II,
434.868804664723,152.1958432412411,B,O2 conc.B [nmol/mL],dataset_II,
435.3935860058309,151.9150972172473,B,O2 conc.B [nmol/mL],dataset_II,
435.9183673469388,152.0752364552898,B,O2 conc.B [nmol/mL],dataset_II,
436.4431486880466,151.411965819351,B,O2 conc.B [nmol/mL],dataset_II,
436.9679300291545,151.7535992739304,B,O2 conc.B [nmol/mL],dataset_II,
437.4927113702624,151.7348038449023,B,O2 conc.B [nmol/mL],dataset_II,
438.0174927113702,151.4833544578695,B,O2 conc.B [nmol/mL],dataset_II,
438.5422740524781,151.208856983199,B,O2 conc.B [nmol/mL],dataset_II,
439.067055393586,151.6444484848541,B,O2 conc.B [nmol/mL],dataset_II,
439.5918367346939,151.4981778145122,B,O2 conc.B [nmol/mL],dataset_II,
440.1166180758017,151.6638141355004,B,O2 conc.B [nmol/mL],dataset_II,
440.6413994169096,151.5329358811957,B,O2 conc.B [nmol/mL],dataset_II,
441.1661807580175,151.964438963101,B,O2 conc.B [nmol/mL],dataset_II,
441.6909620991254,151.6410603347861,B,O2 conc.B [nmol/mL],dataset_II,
442.2157434402332,152.0974152425633,B,O2 conc.B [nmol/mL],dataset_II,
442.7405247813411,150.8636387865268,B,O2 conc.B [nmol/mL],dataset_II,
443.265306122449,151.2598006628707,B,O2 conc.B [nmol/mL],dataset_II,
443.7900874635568,151.4947187107381,B,O2 conc.B [nmol/mL],dataset_II,
444.3148688046647,152.658741693479,B,O2 conc.B [nmol/mL],dataset_II,
444.8396501457726,151.2638303362433,B,O2 conc.B [nmol/mL],dataset_II,
445.3644314868804,151.4317819794101,B,O2 conc.B [nmol/mL],dataset_II,
445.8892128279883,151.2131157180321,B,O2 conc.B [nmol/mL],dataset_II,
446.4139941690962,151.3963675345332,B,O2 conc.B [nmol/mL],dataset_II,
446.9387755102041,151.7084233290953,B,O2 conc.B [nmol/mL],dataset_II,
447.463556851312,152.0551160297476,B,O2 conc.B [nmol/mL],dataset_II,
447.9883381924198,151.497542061248,B,O2 conc.B [nmol/mL],dataset_II,
448.5131195335277,150.9225324539335,B,O2 conc.B [nmol/mL],dataset_II,
449.0379008746356,151.6156318496767,B,O2 conc.B [nmol/mL],dataset_II,
449.5626822157434,151.3148035656203,B,O2 conc.B [nmol/mL],dataset_II,
450.0874635568513,151.5948244664086,B,O2 conc.B [nmol/mL],dataset_II,
450.6122448979592,152.1083290928756,B,O2 conc.B [nmol/mL],dataset_II,
451.137026239067,150.8120526601169,B,O2 conc.B [nmol/mL],dataset_II,
451.6618075801749,150.8167424427639,B,O2 conc.B [nmol/mL],dataset_II,
452.1865889212828,151.0613781416287,B,O2 conc.B [nmol/mL],dataset_II,
452.7113702623907,150.9887216949455,B,O2 conc.B [nmol/mL],dataset_II,
453.2361516034985,151.3876837353652,B,O2 conc.B [nmol/mL],dataset_II,
453.7609329446064,150.497541998074,B,O2 conc.B [nmol/mL],dataset_II,
454.2857142857143,151.3762503428156,B,O2 conc.B [nmol/mL],dataset_II,
454.8104956268221,151.4988677561731,B,O2 conc.B [nmol/mL],dataset_II,
455.33527696793,151.2037188843993,B,O2 conc.B [nmol/mL],dataset_II,
455.8600583090379,150.8269465310875,B,O2 conc.B [nmol/mL],dataset_II,
456.3848396501458,151.0087792040412,B,O2 conc.B [nmol/mL],dataset_II,
456.9096209912536,150.8992162342321,B,O2 conc.B [nmol/mL],dataset_II,
457.4344023323615,150.9281084769226,B,O2 conc.B [nmol/mL],dataset_II,
457.9591836734694,150.6218857830809,B,O2 conc.B [nmol/mL],dataset_II,
458.4839650145773,151.3059666356814,B,O2 conc.B [nmol/mL],dataset_II,
459.0087463556851,151.0357309650724,B,O2 conc.B [nmol/mL],dataset_II,
459.533527696793,150.8790969169283,B,O2 conc.B [nmol/mL],dataset_II,
460.0583090379009,150.4853014357318,B,O2 conc.B [nmol/mL],dataset_II,
460.5830903790087,150.9594314587691,B,O2 conc.B [nmol/mL],dataset_II,
461.1078717201166,150.4697480519088,B,O2 conc.B [nmol/mL],dataset_II,
461.6326530612245,150.7571529892032,B,O2 conc.B [nmol/mL],dataset_II,
462.1574344023323,150.7009921362585,B,O2 conc.B [nmol/mL],dataset_II,
462.6822157434402,150.6732057031024,B,O2 conc.B [nmol/mL],dataset_II,
463.2069970845481,151.2185711419382,B,O2 conc.B [nmol/mL],dataset_II,
463.731778425656,150.7714874941598,B,O2 conc.B [nmol/mL],dataset_II,
464.2565597667639,150.604019006668,B,O2 conc.B [nmol/mL],dataset_II,
464.7813411078717,150.1624871739749,B,O2 conc.B [nmol/mL],dataset_II,
465.3061224489796,150.9909015269419,B,O2 conc.B [nmol/mL],dataset_II,
465.8309037900875,150.334750113987,B,O2 conc.B [nmol/mL],dataset_II,
466.3556851311953,150.945736123721,B,O2 conc.B [nmol/mL],dataset_II,
466.8804664723032,150.3485862756165,B,O2 conc.B [nmol/mL],dataset_II,
467.4052478134111,149.9378545696412,B,O2 conc.B [nmol/mL],dataset_II,
467.9300291545189,150.4811027467605,B,O2 conc.B [nmol/mL],dataset_II,
468.4548104956268,150.3290754003756,B,O2 conc.B [nmol/mL],dataset_II,
468.9795918367347,150.9794562173903,B,O2 conc.B [nmol/mL],dataset_II,
469.5043731778426,150.4179113119641,B,O2 conc.B [nmol/mL],dataset_II,
470.0291545189504,150.2232219893072,B,O2 conc.B [nmol/mL],dataset_II,
470.5539358600583,150.7114805966361,B,O2 conc.B [nmol/mL],dataset_II,
471.0787172011662,150.1507070460532,B,O2 conc.B [nmol/mL],dataset_II,
471.603498542274,150.7847730721042,B,O2 conc.B [nmol/mL],dataset_II,
472.1282798833819,150.6211256317152,B,O2 conc.B [nmol/mL],dataset_II,
472.6530612244898,150.779637164821,B,O2 conc.B [nmol/mL],dataset_II,
473.1778425655976,150.2594170216326,B,O2 conc.B [nmol/mL],dataset_II,
473.7026239067055,150.6615899178878,B,O2 conc.B [nmol/mL],dataset_II,
474.2274052478134,150.0465517205863,B,O2 conc.B [nmol/mL],dataset_II,
474.7521865889213,150.2542589575381,B,O2 conc.B [nmol/mL],dataset_II,
475.2769679300292,150.4201058540594,B,O2 conc.B [nmol/mL],dataset_II,
475.801749271137,149.6790161982197,B,O2 conc.B [nmol/mL],dataset_II,
476.3265306122449,150.8358574984105,B,O2 conc.B [nmol/mL],dataset_II,
476.8513119533528,149.5151812805332,B,O2 conc.B [nmol/mL],dataset_II,
477.3760932944606,150.2415381748197,B,O2 conc.B [nmol/mL],dataset_II,
477.9008746355685,149.7015571707811,B,O2 conc.B [nmol/mL],dataset_II,
478.4256559766764,150.5090853955553,B,O2 conc.B [nmol/mL],dataset_II,
478.9504373177842,150.1704873281015,B,O2 conc.B [nmol/mL],dataset_II,
479.4752186588921,150.1007499380991,B,O2 conc.B [nmol/mL],dataset_II,
480.0,150.285708057484,B,O2 conc.B [nmol/mL],dataset_II,FCCP_1
480.3498542274053,150.0191280049422,B,O2 conc.B [nmol/mL],dataset_II,
480.6997084548105,149.817877548216,B,O2 conc.B [nmol/mL],dataset_II,
481.0495626822158,149.8206564532364,B,O2 conc.B [nmol/mL],dataset_II,
481.399416909621,149.6611242616587,B,O2 conc.B [nmol/mL],dataset_II,
481.7492711370263,150.3445859398117,B,O2 conc.B [nmol/mL],dataset_II,
482.0991253644315,150.4611724822807,B,O2 conc.B [nmol/mL],dataset_II,
482.4489795918367,150.0752265375721,B,O2 conc.B [nmol/mL],dataset_II,
482.798833819242,151.0761008120634,B,O2 conc.B [nmol/mL],dataset_II,
483.1486880466472,149.4445341961443,B,O2 conc.B [nmol/mL],dataset_II,
483.4985422740525,149.6187742647991,B,O2 conc.B [nmol/mL],dataset_II,
483.8483965014577,150.067984330736,B,O2 conc.B [nmol/mL],dataset_II,
484.1982507288629,149.8952546986146,B,O2 conc.B [nmol/mL],dataset_II,
484.5481049562682,149.9595172866863,B,O2 conc.B [nmol/mL],dataset_II,
484.8979591836735,150.2862769887759,B,O2 conc.B [nmol/mL],dataset_II,
485.2478134110787,149.4981405736981,B,O2 conc.B [nmol/mL],dataset_II,
485.597667638484,149.6421942027114,B,O2 conc.B [nmol/mL],dataset_II,
485.9475218658892,149.1785527593076,B,O2 conc.B [nmol/mL],dataset_II,
486.2973760932945,149.1838848991502,B,O2 conc.B [nmol/mL],dataset_II,
486.6472303206997,149.0550134216149,B,O2 conc.B [nmol/mL],dataset_II,
486.997084548105,149.7734193975424,B,O2 conc.B [nmol/mL],dataset_II,
487.3469387755102,149.2927780347012,B,O2 conc.B [nmol/mL],dataset_II,
487.6967930029155,149.1975874706304,B,O2 conc.B [nmol/mL],dataset_II,
488.0466472303207,149.5759486574923,B,O2 conc.B [nmol/mL],dataset_II,
488.3965014577259,149.4796265207639,B,O2 conc.B [nmol/mL],dataset_II,
488.7463556851312,149.0728304879513,B,O2 conc.B [nmol/mL],dataset_II,
489.0962099125364,149.0697469748116,B,O2 conc.B [nmol/mL],dataset_II,
489.4460641399417,149.6349360486772,B,O2 conc.B [nmol/mL],dataset_II,
489.7959183673469,149.2867787405499,B,O2 conc.B [nmol/mL],dataset_II,
490.1457725947522,148.9729902616623,B,O2 conc.B [nmol/mL],dataset_II,
490.4956268221574,149.6035683767866,B,O2 conc.B [nmol/mL],dataset_II,
490.8454810495627,149.1573871846728,B,O2 conc.B [nmol/mL],dataset_II,
491.1953352769679,149.4004542919497,B,O2 conc.B [nmol/mL],dataset_II,
491.5451895043732,149.8752476266582,B,O2 conc.B [nmol/mL],dataset_II,
491.8950437317784,149.0679874473211,B,O2 conc.B [nmol/mL],dataset_II,
492.2448979591837,149.6806142451947,B,O2 conc.B [nmol/mL],dataset_II,
492.5947521865889,149.0005635557912,B,O2 conc.B [nmol/mL],dataset_II,
492.9446064139942,149.2679225963006,B,O2 conc.B [nmol/mL],dataset_II,
493.2944606413994,149.1048124965968,B,O2 conc.B [nmol/mL],dataset_II,
493.6443148688047,148.9049010653808,B,O2 conc.B [nmol/mL],dataset_II,
493.9941690962099,148.9914211922372,B,O2 conc.B [nmol/mL],dataset_II,
494.3440233236151,148.5616388952551,B,O2 conc.B [nmol/mL],dataset_II,
494.6938775510204,148.9316638693093,B,O2 conc.B [nmol/mL],dataset_II,
495.0437317784256,148.6759094586263,B,O2 conc.B [nmol/mL],dataset_II,
495.3935860058309,148.5967090168352,B,O2 conc.B [nmol/mL],dataset_II,
495.7434402332361,148.7422915179828,B,O2 conc.B [nmol/mL],dataset_II,
496.0932944606414,148.4434680628488,B,O2 conc.B [nmol/mL],dataset_II,
496.4431486880467,148.3337126643245,B,O2 conc.B [nmol/mL],dataset_II,
496.7930029154519,148.2648386941893,B,O2 conc.B [nmol/mL],dataset_II,
497.1428571428572,148.4738966627195,B,O2 conc.B [nmol/mL],dataset_II,
497.4927113702624,148.5897283739489,B,O2 conc.B [nmol/mL],dataset_II,
497.8425655976677,148.0935023746958,B,O2 conc.B [nmol/mL],dataset_II,
498.1924198250729,148.4730213631663,B,O2 conc.B [nmol/mL],dataset_II,
498.5422740524781,148.2188405332352,B,O2 conc.B [nmol/mL],dataset_II,
498.8921282798834,148.7447935685156,B,O2 conc.B [nmol/mL],dataset_II,
499.2419825072886,148.2731942512316,B,O2 conc.B [nmol/mL],dataset_II,
499.5918367346939,148.2181178087923,B,O2 conc.B [nmol/mL],dataset_II,
499.9416909620991,148.3147149185311,B,O2 conc.B [nmol/mL],dataset_II,
500.2915451895043,148.2246270615882,B,O2 conc.B [nmol/mL],dataset_II,
500.6413994169096,148.4747671916146,B,O2 conc.B [nmol/mL],dataset_II,
500.9912536443148,147.645498754471,B,O2 conc.B [nmol/mL],dataset_II,
501.3411078717201,148.1073483434824,B,O2 conc.B [nmol/mL],dataset_II,
501.6909620991254,148.6604078943891,B,O2 conc.B [nmol/mL],dataset_II,
502.0408163265306,148.6430091364269,B,O2 conc.B [nmol/mL],dataset_II,
502.3906705539359,147.9584777180758,B,O2 conc.B [nmol/mL],dataset_II,
502.7405247813411,148.8088536968314,B,O2 conc.B [nmol/mL],dataset_II,
503.0903790087464,147.4627244858667,B,O2 conc.B [nmol/mL],dataset_II,
503.4402332361516,147.7475983958314,B,O2 conc.B [nmol/mL],dataset_II,
503.7900874635569,147.1891549083713,B,O2 conc.B [nmol/mL],dataset_II,
504.1399416909621,148.5135544603242,B,O2 conc.B [nmol/mL],dataset_II,
504.4897959183673,148.01935067177,B,O2 conc.B [nmol/mL],dataset_II,
504.8396501457726,148.2130628006789,B,O2 conc.B [nmol/mL],dataset_II,
505.1895043731778,147.5447183182312,B,O2 conc.B [nmol/mL],dataset_II,
505.5393586005831,147.9445318416708,B,O2 conc.B [nmol/mL],dataset_II,
505.8892128279883,147.6519203459464,B,O2 conc.B [nmol/mL],dataset_II,
506.2390670553936,147.4824029050781,B,O2 conc.B [nmol/mL],dataset_II,
506.5889212827988,147.6744869599713,B,O2 conc.B [nmol/mL],dataset_II,
506.9387755102041,148.1300476083339,B,O2 conc.B [nmol/mL],dataset_II,
507.2886297376093,147.8718149525641,B,O2 conc.B [nmol/mL],dataset_II,
507.6384839650146,148.1764328404567,B,O2 conc.B [nmol/mL],dataset_II,
507.9883381924198,147.3743748443022,B,O2 conc.B [nmol/mL],dataset_II,
508.3381924198251,147.517685864115,B,O2 conc.B [nmol/mL],dataset_II,
508.6880466472303,147.8982810545369,B,O2 conc.B [nmol/mL],dataset_II,
509.0379008746356,147.141047839769,B,O2 conc.B [nmol/mL],dataset_II,
509.3877551020408,147.7411536805323,B,O2 conc.B [nmol/mL],dataset_II,
509.7376093294461,147.3026186444212,B,O2 conc.B [nmol/mL],dataset_II,
510.0874635568513,147.3243456211086,B,O2 conc.B [nmol/mL],dataset_II,
510.4373177842565,147.6901928508681,B,O2 conc.B [nmol/mL],dataset_II,
510.7871720116618,147.1697795243063,B,O2 conc.B [nmol/mL],dataset_II,
511.137026239067,147.7930386628412,B,O2 conc.B [nmol/mL],dataset_II,
511.4868804664723,147.983774121807,B,O2 conc.B [nmol/mL],dataset_II,
511.8367346938775,147.6678314503255,B,O2 conc.B [nmol/mL],dataset_II,
512.1865889212828,147.2145867532706,B,O2 conc.B [nmol/mL],dataset_II,
512.536443148688,147.3105298871008,B,O2 conc.B [nmol/mL],dataset_II,
512.8862973760934,147.7087186494608,B,O2 conc.B [nmol/mL],dataset_II,
513.2361516034986,147.1607235236862,B,O2 conc.B [nmol/mL],dataset_II,
513.5860058309038,147.2511524204549,B,O2 conc.B [nmol/mL],dataset_II,
513.935860058309,147.2618921073491,B,O2 conc.B [nmol/mL],dataset_II,
514.2857142857143,147.2274419111577,B,O2 conc.B [nmol/mL],dataset_II,
514.6355685131196,147.2906264918355,B,O2 conc.B [nmol/mL],dataset_II,
514.9854227405248,147.2967732783948,B,O2 conc.B [nmol/mL],dataset_II,
515.33527696793,147.0354934612905,B,O2 conc.B [nmol/mL],dataset_II,
515.6851311953353,146.9253725292585,B,O2 conc.B [nmol/mL],dataset_II,
516.0349854227405,147.1278999239676,B,O2 conc.B [nmol/mL],dataset_II,
516.3848396501458,147.2391369662457,B,O2 conc.B [nmol/mL],dataset_II,
516.734693877551,146.4965203516757,B,O2 conc.B [nmol/mL],dataset_II,
517.0845481049563,147.3074834313767,B,O2 conc.B [nmol/mL],dataset_II,
517.4344023323615,147.5480278421701,B,O2 conc.B [nmol/mL],dataset_II,
517.7842565597667,146.5920656120201,B,O2 conc.B [nmol/mL],dataset_II,
518.1341107871721,146.854094621692,B,O2 conc.B [nmol/mL],dataset_II,
518.4839650145773,146.4063693890217,B,O2 conc.B [nmol/mL],dataset_II,
518.8338192419825,146.2491426278729,B,O2 conc.B [nmol/mL],dataset_II,
519.1836734693877,146.3177553243955,B,O2 conc.B [nmol/mL],dataset_II,
519.533527696793,146.8813744758088,B,O2 conc.B [nmol/mL],dataset_II,
519.8833819241983,147.1161564761501,B,O2 conc.B [nmol/mL],dataset_II,
520.2332361516035,146.9508861223941,B,O2 conc.B [nmol/mL],dataset_II,
520.5830903790087,147.3851004147206,B,O2 conc.B [nmol/mL],dataset_II,
520.932944606414,146.7461042635117,B,O2 conc.B [nmol/mL],dataset_II,
521.2827988338192,146.603655595507,B,O2 conc.B [nmol/mL],dataset_II,
521.6326530612245,146.9923472175329,B,O2 conc.B [nmol/mL],dataset_II,
521.9825072886297,146.7135053905357,B,O2 conc.B [nmol/mL],dataset_II,
522.332361516035,146.7238785050018,B,O2 conc.B [nmol/mL],dataset_II,
522.6822157434402,146.2555857745072,B,O2 conc.B [nmol/mL],dataset_II,
523.0320699708454,146.4200935059956,B,O2 conc.B [nmol/mL],dataset_II,
523.3819241982508,146.7086005319752,B,O2 conc.B [nmol/mL],dataset_II,
523.731778425656,146.2733705265253,B,O2 conc.B [nmol/mL],dataset_II,
524.0816326530612,146.03988478838,B,O2 conc.B [nmol/mL],dataset_II,
524.4314868804664,146.520757284035,B,O2 conc.B [nmol/mL],dataset_II,
524.7813411078718,145.7652168792558,B,O2 conc.B [nmol/mL],dataset_II,
525.131195335277,145.6057065140402,B,O2 conc.B [nmol/mL],dataset_II,
525.4810495626822,146.0055252282625,B,O2 conc.B [nmol/mL],dataset_II,
525.8309037900874,146.1755600101725,B,O2 conc.B [nmol/mL],dataset_II,
526.1807580174927,146.4887642544045,B,O2 conc.B [nmol/mL],dataset_II,
526.530612244898,146.1395869172498,B,O2 conc.B [nmol/mL],dataset_II,
526.8804664723032,146.5574076214059,B,O2 conc.B [nmol/mL],dataset_II,
527.2303206997085,146.0787176065281,B,O2 conc.B [nmol/mL],dataset_II,
527.5801749271137,145.9555105620073,B,O2 conc.B [nmol/mL],dataset_II,
527.9300291545189,146.0802927437445,B,O2 conc.B [nmol/mL],dataset_II,
528.2798833819242,145.757115060182,B,O2 conc.B [nmol/mL],dataset_II,
528.6297376093295,145.9564502351673,B,O2 conc.B [nmol/mL],dataset_II,
528.9795918367347,146.2719421183107,B,O2 conc.B [nmol/mL],dataset_II,
529.3294460641399,145.8329984763066,B,O2 conc.B [nmol/mL],dataset_II,
529.6793002915451,145.9744500625484,B,O2 conc.B [nmol/mL],dataset_II,
530.0291545189505,145.786344288219,B,O2 conc.B [nmol/mL],dataset_II,
530.3790087463557,145.1983756708139,B,O2 conc.B [nmol/mL],dataset_II,
530.7288629737609,145.6350977202361,B,O2 conc.B [nmol/mL],dataset_II,
531.0787172011662,145.4262822366011,B,O2 conc.B [nmol/mL],dataset_II,
531.4285714285714,145.2160315906502,B,O2 conc.B [nmol/mL],dataset_II,
531.7784256559767,146.1980259172958,B,O2 conc.B [nmol/mL],dataset_II,
532.1282798833819,146.0113644899886,B,O2 conc.B [nmol/mL],dataset_II,
532.4781341107872,145.4593381819111,B,O2 conc.B [nmol/mL],dataset_II,
532.8279883381924,145.1009768939625,B,O2 conc.B [nmol/mL],dataset_II,
533.1778425655976,145.8267877802116,B,O2 conc.B [nmol/mL],dataset_II,
533.5276967930029,146.2108552110669,B,O2 conc.B [nmol/mL],dataset_II,
533.8775510204082,145.2056498080281,B,O2 conc.B [nmol/mL],dataset_II,
534.2274052478134,145.7382712582368,B,O2 conc.B [nmol/mL],dataset_II,
534.5772594752186,145.914756942754,B,O2 conc.B [nmol/mL],dataset_II,
534.927113702624,145.3487964892418,B,O2 conc.B [nmol/mL],dataset_II,
535.2769679300292,145.8796486117299,B,O2 conc.B [nmol/mL],dataset_II,
535.6268221574344,145.0678776534167,B,O2 conc.B [nmol/mL],dataset_II,
535.9766763848396,145.4066941123176,B,O2 conc.B [nmol/mL],dataset_II,
536.3265306122449,145.4139081711667,B,O2 conc.B [nmol/mL],dataset_II,
536.6763848396502,145.3023046129121,B,O2 conc.B [nmol/mL],dataset_II,
537.0262390670554,144.6980490647884,B,O2 conc.B [nmol/mL],dataset_II,
537.3760932944606,145.2023691735408,B,O2 conc.B [nmol/mL],dataset_II,
537.7259475218659,145.2742754786991,B,O2 conc.B [nmol/mL],dataset_II,
538.0758017492711,145.1249575972893,B,O2 conc.B [nmol/mL],dataset_II,
538.4256559766764,145.1320780621252,B,O2 conc.B [nmol/mL],dataset_II,
538.7755102040817,145.3465274528233,B,O2 conc.B [nmol/mL],dataset_II,
539.1253644314869,144.9662201689633,B,O2 conc.B [nmol/mL],dataset_II,
539.4752186588921,145.2766467731576,B,O2 conc.B [nmol/mL],dataset_II,
539.8250728862973,144.6476439188802,B,O2 conc.B [nmol/mL],dataset_II,
540.1749271137027,145.2946784081731,B,O2 conc.B [nmol/mL],dataset_II,
540.5247813411079,145.0537835395282,B,O2 conc.B [nmol/mL],dataset_II,
540.8746355685131,145.0868487717199,B,O2 conc.B [nmol/mL],dataset_II,
541.2244897959183,144.4726104577588,B,O2 conc.B [nmol/mL],dataset_II,
541.5743440233236,144.5929025389597,B,O2 conc.B [nmol/mL],dataset_II,
541.9241982507289,144.9782244388849,B,O2 conc.B [nmol/mL],dataset_II,
542.2740524781341,144.4655815914538,B,O2 conc.B [nmol/mL],dataset_II,
542.6239067055394,145.0598861583622,B,O2 conc.B [nmol/mL],dataset_II,
542.9737609329446,144.3697189134592,B,O2 conc.B [nmol/mL],dataset_II,
543.3236151603498,144.7418151283244,B,O2 conc.B [nmol/mL],dataset_II,
543.6734693877551,144.7735893139942,B,O2 conc.B [nmol/mL],dataset_II,
544.0233236151604,144.7016701271335,B,O2 conc.B [nmol/mL],dataset_II,
544.3731778425656,144.8385743338665,B,O2 conc.B [nmol/mL],dataset_II,
544.7230320699708,144.8726856041855,B,O2 conc.B [nmol/mL],dataset_II,
545.072886297376,143.9391075997397,B,O2 conc.B [nmol/mL],dataset_II,
545.4227405247814,144.5625422922573,B,O2 conc.B [nmol/mL],dataset_II,
545.7725947521866,144.0831064034173,B,O2 conc.B [nmol/mL],dataset_II,
546.1224489795918,144.6494331334025,B,O2 conc.B [nmol/mL],dataset_II,
546.4723032069971,144.2465079319703,B,O2 conc.B [nmol/mL],dataset_II,
546.8221574344024,144.262609210664,B,O2 conc.B [nmol/mL],dataset_II,
547.1720116618076,144.324597797583,B,O2 conc.B [nmol/mL],dataset_II,
547.5218658892128,145.1300137931297,B,O2 conc.B [nmol/mL],dataset_II,
547.8717201166181,144.4389831451865,B,O2 conc.B [nmol/mL],dataset_II,
548.2215743440233,144.1730590164817,B,O2 conc.B [nmol/mL],dataset_II,
548.5714285714286,144.3053536650298,B,O2 conc.B [nmol/mL],dataset_II,
548.9212827988338,144.1693580161579,B,O2 conc.B [nmol/mL],dataset_II,
549.2711370262391,144.5540601919245,B,O2 conc.B [nmol/mL],dataset_II,
549.6209912536443,143.7558939353034,B,O2 conc.B [nmol/mL],dataset_II,
549.9708454810495,143.5404066632225,B,O2 conc.B [nmol/mL],dataset_II,
550.3206997084549,144.4081981522964,B,O2 conc.B [nmol/mL],dataset_II,
550.6705539358601,143.9584842076585,B,O2 conc.B [nmol/mL],dataset_II,
551.0204081632653,144.1447207657699,B,O2 conc.B [nmol/mL],dataset_II,
551.3702623906705,143.8678771410328,B,O2 conc.B [nmol/mL],dataset_II,
551.7201166180757,144.0292845683736,B,O2 conc.B [nmol/mL],dataset_II,
552.0699708454811,143.3287127044447,B,O2 conc.B [nmol/mL],dataset_II,
552.4198250728863,143.8827021226813,B,O2 conc.B [nmol/mL],dataset_II,
552.7696793002915,143.9610710810163,B,O2 conc.B [nmol/mL],dataset_II,
553.1195335276968,144.4188387555276,B,O2 conc.B [nmol/mL],dataset_II,
553.469387755102,144.2777741740202,B,O2 conc.B [nmol/mL],dataset_II,
553.8192419825073,143.7547986035458,B,O2 conc.B [nmol/mL],dataset_II,
554.1690962099126,143.9940424480137,B,O2 conc.B [nmol/mL],dataset_II,
554.5189504373178,144.0995839108806,B,O2 conc.B [nmol/mL],dataset_II,
554.868804664723,143.817239990067,B,O2 conc.B [nmol/mL],dataset_II,
555.2186588921282,143.0259520104249,B,O2 conc.B [nmol/mL],dataset_II,
555.5685131195335,143.7493166462877,B,O2 conc.B [nmol/mL],dataset_II,
555.9183673469388,142.7583934807349,B,O2 conc.B [nmol/mL],dataset_II,
556.268221574344,143.4254505182053,B,O2 conc.B [nmol/mL],dataset_II,
556.6180758017492,143.5189358799934,B,O2 conc.B [nmol/mL],dataset_II,
556.9679300291546,143.1009698057393,B,O2 conc.B [nmol/mL],dataset_II,
557.3177842565598,143.7282117561817,B,O2 conc.B [nmol/mL],dataset_II,
557.667638483965,144.1508223618323,B,O2 conc.B [nmol/mL],dataset_II,
558.0174927113702,143.432258987581,B,O2 conc.B [nmol/mL],dataset_II,
558.3673469387755,143.5016273800026,B,O2 conc.B [nmol/mL],dataset_II,
558.7172011661808,143.9171840322564,B,O2 conc.B [nmol/mL],dataset_II,
559.067055393586,143.6752125069861,B,O2 conc.B [nmol/mL],dataset_II,
559.4169096209912,143.286386803404,B,O2 conc.B [nmol/mL],dataset_II,
559.7667638483965,143.5066656429705,B,O2 conc.B [nmol/mL],dataset_II,
560.1166180758017,143.0920981082333,B,O2 conc.B [nmol/mL],dataset_II,
560.466472303207,143.2916876373521,B,O2 conc.B [nmol/mL],dataset_II,
560.8163265306123,143.4612745097344,B,O2 conc.B [nmol/mL],dataset_II,
561.1661807580175,142.7842210213139,B,O2 conc.B [nmol/mL],dataset_II,
561.5160349854227,143.2960747858785,B,O2 conc.B [nmol/mL],dataset_II,
561.8658892128279,142.9006143462603,B,O2 conc.B [nmol/mL],dataset_II,
562.2157434402333,142.4915159157399,B,O2 conc.B [nmol/mL],dataset_II,
562.5655976676385,143.1043211608056,B,O2 conc.B [nmol/mL],dataset_II,
562.9154518950437,142.7286368452935,B,O2 conc.B [nmol/mL],dataset_II,
563.2653061224489,143.273870539198,B,O2 conc.B [nmol/mL],dataset_II,
563.6151603498542,143.1726854830548,B,O2 conc.B [nmol/mL],dataset_II,
563.9650145772595,142.9607468210812,B,O2 conc.B [nmol/mL],dataset_II,
564.3148688046647,142.505953463605,B,O2 conc.B [nmol/mL],dataset_II,
564.66472303207,142.9541183371589,B,O2 conc.B [nmol/mL],dataset_II,
565.0145772594752,143.1192083985898,B,O2 conc.B [nmol/mL],dataset_II,
565.3644314868804,143.1121954353141,B,O2 conc.B [nmol/mL],dataset_II,
565.7142857142857,142.4933302049769,B,O2 conc.B [nmol/mL],dataset_II,
566.064139941691,142.8109361115339,B,O2 conc.B [nmol/mL],dataset_II,
566.4139941690962,142.695222428346,B,O2 conc.B [nmol/mL],dataset_II,
566.7638483965014,142.5095936630399,B,O2 conc.B [nmol/mL],dataset_II,
567.1137026239066,142.932585443565,B,O2 conc.B [nmol/mL],dataset_II,
567.463556851312,142.645854461266,B,O2 conc.B [nmol/mL],dataset_II,
567.8134110787172,143.1497421715117,B,O2 conc.B [nmol/mL],dataset_II,
568.1632653061224,143.1462287729851,B,O2 conc.B [nmol/mL],dataset_II,
568.5131195335277,142.2570197680832,B,O2 conc.B [nmol/mL],dataset_II,
568.862973760933,142.3011167299839,B,O2 conc.B [nmol/mL],dataset_II,
569.2128279883382,142.7410082491848,B,O2 conc.B [nmol/mL],dataset_II,
569.5626822157434,142.0904540234496,B,O2 conc.B [nmol/mL],dataset_II,
569.9125364431487,142.5393522266257,B,O2 conc.B [nmol/mL],dataset_II,
570.2623906705539,142.4984439481024,B,O2 conc.B [nmol/mL],dataset_II,
570.6122448979592,142.838026485668,B,O2 conc.B [nmol/mL],dataset_II,
570.9620991253644,142.4772282274791,B,O2 conc.B [nmol/mL],dataset_II,
571.3119533527697,142.3225677945258,B,O2 conc.B [nmol/mL],dataset_II,
571.6618075801749,142.4136238483784,B,O2 conc.B [nmol/mL],dataset_II,
572.0116618075801,142.0136247652563,B,O2 conc.B [nmol/mL],dataset_II,
572.3615160349855,141.7316206110639,B,O2 conc.B [nmol/mL],dataset_II,
572.7113702623907,142.730045373093,B,O2 conc.B [nmol/mL],dataset_II,
573.0612244897959,142.118005618257,B,O2 conc.B [nmol/mL],dataset_II,
573.4110787172011,141.7193173590292,B,O2 conc.B [nmol/mL],dataset_II,
573.7609329446065,142.168093284909,B,O2 conc.B [nmol/mL],dataset_II,
574.1107871720117,142.4786176594613,B,O2 conc.B [nmol/mL],dataset_II,
574.4606413994169,141.7696818084402,B,O2 conc.B [nmol/mL],dataset_II,
574.8104956268221,142.1639879031214,B,O2 conc.B [nmol/mL],dataset_II,
575.1603498542274,142.7095156944734,B,O2 conc.B [nmol/mL],dataset_II,
575.5102040816327,142.1604327874063,B,O2 conc.B [nmol/mL],dataset_II,
575.8600583090379,142.4056111166632,B,O2 conc.B [nmol/mL],dataset_II,
576.2099125364432,141.6553925899145,B,O2 conc.B [nmol/mL],dataset_II,
576.5597667638484,142.1741482309357,B,O2 conc.B [nmol/mL],dataset_II,
576.9096209912536,141.8672906642181,B,O2 conc.B [nmol/mL],dataset_II,
577.2594752186588,141.9844637563778,B,O2 conc.B [nmol/mL],dataset_II,
577.6093294460642,141.6671745954991,B,O2 conc.B [nmol/mL],dataset_II,
577.9591836734694,141.9119252047647,B,O2 conc.B [nmol/mL],dataset_II,
578.3090379008746,141.6206807409085,B,O2 conc.B [nmol/mL],dataset_II,
578.6588921282798,141.9448999778236,B,O2 conc.B [nmol/mL],dataset_II,
579.0087463556852,142.1368290030047,B,O2 conc.B [nmol/mL],dataset_II,
579.3586005830904,141.974607093343,B,O2 conc.B [nmol/mL],dataset_II,
579.7084548104956,141.3740013865618,B,O2 conc.B [nmol/mL],dataset_II,
580.0583090379009,141.7053055251953,B,O2 conc.B [nmol/mL],dataset_II,
580.4081632653061,142.0508404884505,B,O2 conc.B [nmol/mL],dataset_II,
580.7580174927114,141.4526486188227,B,O2 conc.B [nmol/mL],dataset_II,
581.1078717201166,141.4347694248841,B,O2 conc.B [nmol/mL],dataset_II,
581.4577259475219,142.1578610566121,B,O2 conc.B [nmol/mL],dataset_II,
581.8075801749271,141.8490438963623,B,O2 conc.B [nmol/mL],dataset_II,
582.1574344023323,140.5513203390191,B,O2 conc.B [nmol/mL],dataset_II,
582.5072886297376,140.8852983997794,B,O2 conc.B [nmol/mL],dataset_II,
582.8571428571429,141.6135982458606,B,O2 conc.B [nmol/mL],dataset_II,
583.2069970845481,141.8176460525234,B,O2 conc.B [nmol/mL],dataset_II,
583.5568513119533,140.815997573755,B,O2 conc.B [nmol/mL],dataset_II,
583.9067055393587,140.8940889288083,B,O2 conc.B [nmol/mL],dataset_II,
584.2565597667639,141.2181202775718,B,O2 conc.B [nmol/mL],dataset_II,
584.6064139941691,141.457638303565,B,O2 conc.B [nmol/mL],dataset_II,
584.9562682215743,141.2457140095917,B,O2 conc.B [nmol/mL],dataset_II,
585.3061224489796,141.1082733440014,B,O2 conc.B [nmol/mL],dataset_II,
585.6559766763849,140.9133034411005,B,O2 conc.B [nmol/mL],dataset_II,
586.0058309037901,141.0562032487218,B,O2 conc.B [nmol/mL],dataset_II,
586.3556851311953,140.9679203884438,B,O2 conc.B [nmol/mL],dataset_II,
586.7055393586006,140.8471965041617,B,O2 conc.B [nmol/mL],dataset_II,
587.0553935860058,141.2711037365895,B,O2 conc.B [nmol/mL],dataset_II,
587.405247813411,141.3681510537897,B,O2 conc.B [nmol/mL],dataset_II,
587.7551020408164,140.9237184246482,B,O2 conc.B [nmol/mL],dataset_II,
588.1049562682216,140.8811420500913,B,O2 conc.B [nmol/mL],dataset_II,
588.4548104956268,141.0005388521146,B,O2 conc.B [nmol/mL],dataset_II,
588.804664723032,140.9583754330883,B,O2 conc.B [nmol/mL],dataset_II,
589.1545189504373,141.5088850359196,B,O2 conc.B [nmol/mL],dataset_II,
589.5043731778426,140.6243493203316,B,O2 conc.B [nmol/mL],dataset_II,
589.8542274052478,141.114343641342,B,O2 conc.B [nmol/mL],dataset_II,
590.204081632653,140.4232430652028,B,O2 conc.B [nmol/mL],dataset_II,
590.5539358600583,140.2733754110575,B,O2 conc.B [nmol/mL],dataset_II,
590.9037900874636,140.457096690943,B,O2 conc.B [nmol/mL],dataset_II,
591.2536443148688,141.1929205018351,B,O2 conc.B [nmol/mL],dataset_II,
591.6034985422741,140.3670013693495,B,O2 conc.B [nmol/mL],dataset_II,
591.9533527696793,140.6036530560775,B,O2 conc.B [nmol/mL],dataset_II,
592.3032069970845,140.3460577209319,B,O2 conc.B [nmol/mL],dataset_II,
592.6530612244898,140.6132694940475,B,O2 conc.B [nmol/mL],dataset_II,
593.002915451895,140.7496253907781,B,O2 conc.B [nmol/mL],dataset_II,
593.3527696793003,140.5940948850368,B,O2 conc.B [nmol/mL],dataset_II,
593.7026239067055,140.2133802816591,B,O2 conc.B [nmol/mL],dataset_II,
594.0524781341107,139.8246409785572,B,O2 conc.B [nmol/mL],dataset_II,
594.4023323615161,140.4361722946075,B,O2 conc.B [nmol/mL],dataset_II,
594.7521865889213,140.1913856113445,B,O2 conc.B [nmol/mL],dataset_II,
595.1020408163265,140.3876056035677,B,O2 conc.B [nmol/mL],dataset_II,
595.4518950437317,139.8965600861219,B,O2 conc.B [nmol/mL],dataset_II,
595.801749271137,140.8094118585721,B,O2 conc.B [nmol/mL],dataset_II,
596.1516034985423,140.010935981615,B,O2 conc.B [nmol/mL],dataset_II,
596.5014577259475,140.1966811254467,B,O2 conc.B [nmol/mL],dataset_II,
596.8513119533527,140.1475757792313,B,O2 conc.B [nmol/mL],dataset_II,
597.201166180758,140.2996906042261,B,O2 conc.B [nmol/mL],dataset_II,
597.5510204081633,139.8429815858496,B,O2 conc.B [nmol/mL],dataset_II,
597.9008746355685,139.8054397135596,B,O2 conc.B [nmol/mL],dataset_II,
598.2507288629738,139.9319529105348,B,O2 conc.B [nmol/mL],dataset_II,
598.600583090379,140.4421440415897,B,O2 conc.B [nmol/mL],dataset_II,
598.9504373177842,139.8520272337374,B,O2 conc.B [nmol/mL],dataset_II,
599.3002915451895,140.3278667211927,B,O2 conc.B [nmol/mL],dataset_II,
599.6501457725948,140.595746569799,B,O2 conc.B [nmol/mL],dataset_II,
600.0,139.9541443432732,B,O2 conc.B [nmol/mL],dataset_II,FCCP_2
600.1749271137027,140.6249649284922,B,O2 conc.B [nmol/mL],dataset_II,
600.3498542274052,140.0637415847245,B,O2 conc.B [nmol/mL],dataset_II,
600.5247813411079,139.8216874480901,B,O2 conc.B [nmol/mL],dataset_II,
600.6997084548105,140.428695090898,B,O2 conc.B [nmol/mL],dataset_II,
600.8746355685131,140.0203274410976,B,O2 conc.B [nmol/mL],dataset_II,
601.0495626822158,140.1354953677133,B,O2 conc.B [nmol/mL],dataset_II,
601.2244897959183,138.962129149027,B,O2 conc.B [nmol/mL],dataset_II,
601.399416909621,140.2819111722632,B,O2 conc.B [nmol/mL],dataset_II,
601.5743440233236,139.5812122738993,B,O2 conc.B [nmol/mL],dataset_II,
601.7492711370262,140.0368374444629,B,O2 conc.B [nmol/mL],dataset_II,
601.9241982507289,140.616111132941,B,O2 conc.B [nmol/mL],dataset_II,
602.0991253644315,139.7769648021456,B,O2 conc.B [nmol/mL],dataset_II,
602.2740524781341,139.9135561924044,B,O2 conc.B [nmol/mL],dataset_II,
602.4489795918367,139.7687873274562,B,O2 conc.B [nmol/mL],dataset_II,
602.6239067055394,139.5178916862396,B,O2 conc.B [nmol/mL],dataset_II,
602.798833819242,139.8780176822832,B,O2 conc.B [nmol/mL],dataset_II,
602.9737609329446,140.1521952103101,B,O2 conc.B [nmol/mL],dataset_II,
603.1486880466472,139.7991040894892,B,O2 conc.B [nmol/mL],dataset_II,
603.3236151603498,139.62419949387,B,O2 conc.B [nmol/mL],dataset_II,
603.4985422740525,140.0694857875405,B,O2 conc.B [nmol/mL],dataset_II,
603.6734693877551,139.4749996543736,B,O2 conc.B [nmol/mL],dataset_II,
603.8483965014577,139.1021058821886,B,O2 conc.B [nmol/mL],dataset_II,
604.0233236151604,139.4798919647436,B,O2 conc.B [nmol/mL],dataset_II,
604.198250728863,139.4210172188172,B,O2 conc.B [nmol/mL],dataset_II,
604.3731778425656,139.3664094761603,B,O2 conc.B [nmol/mL],dataset_II,
604.5481049562683,140.1123324906814,B,O2 conc.B [nmol/mL],dataset_II,
604.7230320699708,139.4080450746008,B,O2 conc.B [nmol/mL],dataset_II,
604.8979591836735,138.8510396265658,B,O2 conc.B [nmol/mL],dataset_II,
605.072886297376,139.1946744861835,B,O2 conc.B [nmol/mL],dataset_II,
605.2478134110787,140.1334282721449,B,O2 conc.B [nmol/mL],dataset_II,
605.4227405247814,139.141145111267,B,O2 conc.B [nmol/mL],dataset_II,
605.5976676384839,139.6321709863733,B,O2 conc.B [nmol/mL],dataset_II,
605.7725947521866,139.7241255723014,B,O2 conc.B [nmol/mL],dataset_II,
605.9475218658893,139.2979843420242,B,O2 conc.B [nmol/mL],dataset_II,
606.1224489795918,139.6202336400059,B,O2 conc.B [nmol/mL],dataset_II,
606.2973760932945,138.8717597825637,B,O2 conc.B [nmol/mL],dataset_II,
606.4723032069971,139.4381470148667,B,O2 conc.B [nmol/mL],dataset_II,
606.6472303206997,139.5673883256317,B,O2 conc.B [nmol/mL],dataset_II,
606.8221574344024,139.4104775077191,B,O2 conc.B [nmol/mL],dataset_II,
606.9970845481049,139.3578410416508,B,O2 conc.B [nmol/mL],dataset_II,
607.1720116618076,139.9100304288283,B,O2 conc.B [nmol/mL],dataset_II,
607.3469387755102,139.0971792463747,B,O2 conc.B [nmol/mL],dataset_II,
607.5218658892128,139.1191563598411,B,O2 conc.B [nmol/mL],dataset_II,
607.6967930029155,138.7180146703871,B,O2 conc.B [nmol/mL],dataset_II,
607.8717201166181,138.838187836969,B,O2 conc.B [nmol/mL],dataset_II,
608.0466472303207,139.5532559012371,B,O2 conc.B [nmol/mL],dataset_II,
608.2215743440233,139.145312227854,B,O2 conc.B [nmol/mL],dataset_II,
608.3965014577259,139.5504607356627,B,O2 conc.B [nmol/mL],dataset_II,
608.5714285714286,139.0397741676526,B,O2 conc.B [nmol/mL],dataset_II,
608.7463556851312,139.4090661809346,B,O2 conc.B [nmol/mL],dataset_II,
608.9212827988338,139.1494106941787,B,O2 conc.B [nmol/mL],dataset_II,
609.0962099125364,138.5781831243356,B,O2 conc.B [nmol/mL],dataset_II,
609.2711370262391,139.0283433650621,B,O2 conc.B [nmol/mL],dataset_II,
609.4460641399417,139.1028303567245,B,O2 conc.B [nmol/mL],dataset_II,
609.6209912536443,138.7289672429555,B,O2 conc.B [nmol/mL],dataset_II,
609.795918367347,138.7776671757533,B,O2 conc.B [nmol/mL],dataset_II,
609.9708454810495,139.306706312644,B,O2 conc.B [nmol/mL],dataset_II,
610.1457725947522,139.6193522273413,B,O2 conc.B [nmol/mL],dataset_II,
610.3206997084549,139.0823268837991,B,O2 conc.B [nmol/mL],dataset_II,
610.4956268221574,138.8301506395907,B,O2 conc.B [nmol/mL],dataset_II,
610.6705539358601,138.8699268640989,B,O2 conc.B [nmol/mL],dataset_II,
610.8454810495626,139.3588741091841,B,O2 conc.B [nmol/mL],dataset_II,
611.0204081632653,139.0817146034544,B,O2 conc.B [nmol/mL],dataset_II,
611.195335276968,138.5118574272255,B,O2 conc.B [nmol/mL],dataset_II,
611.3702623906705,139.246653859722,B,O2 conc.B [nmol/mL],dataset_II,
611.5451895043732,139.0453978804133,B,O2 conc.B [nmol/mL],dataset_II,
611.7201166180758,139.2967981300669,B,O2 conc.B [nmol/mL],dataset_II,
611.8950437317784,138.521959024082,B,O2 conc.B [nmol/mL],dataset_II,
612.0699708454811,138.7615958954622,B,O2 conc.B [nmol/mL],dataset_II,
612.2448979591836,138.8332854530627,B,O2 conc.B [nmol/mL],dataset_II,
612.4198250728863,138.5863051106874,B,O2 conc.B [nmol/mL],dataset_II,
612.594752186589,139.0896823974684,B,O2 conc.B [nmol/mL],dataset_II,
612.7696793002915,139.0434747728976,B,O2 conc.B [nmol/mL],dataset_II,
612.9446064139942,139.3880386983249,B,O2 conc.B [nmol/mL],dataset_II,
613.1195335276968,138.2289929718045,B,O2 conc.B [nmol/mL],dataset_II,
613.2944606413994,138.4329565519928,B,O2 conc.B [nmol/mL],dataset_II,
613.469387755102,138.3950673673507,B,O2 conc.B [nmol/mL],dataset_II,
613.6443148688047,138.9222328184197,B,O2 conc.B [nmol/mL],dataset_II,
613.8192419825073,138.4325397616727,B,O2 conc.B [nmol/mL],dataset_II,
613.9941690962099,138.3290385223885,B,O2 conc.B [nmol/mL],dataset_II,
614.1690962099125,138.616294565106,B,O2 conc.B [nmol/mL],dataset_II,
614.3440233236151,138.5383399841656,B,O2 conc.B [nmol/mL],dataset_II,
614.5189504373178,138.9510975866691,B,O2 conc.B [nmol/mL],dataset_II,
614.6938775510204,138.9005199427774,B,O2 conc.B [nmol/mL],dataset_II,
614.868804664723,138.2319469508018,B,O2 conc.B [nmol/mL],dataset_II,
615.0437317784257,139.0849444615838,B,O2 conc.B [nmol/mL],dataset_II,
615.2186588921282,138.5658793306425,B,O2 conc.B [nmol/mL],dataset_II,
615.3935860058309,138.3444341723836,B,O2 conc.B [nmol/mL],dataset_II,
615.5685131195336,138.4535078294185,B,O2 conc.B [nmol/mL],dataset_II,
615.7434402332361,138.4897549099122,B,O2 conc.B [nmol/mL],dataset_II,
615.9183673469388,138.8337027280861,B,O2 conc.B [nmol/mL],dataset_II,
616.0932944606413,138.6073474376539,B,O2 conc.B [nmol/mL],dataset_II,
616.268221574344,138.3467420032489,B,O2 conc.B [nmol/mL],dataset_II,
616.4431486880467,138.7797597576096,B,O2 conc.B [nmol/mL],dataset_II,
616.6180758017492,139.1446590983835,B,O2 conc.B [nmol/mL],dataset_II,
616.7930029154519,138.4399578991774,B,O2 conc.B [nmol/mL],dataset_II,
616.9679300291546,139.0042798372234,B,O2 conc.B [nmol/mL],dataset_II,
617.1428571428571,138.3731442642597,B,O2 conc.B [nmol/mL],dataset_II,
617.3177842565598,138.4881998812922,B,O2 conc.B [nmol/mL],dataset_II,
617.4927113702624,138.0036860822324,B,O2 conc.B [nmol/mL],dataset_II,
617.667638483965,138.5413528688103,B,O2 conc.B [nmol/mL],dataset_II,
617.8425655976677,138.4660386035514,B,O2 conc.B [nmol/mL],dataset_II,
618.0174927113702,138.2916751397789,B,O2 conc.B [nmol/mL],dataset_II,
618.1924198250729,138.393437367028,B,O2 conc.B [nmol/mL],dataset_II,
618.3673469387755,138.4965638096314,B,O2 conc.B [nmol/mL],dataset_II,
618.5422740524781,138.5685606016982,B,O2 conc.B [nmol/mL],dataset_II,
618.7172011661808,137.9218081196198,B,O2 conc.B [nmol/mL],dataset_II,
618.8921282798834,138.0384061514463,B,O2 conc.B [nmol/mL],dataset_II,
619.067055393586,137.8477513343518,B,O2 conc.B [nmol/mL],dataset_II,
619.2419825072886,138.7266969459209,B,O2 conc.B [nmol/mL],dataset_II,
619.4169096209913,138.1875716125129,B,O2 conc.B [nmol/mL],dataset_II,
619.5918367346939,138.1505505543275,B,O2 conc.B [nmol/mL],dataset_II,
619.7667638483965,138.4358990696095,B,O2 conc.B [nmol/mL],dataset_II,
619.9416909620991,138.5719867990383,B,O2 conc.B [nmol/mL],dataset_II,
620.1166180758017,137.8905616562125,B,O2 conc.B [nmol/mL],dataset_II,
620.2915451895044,138.2161715914834,B,O2 conc.B [nmol/mL],dataset_II,
620.466472303207,138.4413896565331,B,O2 conc.B [nmol/mL],dataset_II,
620.6413994169096,138.2414961508956,B,O2 conc.B [nmol/mL],dataset_II,
620.8163265306123,138.1390906384023,B,O2 conc.B [nmol/mL],dataset_II,
620.9912536443148,137.5415668893515,B,O2 conc.B [nmol/mL],dataset_II,
621.1661807580175,138.0242355651905,B,O2 conc.B [nmol/mL],dataset_II,
621.3411078717202,137.8604401370498,B,O2 conc.B [nmol/mL],dataset_II,
621.5160349854227,138.0923130182558,B,O2 conc.B [nmol/mL],dataset_II,
621.6909620991254,138.0856180732538,B,O2 conc.B [nmol/mL],dataset_II,
621.8658892128279,138.1532748571039,B,O2 conc.B [nmol/mL],dataset_II,
622.0408163265306,137.8048352185085,B,O2 conc.B [nmol/mL],dataset_II,
622.2157434402333,138.1817873416256,B,O2 conc.B [nmol/mL],dataset_II,
622.3906705539358,138.1826720511821,B,O2 conc.B [nmol/mL],dataset_II,
622.5655976676385,138.144856992979,B,O2 conc.B [nmol/mL],dataset_II,
622.7405247813412,137.8912189070124,B,O2 conc.B [nmol/mL],dataset_II,
622.9154518950437,138.4169218744849,B,O2 conc.B [nmol/mL],dataset_II,
623.0903790087464,138.0159505686892,B,O2 conc.B [nmol/mL],dataset_II,
623.265306122449,138.1944104842241,B,O2 conc.B [nmol/mL],dataset_II,
623.4402332361516,137.6877393989519,B,O2 conc.B [nmol/mL],dataset_II,
623.6151603498542,137.9888724468155,B,O2 conc.B [nmol/mL],dataset_II,
623.7900874635568,138.2640253261177,B,O2 conc.B [nmol/mL],dataset_II,
623.9650145772595,137.9146566234732,B,O2 conc.B [nmol/mL],dataset_II,
624.1399416909621,138.45694358157,B,O2 conc.B [nmol/mL],dataset_II,
624.3148688046647,137.4252013290752,B,O2 conc.B [nmol/mL],dataset_II,
624.4897959183673,137.0107537966334,B,O2 conc.B [nmol/mL],dataset_II,
624.66472303207,137.147264741728,B,O2 conc.B [nmol/mL],dataset_II,
624.8396501457726,137.6304278138023,B,O2 conc.B [nmol/mL],dataset_II,
625.0145772594752,138.0316929018026,B,O2 conc.B [nmol/mL],dataset_II,
625.1895043731779,137.8440140868637,B,O2 conc.B [nmol/mL],dataset_II,
625.3644314868804,137.9140400204872,B,O2 conc.B [nmol/mL],dataset_II,
625.5393586005831,138.0658410117476,B,O2 conc.B [nmol/mL],dataset_II,
625.7142857142857,138.0554761374723,B,O2 conc.B [nmol/mL],dataset_II,
625.8892128279883,137.7447558149119,B,O2 conc.B [nmol/mL],dataset_II,
626.064139941691,138.0971547837428,B,O2 conc.B [nmol/mL],dataset_II,
626.2390670553935,137.289270618941,B,O2 conc.B [nmol/mL],dataset_II,
626.4139941690962,138.0497447701939,B,O2 conc.B [nmol/mL],dataset_II,
626.5889212827989,137.438587940159,B,O2 conc.B [nmol/mL],dataset_II,
626.7638483965014,137.584742448192,B,O2 conc.B [nmol/mL],dataset_II,
626.9387755102041,138.2605666083867,B,O2 conc.B [nmol/mL],dataset_II,
627.1137026239066,137.9386102765973,B,O2 conc.B [nmol/mL],dataset_II,
627.2886297376093,137.6793339969006,B,O2 conc.B [nmol/mL],dataset_II,
627.463556851312,137.9737802051417,B,O2 conc.B [nmol/mL],dataset_II,
627.6384839650145,137.3612027305035,B,O2 conc.B [nmol/mL],dataset_II,
627.8134110787172,137.8923177784547,B,O2 conc.B [nmol/mL],dataset_II,
627.9883381924199,137.7093769500977,B,O2 conc.B [nmol/mL],dataset_II,
628.1632653061224,137.6487371202765,B,O2 conc.B [nmol/mL],dataset_II,
628.3381924198251,137.5119024179076,B,O2 conc.B [nmol/mL],dataset_II,
628.5131195335277,137.6993510492247,B,O2 conc.B [nmol/mL],dataset_II,
628.6880466472303,136.827115029543,B,O2 conc.B [nmol/mL],dataset_II,
628.862973760933,137.3911378876621,B,O2 conc.B [nmol/mL],dataset_II,
629.0379008746356,137.5314219130423,B,O2 conc.B [nmol/mL],dataset_II,
629.2128279883382,137.5434316588436,B,O2 conc.B [nmol/mL],dataset_II,
629.3877551020408,136.9820536595309,B,O2 conc.B [nmol/mL],dataset_II,
629.5626822157434,136.7616736001632,B,O2 conc.B [nmol/mL],dataset_II,
629.7376093294461,137.4574012548469,B,O2 conc.B [nmol/mL],dataset_II,
629.9125364431487,137.5080702727246,B,O2 conc.B [nmol/mL],dataset_II,
630.0874635568513,137.0966806948907,B,O2 conc.B [nmol/mL],dataset_II,
630.2623906705539,136.9853609879715,B,O2 conc.B [nmol/mL],dataset_II,
630.4373177842566,137.4371566337145,B,O2 conc.B [nmol/mL],dataset_II,
630.6122448979592,137.399926624896,B,O2 conc.B [nmol/mL],dataset_II,
630.7871720116618,137.1795787329854,B,O2 conc.B [nmol/mL],dataset_II,
630.9620991253644,137.1544642633236,B,O2 conc.B [nmol/mL],dataset_II,
631.137026239067,137.0569180206845,B,O2 conc.B [nmol/mL],dataset_II,
631.3119533527697,137.6992394529841,B,O2 conc.B [nmol/mL],dataset_II,
631.4868804664723,137.7198324771326,B,O2 conc.B [nmol/mL],dataset_II,
631.6618075801749,137.3803312214457,B,O2 conc.B [nmol/mL],dataset_II,
631.8367346938776,136.5891462112121,B,O2 conc.B [nmol/mL],dataset_II,
632.0116618075801,137.3319114538678,B,O2 conc.B [nmol/mL],dataset_II,
632.1865889212828,136.6737986789091,B,O2 conc.B [nmol/mL],dataset_II,
632.3615160349855,136.5278827495721,B,O2 conc.B [nmol/mL],dataset_II,
632.536443148688,136.9286722006834,B,O2 conc.B [nmol/mL],dataset_II,
632.7113702623907,136.857345214501,B,O2 conc.B [nmol/mL],dataset_II,
632.8862973760934,137.2304074253013,B,O2 conc.B [nmol/mL],dataset_II,
633.0612244897959,136.8723091148335,B,O2 conc.B [nmol/mL],dataset_II,
633.2361516034986,137.2750542166064,B,O2 conc.B [nmol/mL],dataset_II,
633.4110787172011,137.6486676003517,B,O2 conc.B [nmol/mL],dataset_II,
633.5860058309038,136.900209686541,B,O2 conc.B [nmol/mL],dataset_II,
633.7609329446065,136.86632602803,B,O2 conc.B [nmol/mL],dataset_II,
633.935860058309,136.8235924262477,B,O2 conc.B [nmol/mL],dataset_II,
634.1107871720117,136.8621090387284,B,O2 conc.B [nmol/mL],dataset_II,
634.2857142857143,137.1505764591037,B,O2 conc.B [nmol/mL],dataset_II,
634.4606413994169,137.0637999053974,B,O2 conc.B [nmol/mL],dataset_II,
634.6355685131196,136.7317365998025,B,O2 conc.B [nmol/mL],dataset_II,
634.8104956268221,136.5764226478999,B,O2 conc.B [nmol/mL],dataset_II,
634.9854227405248,137.142926301637,B,O2 conc.B [nmol/mL],dataset_II,
635.1603498542274,136.9763610151032,B,O2 conc.B [nmol/mL],dataset_II,
635.33527696793,136.8348450951372,B,O2 conc.B [nmol/mL],dataset_II,
635.5102040816327,136.2336453040843,B,O2 conc.B [nmol/mL],dataset_II,
635.6851311953353,136.7736107644453,B,O2 conc.B [nmol/mL],dataset_II,
635.8600583090379,137.1298807954695,B,O2 conc.B [nmol/mL],dataset_II,
636.0349854227405,136.9984536506784,B,O2 conc.B [nmol/mL],dataset_II,
636.2099125364432,136.037605758727,B,O2 conc.B [nmol/mL],dataset_II,
636.3848396501458,136.6818685379553,B,O2 conc.B [nmol/mL],dataset_II,
636.5597667638484,136.8897073883609,B,O2 conc.B [nmol/mL],dataset_II,
636.734693877551,136.1895885193059,B,O2 conc.B [nmol/mL],dataset_II,
636.9096209912536,136.2873123604667,B,O2 conc.B [nmol/mL],dataset_II,
637.0845481049563,136.8557566585261,B,O2 conc.B [nmol/mL],dataset_II,
637.2594752186588,136.7569097303241,B,O2 conc.B [nmol/mL],dataset_II,
637.4344023323615,136.8881823011188,B,O2 conc.B [nmol/mL],dataset_II,
637.6093294460642,136.3046239707427,B,O2 conc.B [nmol/mL],dataset_II,
637.7842565597667,136.5271519969987,B,O2 conc.B [nmol/mL],dataset_II,
637.9591836734694,136.6436702640109,B,O2 conc.B [nmol/mL],dataset_II,
638.1341107871721,136.5941070511182,B,O2 conc.B [nmol/mL],dataset_II,
638.3090379008746,136.2771093462721,B,O2 conc.B [nmol/mL],dataset_II,
638.4839650145773,136.4467616230092,B,O2 conc.B [nmol/mL],dataset_II,
638.6588921282798,136.1969841164394,B,O2 conc.B [nmol/mL],dataset_II,
638.8338192419825,136.3325067545682,B,O2 conc.B [nmol/mL],dataset_II,
639.0087463556852,136.8796788118619,B,O2 conc.B [nmol/mL],dataset_II,
639.1836734693877,136.7657096878748,B,O2 conc.B [nmol/mL],dataset_II,
639.3586005830904,137.0372144620069,B,O2 conc.B [nmol/mL],dataset_II,
639.533527696793,137.0441853818903,B,O2 conc.B [nmol/mL],dataset_II,
639.7084548104956,136.5435016770545,B,O2 conc.B [nmol/mL],dataset_II,
639.8833819241983,135.9798446796246,B,O2 conc.B [nmol/mL],dataset_II,
640.0583090379009,135.9872338945974,B,O2 conc.B [nmol/mL],dataset_II,
640.2332361516035,135.9738949448156,B,O2 conc.B [nmol/mL],dataset_II,
640.4081632653061,136.5611807822418,B,O2 conc.B [nmol/mL],dataset_II,
640.5830903790087,136.3604984970897,B,O2 conc.B [nmol/mL],dataset_II,
640.7580174927114,136.471299317723,B,O2 conc.B [nmol/mL],dataset_II,
640.932944606414,136.4903203430608,B,O2 conc.B [nmol/mL],dataset_II,
641.1078717201166,136.4538094135018,B,O2 conc.B [nmol/mL],dataset_II,
641.2827988338192,136.029968038372,B,O2 conc.B [nmol/mL],dataset_II,
641.4577259475219,136.5756472375228,B,O2 conc.B [nmol/mL],dataset_II,
641.6326530612245,136.3251754500796,B,O2 conc.B [nmol/mL],dataset_II,
641.8075801749271,136.2567498846903,B,O2 conc.B [nmol/mL],dataset_II,
641.9825072886297,136.0274430387834,B,O2 conc.B [nmol/mL],dataset_II,
642.1574344023323,135.9392608399005,B,O2 conc.B [nmol/mL],dataset_II,
642.332361516035,136.4827374036518,B,O2 conc.B [nmol/mL],dataset_II,
642.5072886297376,136.5104830513443,B,O2 conc.B [nmol/mL],dataset_II,
642.6822157434402,136.7332793351251,B,O2 conc.B [nmol/mL],dataset_II,
642.8571428571429,136.321827456089,B,O2 conc.B [nmol/mL],dataset_II,
643.0320699708454,136.1343366998132,B,O2 conc.B [nmol/mL],dataset_II,
643.2069970845481,136.1970591928176,B,O2 conc.B [nmol/mL],dataset_II,
643.3819241982508,136.3931273648315,B,O2 conc.B [nmol/mL],dataset_II,
643.5568513119533,136.2657947925145,B,O2 conc.B [nmol/mL],dataset_II,
643.731778425656,135.8718054387635,B,O2 conc.B [nmol/mL],dataset_II,
643.9067055393587,135.9880570070952,B,O2 conc.B [nmol/mL],dataset_II,
644.0816326530612,136.120515800279,B,O2 conc.B [nmol/mL],dataset_II,
644.2565597667639,135.9511766883664,B,O2 conc.B [nmol/mL],dataset_II,
644.4314868804664,136.372678905178,B,O2 conc.B [nmol/mL],dataset_II,
644.6064139941691,136.082346595947,B,O2 conc.B [nmol/mL],dataset_II,
644.7813411078718,135.5669932585268,B,O2 conc.B [nmol/mL],dataset_II,
644.9562682215743,136.4220333673665,B,O2 conc.B [nmol/mL],dataset_II,
645.131195335277,135.9769263408342,B,O2 conc.B [nmol/mL],dataset_II,
645.3061224489796,135.8872048032526,B,O2 conc.B [nmol/mL],dataset_II,
645.4810495626822,135.9095623156652,B,O2 conc.B [nmol/mL],dataset_II,
645.6559766763849,135.9594246327914,B,O2 conc.B [nmol/mL],dataset_II,
645.8309037900874,136.2258971397933,B,O2 conc.B [nmol/mL],dataset_II,
646.0058309037901,136.387397760767,B,O2 conc.B [nmol/mL],dataset_II,
646.1807580174927,135.9539364097596,B,O2 conc.B [nmol/mL],dataset_II,
646.3556851311953,135.9052930699232,B,O2 conc.B [nmol/mL],dataset_II,
646.530612244898,136.3337229612064,B,O2 conc.B [nmol/mL],dataset_II,
646.7055393586006,135.6905042546003,B,O2 conc.B [nmol/mL],dataset_II,
646.8804664723032,136.0599923023654,B,O2 conc.B [nmol/mL],dataset_II,
647.0553935860058,135.9501609756049,B,O2 conc.B [nmol/mL],dataset_II,
647.2303206997085,135.8317688201962,B,O2 conc.B [nmol/mL],dataset_II,
647.405247813411,136.2277003845671,B,O2 conc.B [nmol/mL],dataset_II,
647.5801749271137,135.9467062858341,B,O2 conc.B [nmol/mL],dataset_II,
647.7551020408164,135.664056274049,B,O2 conc.B [nmol/mL],dataset_II,
647.9300291545189,135.4030752143625,B,O2 conc.B [nmol/mL],dataset_II,
648.1049562682216,135.7832203313394,B,O2 conc.B [nmol/mL],dataset_II,
648.2798833819242,135.5657840576178,B,O2 conc.B [nmol/mL],dataset_II,
648.4548104956268,136.5507571778241,B,O2 conc.B [nmol/mL],dataset_II,
648.6297376093295,136.0212933925955,B,O2 conc.B [nmol/mL],dataset_II,
648.804664723032,135.6453888960899,B,O2 conc.B [nmol/mL],dataset_II,
648.9795918367347,135.4446849798162,B,O2 conc.B [nmol/mL],dataset_II,
649.1545189504374,135.9752409809468,B,O2 conc.B [nmol/mL],dataset_II,
649.3294460641399,135.4278066028581,B,O2 conc.B [nmol/mL],dataset_II,
649.5043731778426,135.8420372795696,B,O2 conc.B [nmol/mL],dataset_II,
649.6793002915451,135.6056751565042,B,O2 conc.B [nmol/mL],dataset_II,
649.8542274052478,135.3098834689845,B,O2 conc.B [nmol/mL],dataset_II,
650.0291545189505,136.1895340624963,B,O2 conc.B [nmol/mL],dataset_II,
650.204081632653,135.9031716327395,B,O2 conc.B [nmol/mL],dataset_II,
650.3790087463557,135.2805149457584,B,O2 conc.B [nmol/mL],dataset_II,
650.5539358600583,135.3571065107805,B,O2 conc.B [nmol/mL],dataset_II,
650.7288629737609,135.470682559738,B,O2 conc.B [nmol/mL],dataset_II,
650.9037900874636,135.3788186972674,B,O2 conc.B [nmol/mL],dataset_II,
651.0787172011662,135.2974811156552,B,O2 conc.B [nmol/mL],dataset_II,
651.2536443148688,135.7044735326082,B,O2 conc.B [nmol/mL],dataset_II,
651.4285714285714,136.0210058689879,B,O2 conc.B [nmol/mL],dataset_II,
651.6034985422741,136.1810559681897,B,O2 conc.B [nmol/mL],dataset_II,
651.7784256559767,135.4673660589537,B,O2 conc.B [nmol/mL],dataset_II,
651.9533527696793,135.6976586795729,B,O2 conc.B [nmol/mL],dataset_II,
652.1282798833819,136.3120393251636,B,O2 conc.B [nmol/mL],dataset_II,
652.3032069970845,135.2335679336198,B,O2 conc.B [nmol/mL],dataset_II,
652.4781341107872,135.0957748207176,B,O2 conc.B [nmol/mL],dataset_II,
652.6530612244898,135.222084192105,B,O2 conc.B [nmol/mL],dataset_II,
652.8279883381924,135.0672849573419,B,O2 conc.B [nmol/mL],dataset_II,
653.0029154518951,135.1286368603917,B,O2 conc.B [nmol/mL],dataset_II,
653.1778425655976,135.1585392895873,B,O2 conc.B [nmol/mL],dataset_II,
653.3527696793003,135.6709589409955,B,O2 conc.B [nmol/mL],dataset_II,
653.5276967930029,134.6827995161115,B,O2 conc.B [nmol/mL],dataset_II,
653.7026239067055,135.2473789266158,B,O2 conc.B [nmol/mL],dataset_II,
653.8775510204082,135.3109096011882,B,O2 conc.B [nmol/mL],dataset_II,
654.0524781341107,135.2240700047136,B,O2 conc.B [nmol/mL],dataset_II,
654.2274052478134,134.8253534140412,B,O2 conc.B [nmol/mL],dataset_II,
654.4023323615161,135.9205205527088,B,O2 conc.B [nmol/mL],dataset_II,
654.5772594752186,134.3904105609154,B,O2 conc.B [nmol/mL],dataset_II,
654.7521865889213,134.7828600696781,B,O2 conc.B [nmol/mL],dataset_II,
654.927113702624,134.8419124799426,B,O2 conc.B [nmol/mL],dataset_II,
655.1020408163265,135.0955461209649,B,O2 conc.B [nmol/mL],dataset_II,
655.2769679300292,135.451623675472,B,O2 conc.B [nmol/mL],dataset_II,
655.4518950437317,135.2319204832325,B,O2 conc.B [nmol/mL],dataset_II,
655.6268221574344,134.9306934537939,B,O2 conc.B [nmol/mL],dataset_II,
655.801749271137,135.0367717790301,B,O2 conc.B [nmol/mL],dataset_II,
655.9766763848396,135.0284829365173,B,O2 conc.B [nmol/mL],dataset_II,
656.1516034985423,134.5984345934567,B,O2 conc.B [nmol/mL],dataset_II,
656.3265306122449,135.5416015505539,B,O2 conc.B [nmol/mL],dataset_II,
656.5014577259475,134.7843950069886,B,O2 conc.B [nmol/mL],dataset_II,
656.6763848396502,134.3466976616961,B,O2 conc.B [nmol/mL],dataset_II,
656.8513119533528,135.3827372637515,B,O2 conc.B [nmol/mL],dataset_II,
657.0262390670554,134.2900454923047,B,O2 conc.B [nmol/mL],dataset_II,
657.201166180758,134.9661522356163,B,O2 conc.B [nmol/mL],dataset_II,
657.3760932944606,135.4966471247347,B,O2 conc.B [nmol/mL],dataset_II,
657.5510204081633,134.9435897959543,B,O2 conc.B [nmol/mL],dataset_II,
657.7259475218659,134.8313076189137,B,O2 conc.B [nmol/mL],dataset_II,
657.9008746355685,134.7550971217379,B,O2 conc.B [nmol/mL],dataset_II,
658.0758017492711,135.3502008746174,B,O2 conc.B [nmol/mL],dataset_II,
658.2507288629738,134.8777291671225,B,O2 conc.B [nmol/mL],dataset_II,
658.4256559766764,135.3419929884507,B,O2 conc.B [nmol/mL],dataset_II,
658.600583090379,134.6480007529541,B,O2 conc.B [nmol/mL],dataset_II,
658.7755102040817,135.4365808876838,B,O2 conc.B [nmol/mL],dataset_II,
658.9504373177842,135.1722070231063,B,O2 conc.B [nmol/mL],dataset_II,
659.1253644314869,135.7159975096213,B,O2 conc.B [nmol/mL],dataset_II,
659.3002915451895,135.14756186455,B,O2 conc.B [nmol/mL],dataset_II,
659.4752186588921,135.2727491414993,B,O2 conc.B [nmol/mL],dataset_II,
659.6501457725948,135.9057243925817,B,O2 conc.B [nmol/mL],dataset_II,
659.8250728862973,135.2266936777252,B,O2 conc.B [nmol/mL],dataset_II,
660.0,135.0532587709151,B,O2 conc.B [nmol/mL],dataset_II,rotenone+antimycin
660.0769679300291,135.3157497525493,B,O2 conc.B [nmol/mL],dataset_II,
660.1539358600583,134.9422979164617,B,O2 conc.B [nmol/mL],dataset_II,
660.2309037900875,134.7282961596948,B,O2 conc.B [nmol/mL],dataset_II,
660.3078717201166,134.6851461495282,B,O2 conc.B [nmol/mL],dataset_II,
660.3848396501458,134.5429600566399,B,O2 conc.B [nmol/mL],dataset_II,
660.4618075801749,134.8129007672571,B,O2 conc.B [nmol/mL],dataset_II,
660.5387755102041,134.8552116301721,B,O2 conc.B [nmol/mL],dataset_II,
660.6157434402332,135.0809007428102,B,O2 conc.B [nmol/mL],dataset_II,
660.6927113702624,135.132321410976,B,O2 conc.B [nmol/mL],dataset_II,
660.7696793002915,134.654289297923,B,O2 conc.B [nmol/mL],dataset_II,
660.8466472303207,134.5116880879506,B,O2 conc.B [nmol/mL],dataset_II,
660.9236151603499,134.9402006811495,B,O2 conc.B [nmol/mL],dataset_II,
661.000583090379,134.8678302619954,B,O2 conc.B [nmol/mL],dataset_II,
661.0775510204081,134.7645659219942,B,O2 conc.B [nmol/mL],dataset_II,
661.1545189504374,134.3982726842371,B,O2 conc.B [nmol/mL],dataset_II,
661.2314868804665,134.755239770025,B,O2 conc.B [nmol/mL],dataset_II,
661.3084548104956,134.7949936342697,B,O2 conc.B [nmol/mL],dataset_II,
661.3854227405247,134.4376591649061,B,O2 conc.B [nmol/mL],dataset_II,
661.462390670554,134.5462576211185,B,O2 conc.B [nmol/mL],dataset_II,
661.5393586005831,134.593933093629,B,O2 conc.B [nmol/mL],dataset_II,
661.6163265306122,134.5344924506126,B,O2 conc.B [nmol/mL],dataset_II,
661.6932944606414,135.0655075765242,B,O2 conc.B [nmol/mL],dataset_II,
661.7702623906705,135.3666879454193,B,O2 conc.B [nmol/mL],dataset_II,
661.8472303206997,134.6834987515194,B,O2 conc.B [nmol/mL],dataset_II,
661.9241982507289,135.1048841748024,B,O2 conc.B [nmol/mL],dataset_II,
662.001166180758,134.626006434814,B,O2 conc.B [nmol/mL],dataset_II,
662.0781341107871,135.1837726405115,B,O2 conc.B [nmol/mL],dataset_II,
662.1551020408164,134.6346047849493,B,O2 conc.B [nmol/mL],dataset_II,
662.2320699708455,135.0012947654127,B,O2 conc.B [nmol/mL],dataset_II,
662.3090379008746,134.8077251129574,B,O2 conc.B [nmol/mL],dataset_II,
662.3860058309037,134.8271333443298,B,O2 conc.B [nmol/mL],dataset_II,
662.462973760933,135.1671041446781,B,O2 conc.B [nmol/mL],dataset_II,
662.5399416909621,134.9839223987721,B,O2 conc.B [nmol/mL],dataset_II,
662.6169096209912,134.3459891668953,B,O2 conc.B [nmol/mL],dataset_II,
662.6938775510204,134.7480311383433,B,O2 conc.B [nmol/mL],dataset_II,
662.7708454810496,134.5473554831565,B,O2 conc.B [nmol/mL],dataset_II,
662.8478134110787,134.5166953816443,B,O2 conc.B [nmol/mL],dataset_II,
662.9247813411079,134.7944176603089,B,O2 conc.B [nmol/mL],dataset_II,
663.001749271137,134.3137200158154,B,O2 conc.B [nmol/mL],dataset_II,
663.0787172011662,135.0132962979884,B,O2 conc.B [nmol/mL],dataset_II,
663.1556851311954,134.8207585806728,B,O2 conc.B [nmol/mL],dataset_II,
663.2326530612245,134.7590887309661,B,O2 conc.B [nmol/mL],dataset_II,
663.3096209912536,134.6639667990256,B,O2 conc.B [nmol/mL],dataset_II,
663.3865889212829,134.7740625090653,B,O2 conc.B [nmol/mL],dataset_II,
663.463556851312,134.440939638969,B,O2 conc.B [nmol/mL],dataset_II,
663.5405247813411,134.2163040361392,B,O2 conc.B [nmol/mL],dataset_II,
663.6174927113702,134.6225464439232,B,O2 conc.B [nmol/mL],dataset_II,
663.6944606413994,135.0836165027788,B,O2 conc.B [nmol/mL],dataset_II,
663.7714285714286,135.0641860734734,B,O2 conc.B [nmol/mL],dataset_II,
663.8483965014577,134.4086151399194,B,O2 conc.B [nmol/mL],dataset_II,
663.9253644314869,134.1381727166103,B,O2 conc.B [nmol/mL],dataset_II,
664.002332361516,135.0662400783611,B,O2 conc.B [nmol/mL],dataset_II,
664.0793002915452,134.7908547952672,B,O2 conc.B [nmol/mL],dataset_II,
664.1562682215744,135.0629103479311,B,O2 conc.B [nmol/mL],dataset_II,
664.2332361516035,135.2747643146834,B,O2 conc.B [nmol/mL],dataset_II,
664.3102040816326,134.8951693652842,B,O2 conc.B [nmol/mL],dataset_II,
664.3871720116618,134.4469834676106,B,O2 conc.B [nmol/mL],dataset_II,
664.464139941691,135.0322844528409,B,O2 conc.B [nmol/mL],dataset_II,
664.5411078717201,134.6494135049962,B,O2 conc.B [nmol/mL],dataset_II,
664.6180758017492,134.3911147157278,B,O2 conc.B [nmol/mL],dataset_II,
664.6950437317785,134.5935768343519,B,O2 conc.B [nmol/mL],dataset_II,
664.7720116618076,134.713553361095,B,O2 conc.B [nmol/mL],dataset_II,
664.8489795918367,135.1254073096008,B,O2 conc.B [nmol/mL],dataset_II,
664.9259475218659,134.3443175810259,B,O2 conc.B [nmol/mL],dataset_II,
665.0029154518951,135.0482134622106,B,O2 conc.B [nmol/mL],dataset_II,
665.0798833819242,135.1281204146672,B,O2 conc.B [nmol/mL],dataset_II,
665.1568513119533,134.46436701142,B,O2 conc.B [nmol/mL],dataset_II,
665.2338192419825,135.0291505754264,B,O2 conc.B [nmol/mL],dataset_II,
665.3107871720116,134.5678031052708,B,O2 conc.B [nmol/mL],dataset_II,
665.3877551020408,134.6961761371596,B,O2 conc.B [nmol/mL],dataset_II,
665.46472303207,135.2098618813103,B,O2 conc.B [nmol/mL],dataset_II,
665.5416909620991,135.4012828148876,B,O2 conc.B [nmol/mL],dataset_II,
665.6186588921282,135.1928507797584,B,O2 conc.B [nmol/mL],dataset_II,
665.6956268221575,134.9326174747255,B,O2 conc.B [nmol/mL],dataset_II,
665.7725947521866,134.2205380368135,B,O2 conc.B [nmol/mL],dataset_II,
665.8495626822157,135.3915214176824,B,O2 conc.B [nmol/mL],dataset_II,
665.9265306122448,134.3957461657206,B,O2 conc.B [nmol/mL],dataset_II,
666.0034985422741,134.7938893572275,B,O2 conc.B [nmol/mL],dataset_II,
666.0804664723032,133.9007917124127,B,O2 conc.B [nmol/mL],dataset_II,
666.1574344023323,135.0356231720175,B,O2 conc.B [nmol/mL],dataset_II,
666.2344023323615,135.0414108597066,B,O2 conc.B [nmol/mL],dataset_II,
666.3113702623907,135.3891343041076,B,O2 conc.B [nmol/mL],dataset_II,
666.3883381924198,134.5892525945255,B,O2 conc.B [nmol/mL],dataset_II,
666.465306122449,134.5622674883642,B,O2 conc.B [nmol/mL],dataset_II,
666.5422740524781,134.8003859722156,B,O2 conc.B [nmol/mL],dataset_II,
666.6192419825073,134.1366836391544,B,O2 conc.B [nmol/mL],dataset_II,
666.6962099125365,134.9516505616592,B,O2 conc.B [nmol/mL],dataset_II,
666.7731778425656,134.5224016608439,B,O2 conc.B [nmol/mL],dataset_II,
666.8501457725947,134.7450307458982,B,O2 conc.B [nmol/mL],dataset_II,
666.927113702624,134.6524374775173,B,O2 conc.B [nmol/mL],dataset_II,
667.0040816326531,135.0660100511552,B,O2 conc.B [nmol/mL],dataset_II,
667.0810495626822,135.5723329994307,B,O2 conc.B [nmol/mL],dataset_II,
667.1580174927113,134.6773989354937,B,O2 conc.B [nmol/mL],dataset_II,
667.2349854227405,135.3686626995046,B,O2 conc.B [nmol/mL],dataset_II,
667.3119533527697,134.3620668921111,B,O2 conc.B [nmol/mL],dataset_II,
667.3889212827988,134.6627321144167,B,O2 conc.B [nmol/mL],dataset_II,
667.465889212828,134.1494940956929,B,O2 conc.B [nmol/mL],dataset_II,
667.5428571428571,134.4655283375223,B,O2 conc.B [nmol/mL],dataset_II,
667.6198250728863,134.9542581048323,B,O2 conc.B [nmol/mL],dataset_II,
667.6967930029155,134.9926102311761,B,O2 conc.B [nmol/mL],dataset_II,
667.7737609329446,134.5347739081667,B,O2 conc.B [nmol/mL],dataset_II,
667.8507288629737,134.8712573889354,B,O2 conc.B [nmol/mL],dataset_II,
667.927696793003,134.2275856122548,B,O2 conc.B [nmol/mL],dataset_II,
668.0046647230321,133.9863078985147,B,O2 conc.B [nmol/mL],dataset_II,
668.0816326530612,135.2325173886494,B,O2 conc.B [nmol/mL],dataset_II,
668.1586005830903,135.2086461631319,B,O2 conc.B [nmol/mL],dataset_II,
668.2355685131196,134.8325842184972,B,O2 conc.B [nmol/mL],dataset_II,
668.3125364431487,134.1937909245316,B,O2 conc.B [nmol/mL],dataset_II,
668.3895043731778,134.7347526061428,B,O2 conc.B [nmol/mL],dataset_II,
668.466472303207,134.4076069400373,B,O2 conc.B [nmol/mL],dataset_II,
668.5434402332362,135.3622218992951,B,O2 conc.B [nmol/mL],dataset_II,
668.6204081632653,135.0051007778185,B,O2 conc.B [nmol/mL],dataset_II,
668.6973760932945,134.4986170095358,B,O2 conc.B [nmol/mL],dataset_II,
668.7743440233236,134.4246360240709,B,O2 conc.B [nmol/mL],dataset_II,
668.8513119533527,134.6263524903906,B,O2 conc.B [nmol/mL],dataset_II,
668.928279883382,134.2544385609598,B,O2 conc.B [nmol/mL],dataset_II,
669.0052478134111,134.5966632458779,B,O2 conc.B [nmol/mL],dataset_II,
669.0822157434402,134.4637949958502,B,O2 conc.B [nmol/mL],dataset_II,
669.1591836734693,135.0927193901629,B,O2 conc.B [nmol/mL],dataset_II,
669.2361516034986,134.8890328250112,B,O2 conc.B [nmol/mL],dataset_II,
669.3131195335277,134.8410824852457,B,O2 conc.B [nmol/mL],dataset_II,
669.3900874635568,135.1037068213415,B,O2 conc.B [nmol/mL],dataset_II,
669.467055393586,134.7608322944517,B,O2 conc.B [nmol/mL],dataset_II,
669.5440233236152,134.2995170824981,B,O2 conc.B [nmol/mL],dataset_II,
669.6209912536443,134.5580054663436,B,O2 conc.B [nmol/mL],dataset_II,
669.6979591836734,134.7593748438455,B,O2 conc.B [nmol/mL],dataset_II,
669.7749271137026,134.6341987097682,B,O2 conc.B [nmol/mL],dataset_II,
669.8518950437318,134.8645431133441,B,O2 conc.B [nmol/mL],dataset_II,
669.9288629737609,135.0067680147778,B,O2 conc.B [nmol/mL],dataset_II,
670.0058309037901,134.8284524136415,B,O2 conc.B [nmol/mL],dataset_II,
670.0827988338192,135.0999777708604,B,O2 conc.B [nmol/mL],dataset_II,
670.1597667638484,134.5099042396538,B,O2 conc.B [nmol/mL],dataset_II,
670.2367346938776,135.4495027053354,B,O2 conc.B [nmol/mL],dataset_II,
670.3137026239067,134.634174296482,B,O2 conc.B [nmol/mL],dataset_II,
670.3906705539358,135.1502231302292,B,O2 conc.B [nmol/mL],dataset_II,
670.467638483965,135.1554216521848,B,O2 conc.B [nmol/mL],dataset_II,
670.5446064139942,134.4605003507523,B,O2 conc.B [nmol/mL],dataset_II,
670.6215743440233,134.8972145334977,B,O2 conc.B [nmol/mL],dataset_II,
670.6985422740524,135.0127969795876,B,O2 conc.B [nmol/mL],dataset_II,
670.7755102040816,135.2665262428404,B,O2 conc.B [nmol/mL],dataset_II,
670.8524781341108,135.0687738038839,B,O2 conc.B [nmol/mL],dataset_II,
670.9294460641399,134.8247799874483,B,O2 conc.B [nmol/mL],dataset_II,
671.0064139941691,134.5748751886273,B,O2 conc.B [nmol/mL],dataset_II,
671.0833819241982,134.5805649716276,B,O2 conc.B [nmol/mL],dataset_II,
671.1603498542274,134.4729773501861,B,O2 conc.B [nmol/mL],dataset_II,
671.2373177842566,134.9790942176036,B,O2 conc.B [nmol/mL],dataset_II,
671.3142857142857,135.3122041688352,B,O2 conc.B [nmol/mL],dataset_II,
671.3912536443148,134.7583072766037,B,O2 conc.B [nmol/mL],dataset_II,
671.468221574344,134.7235468514557,B,O2 conc.B [nmol/mL],dataset_II,
671.5451895043732,134.2015129107191,B,O2 conc.B [nmol/mL],dataset_II,
671.6221574344023,135.5477311511292,B,O2 conc.B [nmol/mL],dataset_II,
671.6991253644314,134.4380611790556,B,O2 conc.B [nmol/mL],dataset_II,
671.7760932944607,134.2830193378871,B,O2 conc.B [nmol/mL],dataset_II,
671.8530612244898,135.0066786631203,B,O2 conc.B [nmol/mL],dataset_II,
671.9300291545189,134.9261003806835,B,O2 conc.B [nmol/mL],dataset_II,
672.0069970845481,134.9649520673671,B,O2 conc.B [nmol/mL],dataset_II,
672.0839650145773,134.3731528552448,B,O2 conc.B [nmol/mL],dataset_II,
672.1609329446064,134.7646469435608,B,O2 conc.B [nmol/mL],dataset_II,
672.2379008746356,134.8345278923277,B,O2 conc.B [nmol/mL],dataset_II,
672.3148688046647,134.1704201424656,B,O2 conc.B [nmol/mL],dataset_II,
672.3918367346938,134.8650610918273,B,O2 conc.B [nmol/mL],dataset_II,
672.468804664723,134.7579914193729,B,O2 conc.B [nmol/mL],dataset_II,
672.5457725947522,134.9604269369924,B,O2 conc.B [nmol/mL],dataset_II,
672.6227405247813,134.1791959217889,B,O2 conc.B [nmol/mL],dataset_II,
672.6997084548104,135.1157960827453,B,O2 conc.B [nmol/mL],dataset_II,
672.7766763848397,134.5086439479287,B,O2 conc.B [nmol/mL],dataset_II,
672.8536443148688,134.5237332300899,B,O2 conc.B [nmol/mL],dataset_II,
672.9306122448979,134.0814480242577,B,O2 conc.B [nmol/mL],dataset_II,
673.007580174927,134.5176753440895,B,O2 conc.B [nmol/mL],dataset_II,
673.0845481049563,134.5279335421535,B,O2 conc.B [nmol/mL],dataset_II,
673.1615160349854,135.0851095148509,B,O2 conc.B [nmol/mL],dataset_II,
673.2384839650146,134.6632866314124,B,O2 conc.B [nmol/mL],dataset_II,
673.3154518950437,134.4189105570743,B,O2 conc.B [nmol/mL],dataset_II,
673.3924198250729,135.0798010402646,B,O2 conc.B [nmol/mL],dataset_II,
673.469387755102,135.0283687472221,B,O2 conc.B [nmol/mL],dataset_II,
673.5463556851312,135.0847145154185,B,O2 conc.B [nmol/mL],dataset_II,
673.6233236151603,134.7966287938561,B,O2 conc.B [nmol/mL],dataset_II,
673.7002915451895,135.1461778994435,B,O2 conc.B [nmol/mL],dataset_II,
673.7772594752187,134.88914321353,B,O2 conc.B [nmol/mL],dataset_II,
673.8542274052478,135.1698210107892,B,O2 conc.B [nmol/mL],dataset_II,
673.9311953352769,134.9892824458662,B,O2 conc.B [nmol/mL],dataset_II,
674.0081632653062,134.4348410840188,B,O2 conc.B [nmol/mL],dataset_II,
674.0851311953353,135.1372781483622,B,O2 conc.B [nmol/mL],dataset_II,
674.1620991253644,134.9287860742028,B,O2 conc.B [nmol/mL],dataset_II,
674.2390670553935,134.5668000383846,B,O2 conc.B [nmol/mL],dataset_II,
674.3160349854227,134.3718892685678,B,O2 conc.B [nmol/mL],dataset_II,
674.3930029154519,134.4645671019939,B,O2 conc.B [nmol/mL],dataset_II,
674.469970845481,135.0251877686943,B,O2 conc.B [nmol/mL],dataset_II,
674.5469387755102,134.4736303046782,B,O2 conc.B [nmol/mL],dataset_II,
674.6239067055393,134.6505432657823,B,O2 conc.B [nmol/mL],dataset_II,
674.7008746355685,135.3789977869853,B,O2 conc.B [nmol/mL],dataset_II,
674.7778425655977,134.604933271586,B,O2 conc.B [nmol/mL],dataset_II,
674.8548104956268,135.1846059878388,B,O2 conc.B [nmol/mL],dataset_II,
674.9317784256559,135.3247801325496,B,O2 conc.B [nmol/mL],dataset_II,
675.0087463556852,135.2201697335059,B,O2 conc.B [nmol/mL],dataset_II,
675.0857142857143,134.5961826351038,B,O2 conc.B [nmol/mL],dataset_II,
675.1626822157434,134.2820878743435,B,O2 conc.B [nmol/mL],dataset_II,
675.2396501457725,135.4741957213007,B,O2 conc.B [nmol/mL],dataset_II,
675.3166180758018,134.6382913763357,B,O2 conc.B [nmol/mL],dataset_II,
675.3935860058309,134.4609027392121,B,O2 conc.B [nmol/mL],dataset_II,
675.47055393586,135.1264428760767,B,O2 conc.B [nmol/mL],dataset_II,
675.5475218658892,135.3602227377415,B,O2 conc.B [nmol/mL],dataset_II,
675.6244897959184,134.5023190557214,B,O2 conc.B [nmol/mL],dataset_II,
675.7014577259475,134.8886588310904,B,O2 conc.B [nmol/mL],dataset_II,
675.7784256559767,133.9856161506998,B,O2 conc.B [nmol/mL],dataset_II,
675.8553935860058,134.4579378616844,B,O2 conc.B [nmol/mL],dataset_II,
675.9323615160349,134.3599991243663,B,O2 conc.B [nmol/mL],dataset_II,
676.0093294460642,134.7879244500779,B,O2 conc.B [nmol/mL],dataset_II,
676.0862973760933,134.8322175081217,B,O2 conc.B [nmol/mL],dataset_II,
676.1632653061224,134.7387779021305,B,O2 conc.B [nmol/mL],dataset_II,
676.2402332361515,134.965244877048,B,O2 conc.B [nmol/mL],dataset_II,
676.3172011661808,134.8533452527914,B,O2 conc.B [nmol/mL],dataset_II,
676.3941690962099,134.8351066315506,B,O2 conc.B [nmol/mL],dataset_II,
676.471137026239,134.6708046534073,B,O2 conc.B [nmol/mL],dataset_II,
676.5481049562682,134.8107146138013,B,O2 conc.B [nmol/mL],dataset_II,
676.6250728862974,135.1954393922057,B,O2 conc.B [nmol/mL],dataset_II,
676.7020408163265,134.4450994314842,B,O2 conc.B [nmol/mL],dataset_II,
676.7790087463557,134.1504665394704,B,O2 conc.B [nmol/mL],dataset_II,
676.8559766763848,134.4552567951038,B,O2 conc.B [nmol/mL],dataset_II,
676.932944606414,134.5242572549448,B,O2 conc.B [nmol/mL],dataset_II,
677.0099125364432,134.6152892784048,B,O2 conc.B [nmol/mL],dataset_II,
677.0868804664723,135.2940867418098,B,O2 conc.B [nmol/mL],dataset_II,
677.1638483965014,134.5256825320521,B,O2 conc.B [nmol/mL],dataset_II,
677.2408163265306,135.0774483179096,B,O2 conc.B [nmol/mL],dataset_II,
677.3177842565598,134.8760501546522,B,O2 conc.B [nmol/mL],dataset_II,
677.3947521865889,134.8603181657702,B,O2 conc.B [nmol/mL],dataset_II,
677.471720116618,135.0593440519716,B,O2 conc.B [nmol/mL],dataset_II,
677.5486880466472,134.811512038858,B,O2 conc.B [nmol/mL],dataset_II,
677.6256559766764,134.2410215135173,B,O2 conc.B [nmol/mL],dataset_II,
677.7026239067055,134.8438431935435,B,O2 conc.B [nmol/mL],dataset_II,
677.7795918367347,134.8571918218894,B,O2 conc.B [nmol/mL],dataset_II,
677.8565597667638,134.1068028172712,B,O2 conc.B [nmol/mL],dataset_II,
677.933527696793,134.6175632539033,B,O2 conc.B [nmol/mL],dataset_II,
678.0104956268221,134.4192199464223,B,O2 conc.B [nmol/mL],dataset_II,
678.0874635568513,133.9607219825142,B,O2 conc.B [nmol/mL],dataset_II,
678.1644314868804,135.3710641009285,B,O2 conc.B [nmol/mL],dataset_II,
678.2413994169096,134.7777686825245,B,O2 conc.B [nmol/mL],dataset_II,
678.3183673469388,134.562153910948,B,O2 conc.B [nmol/mL],dataset_II,
678.3953352769679,134.7509702625318,B,O2 conc.B [nmol/mL],dataset_II,
678.472303206997,134.7585588862549,B,O2 conc.B [nmol/mL],dataset_II,
678.5492711370263,134.429570572301,B,O2 conc.B [nmol/mL],dataset_II,
678.6262390670554,135.007559826427,B,O2 conc.B [nmol/mL],dataset_II,
678.7032069970845,134.7086310322179,B,O2 conc.B [nmol/mL],dataset_II,
678.7801749271136,134.7164446560074,B,O2 conc.B [nmol/mL],dataset_II,
678.8571428571429,135.0840275301906,B,O2 conc.B [nmol/mL],dataset_II,
678.934110787172,134.6950295454438,B,O2 conc.B [nmol/mL],dataset_II,
679.0110787172011,134.7190124010778,B,O2 conc.B [nmol/mL],dataset_II,
679.0880466472303,135.3272586344486,B,O2 conc.B [nmol/mL],dataset_II,
679.1650145772594,134.9009755948778,B,O2 conc.B [nmol/mL],dataset_II,
679.2419825072886,134.0979763654297,B,O2 conc.B [nmol/mL],dataset_II,
679.3189504373178,134.8092371216184,B,O2 conc.B [nmol/mL],dataset_II,
679.3959183673469,134.514792874944,B,O2 conc.B [nmol/mL],dataset_II,
679.472886297376,134.6639153670103,B,O2 conc.B [nmol/mL],dataset_II,
679.5498542274053,133.8738465921182,B,O2 conc.B [nmol/mL],dataset_II,
679.6268221574344,134.9639235754667,B,O2 conc.B [nmol/mL],dataset_II,
679.7037900874635,135.4432865608141,B,O2 conc.B [nmol/mL],dataset_II,
679.7807580174926,134.7918774999663,B,O2 conc.B [nmol/mL],dataset_II,
679.8577259475219,134.6978985701419,B,O2 conc.B [nmol/mL],dataset_II,
679.934693877551,134.6441371843881,B,O2 conc.B [nmol/mL],dataset_II,
680.0116618075801,134.6468631122184,B,O2 conc.B [nmol/mL],dataset_II,
680.0886297376093,134.9088716028575,B,O2 conc.B [nmol/mL],dataset_II,
680.1655976676385,134.5814508867867,B,O2 conc.B [nmol/mL],dataset_II,
680.2425655976676,134.7170259797969,B,O2 conc.B [nmol/mL],dataset_II,
680.3195335276968,135.0302549807192,B,O2 conc.B [nmol/mL],dataset_II,
680.3965014577259,134.7896578444861,B,O2 conc.B [nmol/mL],dataset_II,
680.4734693877551,134.7436028940122,B,O2 conc.B [nmol/mL],dataset_II,
680.5504373177843,134.5177196776107,B,O2 conc.B [nmol/mL],dataset_II,
680.6274052478134,134.6781832607198,B,O2 conc.B [nmol/mL],dataset_II,
680.7043731778425,134.9493826215667,B,O2 conc.B [nmol/mL],dataset_II,
680.7813411078718,134.7099164532893,B,O2 conc.B [nmol/mL],dataset_II,
680.8583090379009,134.8668334237915,B,O2 conc.B [nmol/mL],dataset_II,
680.93527696793,134.5814053653377,B,O2 conc.B [nmol/mL],dataset_II,
681.0122448979591,135.1869943449825,B,O2 conc.B [nmol/mL],dataset_II,
681.0892128279884,134.7492670491386,B,O2 conc.B [nmol/mL],dataset_II,
681.1661807580175,135.1421475900101,B,O2 conc.B [nmol/mL],dataset_II,
681.2431486880466,135.0381551429183,B,O2 conc.B [nmol/mL],dataset_II,
681.3201166180758,134.7712914004522,B,O2 conc.B [nmol/mL],dataset_II,
681.3970845481049,134.9833091102469,B,O2 conc.B [nmol/mL],dataset_II,
681.4740524781341,134.7328407371213,B,O2 conc.B [nmol/mL],dataset_II,
681.5510204081633,134.2127241772812,B,O2 conc.B [nmol/mL],dataset_II,
681.6279883381924,134.7857854597089,B,O2 conc.B [nmol/mL],dataset_II,
681.7049562682215,134.420931323752,B,O2 conc.B [nmol/mL],dataset_II,
681.7819241982507,134.9515573364234,B,O2 conc.B [nmol/mL],dataset_II,
681.8588921282799,135.1163698729202,B,O2 conc.B [nmol/mL],dataset_II,
681.935860058309,134.3437013817413,B,O2 conc.B [nmol/mL],dataset_II,
682.0128279883381,134.839715277617,B,O2 conc.B [nmol/mL],dataset_II,
682.0897959183674,134.8029041629831,B,O2 conc.B [nmol/mL],dataset_II,
682.1667638483965,135.1120519514563,B,O2 conc.B [nmol/mL],dataset_II,
682.2437317784256,134.4089443616537,B,O2 conc.B [nmol/mL],dataset_II,
682.3206997084548,134.5331287887241,B,O2 conc.B [nmol/mL],dataset_II,
682.397667638484,134.9454668017437,B,O2 conc.B [nmol/mL],dataset_II,
682.4746355685131,134.5043909032311,B,O2 conc.B [nmol/mL],dataset_II,
682.5516034985422,134.6627652574722,B,O2 conc.B [nmol/mL],dataset_II,
682.6285714285714,134.9180683305194,B,O2 conc.B [nmol/mL],dataset_II,
682.7055393586006,135.209923272644,B,O2 conc.B [nmol/mL],dataset_II,
682.7825072886297,134.8897240634701,B,O2 conc.B [nmol/mL],dataset_II,
682.8594752186589,135.2421434188446,B,O2 conc.B [nmol/mL],dataset_II,
682.936443148688,134.957914410886,B,O2 conc.B [nmol/mL],dataset_II,
683.0134110787171,135.1347135016263,B,O2 conc.B [nmol/mL],dataset_II,
683.0903790087464,134.9900784803739,B,O2 conc.B [nmol/mL],dataset_II,
683.1673469387755,134.3749871940033,B,O2 conc.B [nmol/mL],dataset_II,
683.2443148688046,134.270297328965,B,O2 conc.B [nmol/mL],dataset_II,
683.3212827988337,134.407599955033,B,O2 conc.B [nmol/mL],dataset_II,
683.398250728863,134.7053162350662,B,O2 conc.B [nmol/mL],dataset_II,
683.4752186588921,134.6711586965702,B,O2 conc.B [nmol/mL],dataset_II,
683.5521865889212,135.0628886316624,B,O2 conc.B [nmol/mL],dataset_II,
683.6291545189504,134.6077561217932,B,O2 conc.B [nmol/mL],dataset_II,
683.7061224489796,134.8975603928269,B,O2 conc.B [nmol/mL],dataset_II,
683.7830903790087,135.1496068951024,B,O2 conc.B [nmol/mL],dataset_II,
683.8600583090379,135.2280937525664,B,O2 conc.B [nmol/mL],dataset_II,
683.937026239067,135.2683422189563,B,O2 conc.B [nmol/mL],dataset_II,
684.0139941690962,135.1364239782251,B,O2 conc.B [nmol/mL],dataset_II,
684.0909620991254,134.7556021398581,B,O2 conc.B [nmol/mL],dataset_II,
684.1679300291545,134.9098339424253,B,O2 conc.B [nmol/mL],dataset_II,
684.2448979591836,134.2652223343861,B,O2 conc.B [nmol/mL],dataset_II,
684.3218658892129,134.8651305839441,B,O2 conc.B [nmol/mL],dataset_II,
684.398833819242,134.5732852997245,B,O2 conc.B [nmol/mL],dataset_II,
684.4758017492711,135.0874934114569,B,O2 conc.B [nmol/mL],dataset_II,
684.5527696793002,134.887652837258,B,O2 conc.B [nmol/mL],dataset_II,
684.6297376093294,134.317873792902,B,O2 conc.B [nmol/mL],dataset_II,
684.7067055393586,134.2802608255431,B,O2 conc.B [nmol/mL],dataset_II,
684.7836734693877,135.1051337482234,B,O2 conc.B [nmol/mL],dataset_II,
684.8606413994169,134.8703179096757,B,O2 conc.B [nmol/mL],dataset_II,
684.937609329446,134.9010105272114,B,O2 conc.B [nmol/mL],dataset_II,
685.0145772594752,134.6948617472405,B,O2 conc.B [nmol/mL],dataset_II,
685.0915451895044,134.7549390652746,B,O2 conc.B [nmol/mL],dataset_II,
685.1685131195335,134.9820167225459,B,O2 conc.B [nmol/mL],dataset_II,
685.2454810495626,135.3827907712442,B,O2 conc.B [nmol/mL],dataset_II,
685.3224489795919,134.7371746578571,B,O2 conc.B [nmol/mL],dataset_II,
685.399416909621,135.4784909562052,B,O2 conc.B [nmol/mL],dataset_II,
685.4763848396501,134.391966489468,B,O2 conc.B [nmol/mL],dataset_II,
685.5533527696792,134.299405470924,B,O2 conc.B [nmol/mL],dataset_II,
685.6303206997085,134.455256276507,B,O2 conc.B [nmol/mL],dataset_II,
685.7072886297376,134.5479707812812,B,O2 conc.B [nmol/mL],dataset_II,
685.7842565597667,134.2412391479493,B,O2 conc.B [nmol/mL],dataset_II,
685.8612244897959,134.977570027073,B,O2 conc.B [nmol/mL],dataset_II,
685.9381924198251,135.0989379695815,B,O2 conc.B [nmol/mL],dataset_II,
686.0151603498542,135.0939521589111,B,O2 conc.B [nmol/mL],dataset_II,
686.0921282798834,134.7201166809149,B,O2 conc.B [nmol/mL],dataset_II,
686.1690962099125,135.5042532635996,B,O2 conc.B [nmol/mL],dataset_II,
686.2460641399416,134.6696682879261,B,O2 conc.B [nmol/mL],dataset_II,
686.3230320699708,134.7726807559952,B,O2 conc.B [nmol/mL],dataset_II,
686.4,135.1224978270096,B,O2 conc.B [nmol/mL],dataset_II,end
