time_s,oxygen_nmol_ml,chamber,source_column,dataset,event
210.0,171.3743325552733,A,O2 conc.A [nmol/mL],dataset_II,start
211.3432835820896,171.3087730049522,A,O2 conc.A [nmol/mL],dataset_II,
212.6865671641791,171.5007122789971,A,O2 conc.A [nmol/mL],dataset_II,
214.0298507462687,171.3655467611934,A,O2 conc.A [nmol/mL],dataset_II,
215.3731343283582,171.2040263808697,A,O2 conc.A [nmol/mL],dataset_II,
216.7164179104478,171.4268703249334,A,O2 conc.A [nmol/mL],dataset_II,
218.0597014925373,171.6609040767586,A,O2 conc.A [nmol/mL],dataset_II,
219.4029850746269,171.5700101780729,A,O2 conc.A [nmol/mL],dataset_II,
220.7462686567164,171.1555439669582,A,O2 conc.A [nmol/mL],dataset_II,
222.089552238806,171.0132607127093,A,O2 conc.A [nmol/mL],dataset_II,
223.4328358208955,171.1718346342529,A,O2 conc.A [nmol/mL],dataset_II,
224.7761194029851,171.3359190625767,A,O2 conc.A [nmol/mL],dataset_II,
226.1194029850746,170.7421594758973,A,O2 conc.A [nmol/mL],dataset_II,
227.4626865671642,171.266442052868,A,O2 conc.A [nmol/mL],dataset_II,
228.8059701492537,171.0072757704689,A,O2 conc.A [nmol/mL],dataset_II,
230.1492537313433,171.1331877753098,A,O2 conc.A [nmol/mL],dataset_II,
231.4925373134328,171.1775737530447,A,O2 conc.A [nmol/mL],dataset_II,
232.8358208955224,171.2318204859005,A,O2 conc.A [nmol/mL],dataset_II,
234.1791044776119,171.4108986449638,A,O2 conc.A [nmol/mL],dataset_II,
235.5223880597015,171.5474063172652,A,O2 conc.A [nmol/mL],dataset_II,
236.865671641791,171.1200789145684,A,O2 conc.A [nmol/mL],dataset_II,
238.2089552238806,171.3318138185588,A,O2 conc.A [nmol/mL],dataset_II,
239.5522388059701,170.6585727118975,A,O2 conc.A [nmol/mL],dataset_II,
240.8955223880597,170.7470263485025,A,O2 conc.A [nmol/mL],dataset_II,
242.2388059701493,170.7192465482825,A,O2 conc.A [nmol/mL],dataset_II,
243.5820895522388,170.3511065667507,A,O2 conc.A [nmol/mL],dataset_II,
244.9253731343284,169.9759525000818,A,O2 conc.A [nmol/mL],dataset_II,
246.2686567164179,169.7656197101797,A,O2 conc.A [nmol/mL],dataset_II,
247.6119402985075,169.7158433301438,A,O2 conc.A [nmol/mL],dataset_II,
248.955223880597,169.7195472977408,A,O2 conc.A [nmol/mL],dataset_II,
250.2985074626866,169.2463177017395,A,O2 conc.A [nmol/mL],dataset_II,
251.6417910447761,169.2806520846572,A,O2 conc.A [nmol/mL],dataset_II,
252.9850746268657,169.1273634566474,A,O2 conc.A [nmol/mL],dataset_II,
254.3283582089552,169.1366048360483,A,O2 conc.A [nmol/mL],dataset_II,
255.6716417910448,168.8892819512544,A,O2 conc.A [nmol/mL],dataset_II,
257.0149253731344,168.7586840788469,A,O2 conc.A [nmol/mL],dataset_II,
258.3582089552239,168.340607480524,A,O2 conc.A [nmol/mL],dataset_II,
259.7014925373134,168.305884955747,A,O2 conc.A [nmol/mL],dataset_II,
261.044776119403,168.3685059629772,A,O2 conc.A [nmol/mL],dataset_II,
262.3880597014925,168.3800936130586,A,O2 conc.A [nmol/mL],dataset_II,
263.7313432835821,167.526193175019,A,O2 conc.A [nmol/mL],dataset_II,
265.0746268656716,168.0536642335295,A,O2 conc.A [nmol/mL],dataset_II,
266.4179104477612,167.8458758782598,A,O2 conc.A [nmol/mL],dataset_II,
267.7611940298507,167.5389586049588,A,O2 conc.A [nmol/mL],dataset_II,
269.1044776119403,167.2439683948354,A,O2 conc.A [nmol/mL],dataset_II,
270.4477611940299,166.9335975160885,A,O2 conc.A [nmol/mL],dataset_II,
271.7910447761194,167.2108071230763,A,O2 conc.A [nmol/mL],dataset_II,
273.134328358209,167.170590263774,A,O2 conc.A [nmol/mL],dataset_II,
274.4776119402985,166.9651581345975,A,O2 conc.A [nmol/mL],dataset_II,
275.8208955223881,166.677749090784,A,O2 conc.A [nmol/mL],dataset_II,
277.1641791044776,166.2725419847346,A,O2 conc.A [nmol/mL],dataset_II,
278.5074626865672,165.7153409564688,A,O2 conc.A [nmol/mL],dataset_II,
279.8507462686567,165.8505308137288,A,O2 conc.A [nmol/mL],dataset_II,
281.1940298507463,165.8499868132474,A,O2 conc.A [nmol/mL],dataset_II,
282.5373134328358,165.1980014460104,A,O2 conc.A [nmol/mL],dataset_II,
283.8805970149254,165.4530960594627,A,O2 conc.A [nmol/mL],dataset_II,
285.223880597015,165.2960052007579,A,O2 conc.A [nmol/mL],dataset_II,
286.5671641791045,165.1967736908153,A,O2 conc.A [nmol/mL],dataset_II,
287.9104477611941,164.5609572509076,A,O2 conc.A [nmol/mL],dataset_II,
289.2537313432836,164.5257848323594,A,O2 conc.A [nmol/mL],dataset_II,
290.5970149253732,164.416325396605,A,O2 conc.A [nmol/mL],dataset_II,
291.9402985074627,164.0672074645218,A,O2 conc.A [nmol/mL],dataset_II,
293.2835820895522,164.6287236438216,A,O2 conc.A [nmol/mL],dataset_II,
294.6268656716418,163.9041277255187,A,O2 conc.A [nmol/mL],dataset_II,
295.9701492537313,163.9445715482206,A,O2 conc.A [nmol/mL],dataset_II,
297.3134328358209,163.6319097377506,A,O2 conc.A [nmol/mL],dataset_II,
298.6567164179104,163.9266448271983,A,O2 conc.A [nmol/mL],dataset_II,
300.0,163.6950905876559,A,O2 conc.A [nmol/mL],dataset_II,oligomycin
300.5247813411079,163.4736620504767,A,O2 conc.A [nmol/mL],dataset_II,
301.0495626822158,162.7321123005318,A,O2 conc.A [nmol/mL],dataset_II,
301.5743440233236,163.270529638195,A,O2 conc.A [nmol/mL],dataset_II,
302.0991253644315,163.4055513288173,A,O2 conc.A [nmol/mL],dataset_II,
302.6239067055394,163.4636540277349,A,O2 conc.A [nmol/mL],dataset_II,
303.1486880466472,163.0365473597382,A,O2 conc.A [nmol/mL],dataset_II,
303.6734693877551,163.6250016556664,A,O2 conc.A [nmol/mL],dataset_II,
304.1982507288629,162.8179055822088,A,O2 conc.A [nmol/mL],dataset_II,
304.7230320699708,162.9611597002475,A,O2 conc.A [nmol/mL],dataset_II,
305.2478134110787,163.3388374056363,A,O2 conc.A [nmol/mL],dataset_II,
305.7725947521866,163.0958734496517,A,O2 conc.A [nmol/mL],dataset_II,
306.2973760932945,163.5627434121938,A,O2 conc.A [nmol/mL],dataset_II,
306.8221574344024,163.0878107355901,A,O2 conc.A [nmol/mL],dataset_II,
307.3469387755102,162.8609181623266,A,O2 conc.A [nmol/mL],dataset_II,
307.8717201166181,162.9033615802603,A,O2 conc.A [nmol/mL],dataset_II,
308.3965014577259,162.7035017024585,A,O2 conc.A [nmol/mL],dataset_II,
308.9212827988338,162.6354039702733,A,O2 conc.A [nmol/mL],dataset_II,
309.4460641399417,163.0909626684451,A,O2 conc.A [nmol/mL],dataset_II,
309.9708454810495,163.057187034341,A,O2 conc.A [nmol/mL],dataset_II,
310.4956268221574,163.214071069787,A,O2 conc.A [nmol/mL],dataset_II,
311.0204081632653,162.6803156981333,A,O2 conc.A [nmol/mL],dataset_II,
311.5451895043732,163.2697797907505,A,O2 conc.A [nmol/mL],dataset_II,
312.0699708454811,162.7541917839602,A,O2 conc.A [nmol/mL],dataset_II,
312.5947521865889,163.1981765649895,A,O2 conc.A [nmol/mL],dataset_II,
313.1195335276968,162.6749138177981,A,O2 conc.A [nmol/mL],dataset_II,
313.6443148688047,162.5777752416894,A,O2 conc.A [nmol/mL],dataset_II,
314.1690962099125,162.8026281932038,A,O2 conc.A [nmol/mL],dataset_II,
314.6938775510204,162.9765809048991,A,O2 conc.A [nmol/mL],dataset_II,
315.2186588921283,162.7375058106381,A,O2 conc.A [nmol/mL],dataset_II,
315.7434402332361,162.5294069936048,A,O2 conc.A [nmol/mL],dataset_II,
316.268221574344,162.319020053656,A,O2 conc.A [nmol/mL],dataset_II,
316.7930029154519,162.2824807107587,A,O2 conc.A [nmol/mL],dataset_II,
317.3177842565598,162.7370672595306,A,O2 conc.A [nmol/mL],dataset_II,
317.8425655976677,162.8373605885978,A,O2 conc.A [nmol/mL],dataset_II,
318.3673469387755,162.5273944656378,A,O2 conc.A [nmol/mL],dataset_II,
318.8921282798834,162.2784126827598,A,O2 conc.A [nmol/mL],dataset_II,
319.4169096209912,162.7438002193051,A,O2 conc.A [nmol/mL],dataset_II,
319.9416909620991,162.1839769789598,A,O2 conc.A [nmol/mL],dataset_II,
320.466472303207,162.3043442253177,A,O2 conc.A [nmol/mL],dataset_II,
320.9912536443148,162.6164014962308,A,O2 conc.A [nmol/mL],dataset_II,
321.5160349854227,161.8771475234707,A,O2 conc.A [nmol/mL],dataset_II,
322.0408163265306,162.5148110005709,A,O2 conc.A [nmol/mL],dataset_II,
322.5655976676385,162.2513441762648,A,O2 conc.A [nmol/mL],dataset_II,
323.0903790087464,162.402610093639,A,O2 conc.A [nmol/mL],dataset_II,
323.6151603498542,162.3349005711457,A,O2 conc.A [nmol/mL],dataset_II,
324.1399416909621,162.3828903343521,A,O2 conc.A [nmol/mL],dataset_II,
324.66472303207,162.4844405034062,A,O2 conc.A [nmol/mL],dataset_II,
325.1895043731778,162.0998408650793,A,O2 conc.A [nmol/mL],dataset_II,
325.7142857142857,162.6232145918936,A,O2 conc.A [nmol/mL],dataset_II,
326.2390670553936,162.4280283170058,A,O2 conc.A [nmol/mL],dataset_II,
326.7638483965014,162.4359738187468,A,O2 conc.A [nmol/mL],dataset_II,
327.2886297376093,162.4947924318545,A,O2 conc.A [nmol/mL],dataset_II,
327.8134110787172,162.3790092754519,A,O2 conc.A [nmol/mL],dataset_II,
328.3381924198251,162.3716676736694,A,O2 conc.A [nmol/mL],dataset_II,
328.862973760933,162.1580821897945,A,O2 conc.A [nmol/mL],dataset_II,
329.3877551020408,161.7610261080687,A,O2 conc.A [nmol/mL],dataset_II,
329.9125364431487,162.0624940796577,A,O2 conc.A [nmol/mL],dataset_II,
330.4373177842565,161.8824124783327,A,O2 conc.A [nmol/mL],dataset_II,
330.9620991253644,161.6976414799873,A,O2 conc.A [nmol/mL],dataset_II,
331.4868804664723,162.0964759036071,A,O2 conc.A [nmol/mL],dataset_II,
332.0116618075801,161.8682611261202,A,O2 conc.A [nmol/mL],dataset_II,
332.536443148688,161.7314831639383,A,O2 conc.A [nmol/mL],dataset_II,
333.0612244897959,161.7067197872194,A,O2 conc.A [nmol/mL],dataset_II,
333.5860058309038,162.0131101109713,A,O2 conc.A [nmol/mL],dataset_II,
334.1107871720117,162.0142096121347,A,O2 conc.A [nmol/mL],dataset_II,
334.6355685131196,162.2336917760622,A,O2 conc.A [nmol/mL],dataset_II,
335.1603498542274,161.8781345252361,A,O2 conc.A [nmol/mL],dataset_II,
335.6851311953353,162.1206089158871,A,O2 conc.A [nmol/mL],dataset_II,
336.2099125364431,162.1892509667333,A,O2 conc.A [nmol/mL],dataset_II,
336.734693877551,162.1047619530445,A,O2 conc.A [nmol/mL],dataset_II,
337.2594752186589,161.2044303514079,A,O2 conc.A [nmol/mL],dataset_II,
337.7842565597667,162.0814630417437,A,O2 conc.A [nmol/mL],dataset_II,
338.3090379008746,161.8377328979575,A,O2 conc.A [nmol/mL],dataset_II,
338.8338192419825,161.8373065180386,A,O2 conc.A [nmol/mL],dataset_II,
339.3586005830904,161.8027063181565,A,O2 conc.A [nmol/mL],dataset_II,
339.8833819241983,161.7841245376435,A,O2 conc.A [nmol/mL],dataset_II,
340.4081632653061,161.7468245864366,A,O2 conc.A [nmol/mL],dataset_II,
340.932944606414,161.5557784879682,A,O2 conc.A [nmol/mL],dataset_II,
341.4577259475219,161.1486337741565,A,O2 conc.A [nmol/mL],dataset_II,
341.9825072886297,161.5753497003254,A,O2 conc.A [nmol/mL],dataset_II,
342.5072886297376,161.3801812036284,A,O2 conc.A [nmol/mL],dataset_II,
343.0320699708455,161.8296908027282,A,O2 conc.A [nmol/mL],dataset_II,
343.5568513119533,161.4659941069305,A,O2 conc.A [nmol/mL],dataset_II,
344.0816326530612,161.537590356292,A,O2 conc.A [nmol/mL],dataset_II,
344.6064139941691,161.2828558121986,A,O2 conc.A [nmol/mL],dataset_II,
345.131195335277,161.3461374679623,A,O2 conc.A [nmol/mL],dataset_II,
345.6559766763849,161.4494456033505,A,O2 conc.A [nmol/mL],dataset_II,
346.1807580174927,161.0595208565412,A,O2 conc.A [nmol/mL],dataset_II,
346.7055393586006,161.484571715015,A,O2 conc.A [nmol/mL],dataset_II,
347.2303206997084,161.3614181569129,A,O2 conc.A [nmol/mL],dataset_II,
347.7551020408163,161.0700420528563,A,O2 conc.A [nmol/mL],dataset_II,
348.2798833819242,160.74544957159,A,O2 conc.A [nmol/mL],dataset_II,
348.804664723032,161.4518066052404,A,O2 conc.A [nmol/mL],dataset_II,
349.3294460641399,161.2276833458647,A,O2 conc.A [nmol/mL],dataset_II,
349.8542274052478,161.1481130361521,A,O2 conc.A [nmol/mL],dataset_II,
350.3790087463557,161.2001122658561,A,O2 conc.A [nmol/mL],dataset_II,
350.9037900874636,161.6918056924098,A,O2 conc.A [nmol/mL],dataset_II,
351.4285714285714,161.2037722488031,A,O2 conc.A [nmol/mL],dataset_II,
351.9533527696793,161.2164130907033,A,O2 conc.A [nmol/mL],dataset_II,
352.4781341107872,160.801525841436,A,O2 conc.A [nmol/mL],dataset_II,
353.002915451895,161.5636646093543,A,O2 conc.A [nmol/mL],dataset_II,
353.5276967930029,161.3597376225498,A,O2 conc.A [nmol/mL],dataset_II,
354.0524781341108,161.3756351273778,A,O2 conc.A [nmol/mL],dataset_II,
354.5772594752186,161.0993553773828,A,O2 conc.A [nmol/mL],dataset_II,
355.1020408163265,161.2951366757565,A,O2 conc.A [nmol/mL],dataset_II,
355.6268221574344,161.1372454713129,A,O2 conc.A [nmol/mL],dataset_II,
356.1516034985423,161.1763418160131,A,O2 conc.A [nmol/mL],dataset_II,
356.6763848396502,160.9635320909169,A,O2 conc.A [nmol/mL],dataset_II,
357.201166180758,160.6116441274847,A,O2 conc.A [nmol/mL],dataset_II,
357.7259475218659,161.2158654854284,A,O2 conc.A [nmol/mL],dataset_II,
358.2507288629737,160.4534477733133,A,O2 conc.A [nmol/mL],dataset_II,
358.7755102040816,160.8557392986449,A,O2 conc.A [nmol/mL],dataset_II,
359.3002915451895,160.8431286283581,A,O2 conc.A [nmol/mL],dataset_II,
359.8250728862974,160.612079999215,A,O2 conc.A [nmol/mL],dataset_II,
360.3498542274052,161.0046116025524,A,O2 conc.A [nmol/mL],dataset_II,
360.8746355685131,160.7797841771267,A,O2 conc.A [nmol/mL],dataset_II,
361.399416909621,160.6991853050936,A,O2 conc.A [nmol/mL],dataset_II,
361.9241982507289,160.9168986032535,A,O2 conc.A [nmol/mL],dataset_II,
362.4489795918367,160.6463291943874,A,O2 conc.A [nmol/mL],dataset_II,
362.9737609329446,161.0912547322557,A,O2 conc.A [nmol/mL],dataset_II,
363.4985422740525,160.81040929163,A,O2 conc.A [nmol/mL],dataset_II,
364.0233236151603,160.5824980599168,A,O2 conc.A [nmol/mL],dataset_II,
364.5481049562682,160.1935508466758,A,O2 conc.A [nmol/mL],dataset_II,
365.0728862973761,160.3312145754981,A,O2 conc.A [nmol/mL],dataset_II,
365.5976676384839,160.9083963549708,A,O2 conc.A [nmol/mL],dataset_II,
366.1224489795918,160.6025734270604,A,O2 conc.A [nmol/mL],dataset_II,
366.6472303206997,160.5229789604817,A,O2 conc.A [nmol/mL],dataset_II,
367.1720116618076,160.9831089145292,A,O2 conc.A [nmol/mL],dataset_II,
367.6967930029155,160.2301694840205,A,O2 conc.A [nmol/mL],dataset_II,
368.2215743440233,160.3829531291524,A,O2 conc.A [nmol/mL],dataset_II,
368.7463556851312,160.3897564439999,A,O2 conc.A [nmol/mL],dataset_II,
369.271137026239,160.633023467652,A,O2 conc.A [nmol/mL],dataset_II,
369.7959183673469,160.2990911317754,A,O2 conc.A [nmol/mL],dataset_II,
370.3206997084548,160.2901562533352,A,O2 conc.A [nmol/mL],dataset_II,
370.8454810495627,160.0207591504135,A,O2 conc.A [nmol/mL],dataset_II,
371.3702623906705,160.582919634791,A,O2 conc.A [nmol/mL],dataset_II,
371.8950437317784,160.5806529075724,A,O2 conc.A [nmol/mL],dataset_II,
372.4198250728863,160.2385596652558,A,O2 conc.A [nmol/mL],dataset_II,
372.9446064139942,160.3770246226589,A,O2 conc.A [nmol/mL],dataset_II,
373.469387755102,159.9915638897562,A,O2 conc.A [nmol/mL],dataset_II,
373.9941690962099,160.175307915938,A,O2 conc.A [nmol/mL],dataset_II,
374.5189504373178,160.6162847269857,A,O2 conc.A [nmol/mL],dataset_II,
375.0437317784256,160.2842654565082,A,O2 conc.A [nmol/mL],dataset_II,
375.5685131195335,160.806459428881,A,O2 conc.A [nmol/mL],dataset_II,
376.0932944606414,160.0106061558376,A,O2 conc.A [nmol/mL],dataset_II,
376.6180758017492,160.3310112297567,A,O2 conc.A [nmol/mL],dataset_II,
377.1428571428571,160.11559945282,A,O2 conc.A [nmol/mL],dataset_II,
377.667638483965,160.2844661556916,A,O2 conc.A [nmol/mL],dataset_II,
378.1924198250729,160.1197446382797,A,O2 conc.A [nmol/mL],dataset_II,
378.7172011661808,159.9597837348053,A,O2 conc.A [nmol/mL],dataset_II,
379.2419825072886,159.8617148555435,A,O2 conc.A [nmol/mL],dataset_II,
379.7667638483965,160.8236640156056,A,O2 conc.A [nmol/mL],dataset_II,
380.2915451895043,160.0163543501347,A,O2 conc.A [nmol/mL],dataset_II,
380.8163265306122,159.5100612267325,A,O2 conc.A [nmol/mL],dataset_II,
381.3411078717201,159.8306120315426,A,O2 conc.A [nmol/mL],dataset_II,
381.865889212828,160.1408078995295,A,O2 conc.A [nmol/mL],dataset_II,
382.3906705539358,159.8248316436846,A,O2 conc.A [nmol/mL],dataset_II,
382.9154518950437,160.2684810868365,A,O2 conc.A [nmol/mL],dataset_II,
383.4402332361516,160.1575048886625,A,O2 conc.A [nmol/mL],dataset_II,
383.9650145772595,159.8473564457337,A,O2 conc.A [nmol/mL],dataset_II,
384.4897959183673,159.7459229032354,A,O2 conc.A [nmol/mL],dataset_II,
385.0145772594752,159.5913124214138,A,O2 conc.A [nmol/mL],dataset_II,
385.5393586005831,159.6460568218349,A,O2 conc.A [nmol/mL],dataset_II,
386.0641399416909,159.4312984729905,A,O2 conc.A [nmol/mL],dataset_II,
386.5889212827988,160.0792190987848,A,O2 conc.A [nmol/mL],dataset_II,
387.1137026239067,160.1543310069286,A,O2 conc.A [nmol/mL],dataset_II,
387.6384839650146,159.4211570769613,A,O2 conc.A [nmol/mL],dataset_II,
388.1632653061224,159.4183066347184,A,O2 conc.A [nmol/mL],dataset_II,
388.6880466472303,159.2501351986154,A,O2 conc.A [nmol/mL],dataset_II,
389.2128279883382,159.4298353894513,A,O2 conc.A [nmol/mL],dataset_II,
389.7376093294461,158.8727505310609,A,O2 conc.A [nmol/mL],dataset_II,
390.2623906705539,159.3423007764709,A,O2 conc.A [nmol/mL],dataset_II,
390.7871720116618,159.9306351498259,A,O2 conc.A [nmol/mL],dataset_II,
391.3119533527697,159.4985239517562,A,O2 conc.A [nmol/mL],dataset_II,
391.8367346938775,159.7771239270816,A,O2 conc.A [nmol/mL],dataset_II,
392.3615160349854,159.419771386653,A,O2 conc.A [nmol/mL],dataset_II,
392.8862973760933,159.9607162611061,A,O2 conc.A [nmol/mL],dataset_II,
393.4110787172011,159.5488897168545,A,O2 conc.A [nmol/mL],dataset_II,
393.935860058309,159.3821204323071,A,O2 conc.A [nmol/mL],dataset_II,
394.4606413994169,160.0942627959882,A,O2 conc.A [nmol/mL],dataset_II,
394.9854227405248,159.3535746099222,A,O2 conc.A [nmol/mL],dataset_II,
395.5102040816327,159.1079225209152,A,O2 conc.A [nmol/mL],dataset_II,
396.0349854227405,159.4422416431951,A,O2 conc.A [nmol/mL],dataset_II,
396.5597667638484,159.360591167429,A,O2 conc.A [nmol/mL],dataset_II,
397.0845481049562,159.6154168497285,A,O2 conc.A [nmol/mL],dataset_II,
397.6093294460641,159.0969630146861,A,O2 conc.A [nmol/mL],dataset_II,
398.134110787172,159.507086513059,A,O2 conc.A [nmol/mL],dataset_II,
398.6588921282799,159.4976301822163,A,O2 conc.A [nmol/mL],dataset_II,
399.1836734693877,159.0960570259775,A,O2 conc.A [nmol/mL],dataset_II,
399.7084548104956,159.2823256347856,A,O2 conc.A [nmol/mL],dataset_II,
400.2332361516035,159.0123624285399,A,O2 conc.A [nmol/mL],dataset_II,
400.7580174927114,159.7850382206172,A,O2 conc.A [nmol/mL],dataset_II,
401.2827988338192,159.0010870959954,A,O2 conc.A [nmol/mL],dataset_II,
401.8075801749271,159.0423891600617,A,O2 conc.A [nmol/mL],dataset_II,
402.332361516035,158.8677340499064,A,O2 conc.A [nmol/mL],dataset_II,
402.8571428571428,159.0261990210271,A,O2 conc.A [nmol/mL],dataset_II,
403.3819241982507,159.0897961175743,A,O2 conc.A [nmol/mL],dataset_II,
403.9067055393586,159.2617481925177,A,O2 conc.A [nmol/mL],dataset_II,
404.4314868804665,158.8957150316029,A,O2 conc.A [nmol/mL],dataset_II,
404.9562682215743,158.980428987894,A,O2 conc.A [nmol/mL],dataset_II,
405.4810495626822,158.6512859204059,A,O2 conc.A [nmol/mL],dataset_II,
406.0058309037901,158.7770934897701,A,O2 conc.A [nmol/mL],dataset_II,
406.530612244898,159.6514317204876,A,O2 conc.A [nmol/mL],dataset_II,
407.0553935860058,159.2013264133042,A,O2 conc.A [nmol/mL],dataset_II,
407.5801749271137,158.7241953894277,A,O2 conc.A [nmol/mL],dataset_II,
408.1049562682216,158.5637378739362,A,O2 conc.A [nmol/mL],dataset_II,
408.6297376093294,158.6327272611444,A,O2 conc.A [nmol/mL],dataset_II,
409.1545189504373,158.8497360383966,A,O2 conc.A [nmol/mL],dataset_II,
409.6793002915452,158.8423764848503,A,O2 conc.A [nmol/mL],dataset_II,
410.204081632653,158.6261401720178,A,O2 conc.A [nmol/mL],dataset_II,
410.7288629737609,158.4691224900609,A,O2 conc.A [nmol/mL],dataset_II,
411.2536443148688,159.1248965175568,A,O2 conc.A [nmol/mL],dataset_II,
411.7784256559767,158.8607590385724,A,O2 conc.A [nmol/mL],dataset_II,
412.3032069970845,158.6327314553653,A,O2 conc.A [nmol/mL],dataset_II,
412.8279883381924,158.6497439428165,A,O2 conc.A [nmol/mL],dataset_II,
413.3527696793003,158.5510624145068,A,O2 conc.A [nmol/mL],dataset_II,
413.8775510204081,157.9279694523063,A,O2 conc.A [nmol/mL],dataset_II,
414.402332361516,158.6694320551106,A,O2 conc.A [nmol/mL],dataset_II,
414.9271137026239,158.351416280445,A,O2 conc.A [nmol/mL],dataset_II,
415.4518950437318,158.3469170926466,A,O2 conc.A [nmol/mL],dataset_II,
415.9766763848396,158.4160583505977,A,O2 conc.A [nmol/mL],dataset_II,
416.5014577259475,158.737735165168,A,O2 conc.A [nmol/mL],dataset_II,
417.0262390670554,158.2405628189376,A,O2 conc.A [nmol/mL],dataset_II,
417.5510204081633,158.1531609406748,A,O2 conc.A [nmol/mL],dataset_II,
418.0758017492711,158.6502301089447,A,O2 conc.A [nmol/mL],dataset_II,
418.600583090379,158.6573951008777,A,O2 conc.A [nmol/mL],dataset_II,
419.1253644314869,158.2076052323509,A,O2 conc.A [nmol/mL],dataset_II,
419.6501457725947,158.5664738632097,A,O2 conc.A [nmol/mL],dataset_II,
420.1749271137026,158.3315021208751,A,O2 conc.A [nmol/mL],dataset_II,
420.6997084548105,158.4582690572147,A,O2 conc.A [nmol/mL],dataset_II,
421.2244897959184,158.0462417276629,A,O2 conc.A [nmol/mL],dataset_II,
421.7492711370262,158.5482411946277,A,O2 conc.A [nmol/mL],dataset_II,
422.2740524781341,158.6193681054302,A,O2 conc.A [nmol/mL],dataset_II,
422.798833819242,158.4563574604265,A,O2 conc.A [nmol/mL],dataset_II,
423.3236151603498,158.415209926568,A,O2 conc.A [nmol/mL],dataset_II,
423.8483965014577,157.3110919317432,A,O2 conc.A [nmol/mL],dataset_II,
424.3731778425656,158.2978539426755,A,O2 conc.A [nmol/mL],dataset_II,
424.8979591836735,158.2048709608759,A,O2 conc.A [nmol/mL],dataset_II,
425.4227405247813,158.153006697983,A,O2 conc.A [nmol/mL],dataset_II,
425.9475218658892,158.0106593618528,A,O2 conc.A [nmol/mL],dataset_II,
426.4723032069971,158.1606808877303,A,O2 conc.A [nmol/mL],dataset_II,
426.9970845481049,158.2284047799457,A,O2 conc.A [nmol/mL],dataset_II,
427.5218658892128,158.0379641731955,A,O2 conc.A [nmol/mL],dataset_II,
428.0466472303207,157.9666159630756,A,O2 conc.A [nmol/mL],dataset_II,
428.5714285714286,158.3684212354157,A,O2 conc.A [nmol/mL],dataset_II,
429.0962099125364,157.7631767905467,A,O2 conc.A [nmol/mL],dataset_II,
429.6209912536443,158.2755931515085,A,O2 conc.A [nmol/mL],dataset_II,
430.1457725947522,158.0407932526791,A,O2 conc.A [nmol/mL],dataset_II,
430.6705539358601,157.7740495101251,A,O2 conc.A [nmol/mL],dataset_II,
431.1953352769679,157.8811662321331,A,O2 conc.A [nmol/mL],dataset_II,
431.7201166180758,157.7021990901574,A,O2 conc.A [nmol/mL],dataset_II,
432.2448979591837,158.0794994051783,A,O2 conc.A [nmol/mL],dataset_II,
432.7696793002915,157.9762445007894,A,O2 conc.A [nmol/mL],dataset_II,
433.2944606413994,157.7286058012348,A,O2 conc.A [nmol/mL],dataset_II,
433.8192419825073,157.5707860549912,A,O2 conc.A [nmol/mL],dataset_II,
434.3440233236151,157.9003054378671,A,O2 conc.A [nmol/mL],dataset_II,
434.868804664723,158.0427586009448,A,O2 conc.A [nmol/mL],dataset_II,
435.3935860058309,157.7534888966368,A,O2 conc.A [nmol/mL],dataset_II,
435.9183673469388,157.8650718939579,A,O2 conc.A [nmol/mL],dataset_II,
436.4431486880466,157.6450127658569,A,O2 conc.A [nmol/mL],dataset_II,
436.9679300291545,157.7344476397608,A,O2 conc.A [nmol/mL],dataset_II,
437.4927113702624,157.6232703951797,A,O2 conc.A [nmol/mL],dataset_II,
438.0174927113702,157.7481374435469,A,O2 conc.A [nmol/mL],dataset_II,
438.5422740524781,157.2757195643247,A,O2 conc.A [nmol/mL],dataset_II,
439.067055393586,157.792746108167,A,O2 conc.A [nmol/mL],dataset_II,
439.5918367346939,157.55275114176,A,O2 conc.A [nmol/mL],dataset_II,
440.1166180758017,157.67842206387,A,O2 conc.A [nmol/mL],dataset_II,
440.6413994169096,157.4822282998934,A,O2 conc.A [nmol/mL],dataset_II,
441.1661807580175,157.6259319139112,A,O2 conc.A [nmol/mL],dataset_II,
441.6909620991254,157.2562367003486,A,O2 conc.A [nmol/mL],dataset_II,
442.2157434402332,157.8002017893216,A,O2 conc.A [nmol/mL],dataset_II,
442.7405247813411,157.0555628241142,A,O2 conc.A [nmol/mL],dataset_II,
443.265306122449,157.2001750521567,A,O2 conc.A [nmol/mL],dataset_II,
443.7900874635568,157.4974370580695,A,O2 conc.A [nmol/mL],dataset_II,
444.3148688046647,157.7827668968193,A,O2 conc.A [nmol/mL],dataset_II,
444.8396501457726,157.465123685819,A,O2 conc.A [nmol/mL],dataset_II,
445.3644314868804,157.3121507813964,A,O2 conc.A [nmol/mL],dataset_II,
445.8892128279883,156.99639114426,A,O2 conc.A [nmol/mL],dataset_II,
446.4139941690962,157.2833802988232,A,O2 conc.A [nmol/mL],dataset_II,
446.9387755102041,157.3047659970354,A,O2 conc.A [nmol/mL],dataset_II,
447.463556851312,157.7109131960015,A,O2 conc.A [nmol/mL],dataset_II,
447.9883381924198,157.4223381249441,A,O2 conc.A [nmol/mL],dataset_II,
448.5131195335277,156.863069385692,A,O2 conc.A [nmol/mL],dataset_II,
449.0379008746356,157.7305731631217,A,O2 conc.A [nmol/mL],dataset_II,
449.5626822157434,157.1036617053283,A,O2 conc.A [nmol/mL],dataset_II,
450.0874635568513,156.9610850304244,A,O2 conc.A [nmol/mL],dataset_II,
450.6122448979592,157.5281914070251,A,O2 conc.A [nmol/mL],dataset_II,
451.137026239067,157.1255825888374,A,O2 conc.A [nmol/mL],dataset_II,
451.6618075801749,157.0247066639807,A,O2 conc.A [nmol/mL],dataset_II,
452.1865889212828,157.1497895959781,A,O2 conc.A [nmol/mL],dataset_II,
452.7113702623907,157.2848510787626,A,O2 conc.A [nmol/mL],dataset_II,
453.2361516034985,157.3004987197108,A,O2 conc.A [nmol/mL],dataset_II,
453.7609329446064,156.6868998535203,A,O2 conc.A [nmol/mL],dataset_II,
454.2857142857143,157.508856606042,A,O2 conc.A [nmol/mL],dataset_II,
454.8104956268221,157.2244874204188,A,O2 conc.A [nmol/mL],dataset_II,
455.33527696793,156.8715075428679,A,O2 conc.A [nmol/mL],dataset_II,
455.8600583090379,156.7401786304475,A,O2 conc.A [nmol/mL],dataset_II,
456.3848396501458,156.6811262706003,A,O2 conc.A [nmol/mL],dataset_II,
456.9096209912536,156.9327597726513,A,O2 conc.A [nmol/mL],dataset_II,
457.4344023323615,156.7184468746827,A,O2 conc.A [nmol/mL],dataset_II,
457.9591836734694,156.6677682418866,A,O2 conc.A [nmol/mL],dataset_II,
458.4839650145773,157.0403361194273,A,O2 conc.A [nmol/mL],dataset_II,
459.0087463556851,156.9072001391374,A,O2 conc.A [nmol/mL],dataset_II,
459.533527696793,156.6959512735693,A,O2 conc.A [nmol/mL],dataset_II,
460.0583090379009,156.9566917722213,A,O2 conc.A [nmol/mL],dataset_II,
460.5830903790087,157.0935103147565,A,O2 conc.A [nmol/mL],dataset_II,
461.1078717201166,156.4565773650332,A,O2 conc.A [nmol/mL],dataset_II,
461.6326530612245,156.557914257171,A,O2 conc.A [nmol/mL],dataset_II,
462.1574344023323,156.9229284732828,A,O2 conc.A [nmol/mL],dataset_II,
462.6822157434402,156.8455439397083,A,O2 conc.A [nmol/mL],dataset_II,
463.2069970845481,156.7010192973962,A,O2 conc.A [nmol/mL],dataset_II,
463.731778425656,156.9134856652138,A,O2 conc.A [nmol/mL],dataset_II,
464.2565597667639,156.3293632210874,A,O2 conc.A [nmol/mL],dataset_II,
464.7813411078717,156.2101674799726,A,O2 conc.A [nmol/mL],dataset_II,
465.3061224489796,156.3418608841499,A,O2 conc.A [nmol/mL],dataset_II,
465.8309037900875,156.5676595324123,A,O2 conc.A [nmol/mL],dataset_II,
466.3556851311953,156.316537599819,A,O2 conc.A [nmol/mL],dataset_II,
466.8804664723032,156.3722905395565,A,O2 conc.A [nmol/mL],dataset_II,
467.4052478134111,156.2288808339631,A,O2 conc.A [nmol/mL],dataset_II,
467.9300291545189,156.2960593626704,A,O2 conc.A [nmol/mL],dataset_II,
468.4548104956268,156.1785056291573,A,O2 conc.A [nmol/mL],dataset_II,
468.9795918367347,156.5001047704338,A,O2 conc.A [nmol/mL],dataset_II,
469.5043731778426,156.5854967710905,A,O2 conc.A [nmol/mL],dataset_II,
470.0291545189504,156.2451983043179,A,O2 conc.A [nmol/mL],dataset_II,
470.5539358600583,156.2920291254379,A,O2 conc.A [nmol/mL],dataset_II,
471.0787172011662,156.1771232162911,A,O2 conc.A [nmol/mL],dataset_II,
471.603498542274,156.4337299484471,A,O2 conc.A [nmol/mL],dataset_II,
472.1282798833819,156.3017169393473,A,O2 conc.A [nmol/mL],dataset_II,
472.6530612244898,156.6565279398769,A,O2 conc.A [nmol/mL],dataset_II,
473.1778425655976,155.9626564907682,A,O2 conc.A [nmol/mL],dataset_II,
473.7026239067055,156.305685909866,A,O2 conc.A [nmol/mL],dataset_II,
474.2274052478134,156.3045939201261,A,O2 conc.A [nmol/mL],dataset_II,
474.7521865889213,156.0820218126182,A,O2 conc.A [nmol/mL],dataset_II,
475.2769679300292,156.2965511723686,A,O2 conc.A [nmol/mL],dataset_II,
475.801749271137,155.7695727634377,A,O2 conc.A [nmol/mL],dataset_II,
476.3265306122449,156.6374399685355,A,O2 conc.A [nmol/mL],dataset_II,
476.8513119533528,155.7507638827048,A,O2 conc.A [nmol/mL],dataset_II,
477.3760932944606,156.2947625963463,A,O2 conc.A [nmol/mL],dataset_II,
477.9008746355685,155.7630658966544,A,O2 conc.A [nmol/mL],dataset_II,
478.4256559766764,156.3096031093867,A,O2 conc.A [nmol/mL],dataset_II,
478.9504373177842,155.9042246301215,A,O2 conc.A [nmol/mL],dataset_II,
479.4752186588921,156.0185596487646,A,O2 conc.A [nmol/mL],dataset_II,
480.0,155.9708256461066,A,O2 conc.A [nmol/mL],dataset_II,FCCP_1
480.3498542274053,156.2130120680455,A,O2 conc.A [nmol/mL],dataset_II,
480.6997084548105,155.8316801743639,A,O2 conc.A [nmol/mL],dataset_II,
481.0495626822158,155.1418342235895,A,O2 conc.A [nmol/mL],dataset_II,
481.399416909621,155.6639475482256,A,O2 conc.A [nmol/mL],dataset_II,
481.7492711370263,155.8696472065782,A,O2 conc.A [nmol/mL],dataset_II,
482.0991253644315,155.6830884930278,A,O2 conc.A [nmol/mL],dataset_II,
482.4489795918367,155.9550196443075,A,O2 conc.A [nmol/mL],dataset_II,
482.798833819242,155.9856948369862,A,O2 conc.A [nmol/mL],dataset_II,
483.1486880466472,155.6641903753907,A,O2 conc.A [nmol/mL],dataset_II,
483.4985422740525,155.2979787816867,A,O2 conc.A [nmol/mL],dataset_II,
483.8483965014577,155.9856818533011,A,O2 conc.A [nmol/mL],dataset_II,
484.1982507288629,155.8796513961337,A,O2 conc.A [nmol/mL],dataset_II,
484.5481049562682,155.503336257134,A,O2 conc.A [nmol/mL],dataset_II,
484.8979591836735,156.0744514949171,A,O2 conc.A [nmol/mL],dataset_II,
485.2478134110787,155.429405560491,A,O2 conc.A [nmol/mL],dataset_II,
485.597667638484,155.2015893770358,A,O2 conc.A [nmol/mL],dataset_II,
485.9475218658892,155.4161457634228,A,O2 conc.A [nmol/mL],dataset_II,
486.2973760932945,155.6938173335006,A,O2 conc.A [nmol/mL],dataset_II,
486.6472303206997,155.1592403095962,A,O2 conc.A [nmol/mL],dataset_II,
486.997084548105,155.8506546966209,A,O2 conc.A [nmol/mL],dataset_II,
487.3469387755102,155.1079616272285,A,O2 conc.A [nmol/mL],dataset_II,
487.6967930029155,155.5399435025273,A,O2 conc.A [nmol/mL],dataset_II,
488.0466472303207,155.4066982796719,A,O2 conc.A [nmol/mL],dataset_II,
488.3965014577259,155.2013131735149,A,O2 conc.A [nmol/mL],dataset_II,
488.7463556851312,155.4792054359028,A,O2 conc.A [nmol/mL],dataset_II,
489.0962099125364,154.8033672467012,A,O2 conc.A [nmol/mL],dataset_II,
489.4460641399417,155.486954643531,A,O2 conc.A [nmol/mL],dataset_II,
489.7959183673469,155.1008854424298,A,O2 conc.A [nmol/mL],dataset_II,
490.1457725947522,154.9504423900362,A,O2 conc.A [nmol/mL],dataset_II,
490.4956268221574,155.242589467451,A,O2 conc.A [nmol/mL],dataset_II,
490.8454810495627,155.2895154617857,A,O2 conc.A [nmol/mL],dataset_II,
491.1953352769679,155.1862343189451,A,O2 conc.A [nmol/mL],dataset_II,
491.5451895043732,155.4629061694124,A,O2 conc.A [nmol/mL],dataset_II,
491.8950437317784,155.2024564859841,A,O2 conc.A [nmol/mL],dataset_II,
492.2448979591837,155.2223963778556,A,O2 conc.A [nmol/mL],dataset_II,
492.5947521865889,154.7357984881939,A,O2 conc.A [nmol/mL],dataset_II,
492.9446064139942,154.8666401694495,A,O2 conc.A [nmol/mL],dataset_II,
493.2944606413994,154.9499996234199,A,O2 conc.A [nmol/mL],dataset_II,
493.6443148688047,154.7740631712758,A,O2 conc.A [nmol/mL],dataset_II,
493.9941690962099,154.8231522913291,A,O2 conc.A [nmol/mL],dataset_II,
494.3440233236151,154.823514427377,A,O2 conc.A [nmol/mL],dataset_II,
494.6938775510204,154.8972939680768,A,O2 conc.A [nmol/mL],dataset_II,
495.0437317784256,154.6300755187823,A,O2 conc.A [nmol/mL],dataset_II,
495.3935860058309,154.5372726904508,A,O2 conc.A [nmol/mL],dataset_II,
495.7434402332361,154.3868883345741,A,O2 conc.A [nmol/mL],dataset_II,
496.0932944606414,154.3402789184275,A,O2 conc.A [nmol/mL],dataset_II,
496.4431486880467,154.8255695596399,A,O2 conc.A [nmol/mL],dataset_II,
496.7930029154519,154.4805711336485,A,O2 conc.A [nmol/mL],dataset_II,
497.1428571428572,154.6676823537729,A,O2 conc.A [nmol/mL],dataset_II,
497.4927113702624,154.1158500497713,A,O2 conc.A [nmol/mL],dataset_II,
497.8425655976677,153.9248937372735,A,O2 conc.A [nmol/mL],dataset_II,
498.1924198250729,154.1164077093992,A,O2 conc.A [nmol/mL],dataset_II,
498.5422740524781,154.6345820119557,A,O2 conc.A [nmol/mL],dataset_II,
498.8921282798834,154.5841893829789,A,O2 conc.A [nmol/mL],dataset_II,
499.2419825072886,154.3694244279395,A,O2 conc.A [nmol/mL],dataset_II,
499.5918367346939,154.0551169914054,A,O2 conc.A [nmol/mL],dataset_II,
499.9416909620991,154.1922036215362,A,O2 conc.A [nmol/mL],dataset_II,
500.2915451895043,154.1197089149734,A,O2 conc.A [nmol/mL],dataset_II,
500.6413994169096,154.077150451408,A,O2 conc.A [nmol/mL],dataset_II,
500.9912536443148,153.506121081625,A,O2 conc.A [nmol/mL],dataset_II,
501.3411078717201,153.8874016974987,A,O2 conc.A [nmol/mL],dataset_II,
501.6909620991254,154.0236008288986,A,O2 conc.A [nmol/mL],dataset_II,
502.0408163265306,154.4194797496157,A,O2 conc.A [nmol/mL],dataset_II,
502.3906705539359,154.0498033212893,A,O2 conc.A [nmol/mL],dataset_II,
502.7405247813411,154.3290843824156,A,O2 conc.A [nmol/mL],dataset_II,
503.0903790087464,153.8496803380037,A,O2 conc.A [nmol/mL],dataset_II,
503.4402332361516,153.8541796742252,A,O2 conc.A [nmol/mL],dataset_II,
503.7900874635569,152.9117411413671,A,O2 conc.A [nmol/mL],dataset_II,
504.1399416909621,153.9716739130261,A,O2 conc.A [nmol/mL],dataset_II,
504.4897959183673,153.9618599979027,A,O2 conc.A [nmol/mL],dataset_II,
504.8396501457726,154.2352706043013,A,O2 conc.A [nmol/mL],dataset_II,
505.1895043731778,153.6418852885569,A,O2 conc.A [nmol/mL],dataset_II,
505.5393586005831,153.756358884648,A,O2 conc.A [nmol/mL],dataset_II,
505.8892128279883,153.525683111262,A,O2 conc.A [nmol/mL],dataset_II,
506.2390670553936,153.3772455880558,A,O2 conc.A [nmol/mL],dataset_II,
506.5889212827988,153.4622776169453,A,O2 conc.A [nmol/mL],dataset_II,
506.9387755102041,153.5235497319516,A,O2 conc.A [nmol/mL],dataset_II,
507.2886297376093,153.9179036244842,A,O2 conc.A [nmol/mL],dataset_II,
507.6384839650146,153.5488417723037,A,O2 conc.A [nmol/mL],dataset_II,
507.9883381924198,153.319897423587,A,O2 conc.A [nmol/mL],dataset_II,
508.3381924198251,153.5222478374079,A,O2 conc.A [nmol/mL],dataset_II,
508.6880466472303,153.5104159735811,A,O2 conc.A [nmol/mL],dataset_II,
509.0379008746356,153.256209875041,A,O2 conc.A [nmol/mL],dataset_II,
509.3877551020408,153.6803210500357,A,O2 conc.A [nmol/mL],dataset_II,
509.7376093294461,152.8916701749777,A,O2 conc.A [nmol/mL],dataset_II,
510.0874635568513,153.2796159950447,A,O2 conc.A [nmol/mL],dataset_II,
510.4373177842565,153.4685134228164,A,O2 conc.A [nmol/mL],dataset_II,
510.7871720116618,152.9368835308834,A,O2 conc.A [nmol/mL],dataset_II,
511.137026239067,153.3310498522571,A,O2 conc.A [nmol/mL],dataset_II,
511.4868804664723,153.5332044319883,A,O2 conc.A [nmol/mL],dataset_II,
511.8367346938775,153.2926437398477,A,O2 conc.A [nmol/mL],dataset_II,
512.1865889212828,152.7259306923828,A,O2 conc.A [nmol/mL],dataset_II,
512.536443148688,152.9356666756119,A,O2 conc.A [nmol/mL],dataset_II,
512.8862973760934,153.3950360374403,A,O2 conc.A [nmol/mL],dataset_II,
513.2361516034986,153.1307887524242,A,O2 conc.A [nmol/mL],dataset_II,
513.5860058309038,153.022984960879,A,O2 conc.A [nmol/mL],dataset_II,
513.935860058309,153.1049945985239,A,O2 conc.A [nmol/mL],dataset_II,
514.2857142857143,153.1442014416901,A,O2 conc.A [nmol/mL],dataset_II,
514.6355685131196,152.7560676493827,A,O2 conc.A [nmol/mL],dataset_II,
514.9854227405248,152.8298286928576,A,O2 conc.A [nmol/mL],dataset_II,
515.33527696793,152.9074018796362,A,O2 conc.A [nmol/mL],dataset_II,
515.6851311953353,152.7049287911162,A,O2 conc.A [nmol/mL],dataset_II,
516.0349854227405,152.7768000862723,A,O2 conc.A [nmol/mL],dataset_II,
516.3848396501458,153.1038756705458,A,O2 conc.A [nmol/mL],dataset_II,
516.734693877551,152.5066975184209,A,O2 conc.A [nmol/mL],dataset_II,
517.0845481049563,153.1995629162212,A,O2 conc.A [nmol/mL],dataset_II,
517.4344023323615,153.1569780876266,A,O2 conc.A [nmol/mL],dataset_II,
517.7842565597667,152.2280268881336,A,O2 conc.A [nmol/mL],dataset_II,
518.1341107871721,152.59037583569,A,O2 conc.A [nmol/mL],dataset_II,
518.4839650145773,152.6805491487233,A,O2 conc.A [nmol/mL],dataset_II,
518.8338192419825,152.3739032387788,A,O2 conc.A [nmol/mL],dataset_II,
519.1836734693877,152.3480956390779,A,O2 conc.A [nmol/mL],dataset_II,
519.533527696793,152.443256595159,A,O2 conc.A [nmol/mL],dataset_II,
519.8833819241983,152.6566497954641,A,O2 conc.A [nmol/mL],dataset_II,
520.2332361516035,152.3132665682931,A,O2 conc.A [nmol/mL],dataset_II,
520.5830903790087,152.8670182352785,A,O2 conc.A [nmol/mL],dataset_II,
520.932944606414,152.4520830373017,A,O2 conc.A [nmol/mL],dataset_II,
521.2827988338192,152.3231904700398,A,O2 conc.A [nmol/mL],dataset_II,
521.6326530612245,152.6803939666871,A,O2 conc.A [nmol/mL],dataset_II,
521.9825072886297,152.4438940985129,A,O2 conc.A [nmol/mL],dataset_II,
522.332361516035,152.3488902480133,A,O2 conc.A [nmol/mL],dataset_II,
522.6822157434402,152.1430282127426,A,O2 conc.A [nmol/mL],dataset_II,
523.0320699708454,152.6485544662518,A,O2 conc.A [nmol/mL],dataset_II,
523.3819241982508,152.3672582145572,A,O2 conc.A [nmol/mL],dataset_II,
523.731778425656,152.0826947374796,A,O2 conc.A [nmol/mL],dataset_II,
524.0816326530612,151.7084925381387,A,O2 conc.A [nmol/mL],dataset_II,
524.4314868804664,152.1652749655935,A,O2 conc.A [nmol/mL],dataset_II,
524.7813411078718,151.7553468114712,A,O2 conc.A [nmol/mL],dataset_II,
525.131195335277,151.5815401009006,A,O2 conc.A [nmol/mL],dataset_II,
525.4810495626822,151.9099834668169,A,O2 conc.A [nmol/mL],dataset_II,
525.8309037900874,152.0193838731751,A,O2 conc.A [nmol/mL],dataset_II,
526.1807580174927,152.2388811602918,A,O2 conc.A [nmol/mL],dataset_II,
526.530612244898,151.9581185625359,A,O2 conc.A [nmol/mL],dataset_II,
526.8804664723032,152.0582552423509,A,O2 conc.A [nmol/mL],dataset_II,
527.2303206997085,151.519524438596,A,O2 conc.A [nmol/mL],dataset_II,
527.5801749271137,151.7896068248785,A,O2 conc.A [nmol/mL],dataset_II,
527.9300291545189,151.7955374534151,A,O2 conc.A [nmol/mL],dataset_II,
528.2798833819242,151.9492909240876,A,O2 conc.A [nmol/mL],dataset_II,
528.6297376093295,151.7319893006339,A,O2 conc.A [nmol/mL],dataset_II,
528.9795918367347,151.8732386261497,A,O2 conc.A [nmol/mL],dataset_II,
529.3294460641399,151.5154138290191,A,O2 conc.A [nmol/mL],dataset_II,
529.6793002915451,151.7001971218603,A,O2 conc.A [nmol/mL],dataset_II,
530.0291545189505,151.6836697499642,A,O2 conc.A [nmol/mL],dataset_II,
530.3790087463557,151.2367539728475,A,O2 conc.A [nmol/mL],dataset_II,
530.7288629737609,151.5623273154797,A,O2 conc.A [nmol/mL],dataset_II,
531.0787172011662,151.4075967809435,A,O2 conc.A [nmol/mL],dataset_II,
531.4285714285714,150.980910179871,A,O2 conc.A [nmol/mL],dataset_II,
531.7784256559767,151.6657785914039,A,O2 conc.A [nmol/mL],dataset_II,
532.1282798833819,151.3049570056361,A,O2 conc.A [nmol/mL],dataset_II,
532.4781341107872,151.1515689155243,A,O2 conc.A [nmol/mL],dataset_II,
532.8279883381924,151.2395819984759,A,O2 conc.A [nmol/mL],dataset_II,
533.1778425655976,151.3377060145301,A,O2 conc.A [nmol/mL],dataset_II,
533.5276967930029,151.6493780641734,A,O2 conc.A [nmol/mL],dataset_II,
533.8775510204082,151.2001621466786,A,O2 conc.A [nmol/mL],dataset_II,
534.2274052478134,151.3289920760134,A,O2 conc.A [nmol/mL],dataset_II,
534.5772594752186,151.5235298003418,A,O2 conc.A [nmol/mL],dataset_II,
534.927113702624,151.2827673432794,A,O2 conc.A [nmol/mL],dataset_II,
535.2769679300292,151.3857655041593,A,O2 conc.A [nmol/mL],dataset_II,
535.6268221574344,150.9687417544104,A,O2 conc.A [nmol/mL],dataset_II,
535.9766763848396,151.2498763051103,A,O2 conc.A [nmol/mL],dataset_II,
536.3265306122449,151.0118647278179,A,O2 conc.A [nmol/mL],dataset_II,
536.6763848396502,151.2642062915512,A,O2 conc.A [nmol/mL],dataset_II,
537.0262390670554,150.7139583435245,A,O2 conc.A [nmol/mL],dataset_II,
537.3760932944606,150.7392035525555,A,O2 conc.A [nmol/mL],dataset_II,
537.7259475218659,151.2205206383861,A,O2 conc.A [nmol/mL],dataset_II,
538.0758017492711,150.823561506411,A,O2 conc.A [nmol/mL],dataset_II,
538.4256559766764,150.7520870922208,A,O2 conc.A [nmol/mL],dataset_II,
538.7755102040817,150.8304651130781,A,O2 conc.A [nmol/mL],dataset_II,
539.1253644314869,150.6079423987585,A,O2 conc.A [nmol/mL],dataset_II,
539.4752186588921,151.0825468609287,A,O2 conc.A [nmol/mL],dataset_II,
539.8250728862973,150.4065156115765,A,O2 conc.A [nmol/mL],dataset_II,
540.1749271137027,150.6504015306048,A,O2 conc.A [nmol/mL],dataset_II,
540.5247813411079,150.7440339823199,A,O2 conc.A [nmol/mL],dataset_II,
540.8746355685131,150.6004287743271,A,O2 conc.A [nmol/mL],dataset_II,
541.2244897959183,150.3952134109512,A,O2 conc.A [nmol/mL],dataset_II,
541.5743440233236,150.3479327538044,A,O2 conc.A [nmol/mL],dataset_II,
541.9241982507289,150.6406234151472,A,O2 conc.A [nmol/mL],dataset_II,
542.2740524781341,150.2458994518497,A,O2 conc.A [nmol/mL],dataset_II,
542.6239067055394,150.6343249965195,A,O2 conc.A [nmol/mL],dataset_II,
542.9737609329446,150.0609719848788,A,O2 conc.A [nmol/mL],dataset_II,
543.3236151603498,150.2725080573104,A,O2 conc.A [nmol/mL],dataset_II,
543.6734693877551,150.3895750927814,A,O2 conc.A [nmol/mL],dataset_II,
544.0233236151604,150.0367053570272,A,O2 conc.A [nmol/mL],dataset_II,
544.3731778425656,150.4819908144694,A,O2 conc.A [nmol/mL],dataset_II,
544.7230320699708,150.2835981509598,A,O2 conc.A [nmol/mL],dataset_II,
545.072886297376,149.9984591895892,A,O2 conc.A [nmol/mL],dataset_II,
545.4227405247814,149.8470003082484,A,O2 conc.A [nmol/mL],dataset_II,
545.7725947521866,149.8045697785422,A,O2 conc.A [nmol/mL],dataset_II,
546.1224489795918,150.1779703633674,A,O2 conc.A [nmol/mL],dataset_II,
546.4723032069971,149.8452491060175,A,O2 conc.A [nmol/mL],dataset_II,
546.8221574344024,149.7624814883005,A,O2 conc.A [nmol/mL],dataset_II,
547.1720116618076,150.0151396603099,A,O2 conc.A [nmol/mL],dataset_II,
547.5218658892128,150.6115660310957,A,O2 conc.A [nmol/mL],dataset_II,
547.8717201166181,150.0808207458902,A,O2 conc.A [nmol/mL],dataset_II,
548.2215743440233,150.1714101196564,A,O2 conc.A [nmol/mL],dataset_II,
548.5714285714286,150.0031047535478,A,O2 conc.A [nmol/mL],dataset_II,
548.9212827988338,150.1149154642072,A,O2 conc.A [nmol/mL],dataset_II,
549.2711370262391,149.5526425157632,A,O2 conc.A [nmol/mL],dataset_II,
549.6209912536443,149.7500314415307,A,O2 conc.A [nmol/mL],dataset_II,
549.9708454810495,149.8922419011807,A,O2 conc.A [nmol/mL],dataset_II,
550.3206997084549,149.7916697414639,A,O2 conc.A [nmol/mL],dataset_II,
550.6705539358601,149.717395396149,A,O2 conc.A [nmol/mL],dataset_II,
551.0204081632653,149.5681694369407,A,O2 conc.A [nmol/mL],dataset_II,
551.3702623906705,149.6392874368998,A,O2 conc.A [nmol/mL],dataset_II,
551.7201166180757,149.4795785123024,A,O2 conc.A [nmol/mL],dataset_II,
552.0699708454811,149.0369144702597,A,O2 conc.A [nmol/mL],dataset_II,
552.4198250728863,149.3129903692477,A,O2 conc.A [nmol/mL],dataset_II,
552.7696793002915,149.6997754700921,A,O2 conc.A [nmol/mL],dataset_II,
553.1195335276968,149.9393764799908,A,O2 conc.A [nmol/mL],dataset_II,
553.469387755102,149.9727467896032,A,O2 conc.A [nmol/mL],dataset_II,
553.8192419825073,149.5127844383939,A,O2 conc.A [nmol/mL],dataset_II,
554.1690962099126,149.6811871640321,A,O2 conc.A [nmol/mL],dataset_II,
554.5189504373178,149.6540804915482,A,O2 conc.A [nmol/mL],dataset_II,
554.868804664723,149.2232659736029,A,O2 conc.A [nmol/mL],dataset_II,
555.2186588921282,148.9410905676541,A,O2 conc.A [nmol/mL],dataset_II,
555.5685131195335,149.3425421108074,A,O2 conc.A [nmol/mL],dataset_II,
555.9183673469388,148.863514787358,A,O2 conc.A [nmol/mL],dataset_II,
556.268221574344,149.1933273891288,A,O2 conc.A [nmol/mL],dataset_II,
556.6180758017492,149.3945838197642,A,O2 conc.A [nmol/mL],dataset_II,
556.9679300291546,148.8567819317413,A,O2 conc.A [nmol/mL],dataset_II,
557.3177842565598,149.1891179054486,A,O2 conc.A [nmol/mL],dataset_II,
557.667638483965,149.4602933439924,A,O2 conc.A [nmol/mL],dataset_II,
558.0174927113702,149.2099116893698,A,O2 conc.A [nmol/mL],dataset_II,
558.3673469387755,149.2193587517513,A,O2 conc.A [nmol/mL],dataset_II,
558.7172011661808,149.2847081857175,A,O2 conc.A [nmol/mL],dataset_II,
559.067055393586,149.4605086059955,A,O2 conc.A [nmol/mL],dataset_II,
559.4169096209912,149.034368364093,A,O2 conc.A [nmol/mL],dataset_II,
559.7667638483965,149.2731325647198,A,O2 conc.A [nmol/mL],dataset_II,
560.1166180758017,148.9189598009766,A,O2 conc.A [nmol/mL],dataset_II,
560.466472303207,148.767704656902,A,O2 conc.A [nmol/mL],dataset_II,
560.8163265306123,148.9521968588641,A,O2 conc.A [nmol/mL],dataset_II,
561.1661807580175,148.6912831601612,A,O2 conc.A [nmol/mL],dataset_II,
561.5160349854227,148.6686988239169,A,O2 conc.A [nmol/mL],dataset_II,
561.8658892128279,148.6292907259474,A,O2 conc.A [nmol/mL],dataset_II,
562.2157434402333,148.1766145903741,A,O2 conc.A [nmol/mL],dataset_II,
562.5655976676385,148.7460902643719,A,O2 conc.A [nmol/mL],dataset_II,
562.9154518950437,148.3730013110073,A,O2 conc.A [nmol/mL],dataset_II,
563.2653061224489,148.6313876261885,A,O2 conc.A [nmol/mL],dataset_II,
563.6151603498542,148.9899418571762,A,O2 conc.A [nmol/mL],dataset_II,
563.9650145772595,148.4664443369776,A,O2 conc.A [nmol/mL],dataset_II,
564.3148688046647,148.4304368838419,A,O2 conc.A [nmol/mL],dataset_II,
564.66472303207,148.8761612752786,A,O2 conc.A [nmol/mL],dataset_II,
565.0145772594752,148.6410051262187,A,O2 conc.A [nmol/mL],dataset_II,
565.3644314868804,148.7178052148902,A,O2 conc.A [nmol/mL],dataset_II,
565.7142857142857,148.3540953877547,A,O2 conc.A [nmol/mL],dataset_II,
566.064139941691,148.5991837551686,A,O2 conc.A [nmol/mL],dataset_II,
566.4139941690962,148.209865560361,A,O2 conc.A [nmol/mL],dataset_II,
566.7638483965014,148.1816520319442,A,O2 conc.A [nmol/mL],dataset_II,
567.1137026239066,148.4689582886003,A,O2 conc.A [nmol/mL],dataset_II,
567.463556851312,148.1395486819303,A,O2 conc.A [nmol/mL],dataset_II,
567.8134110787172,148.4501663662588,A,O2 conc.A [nmol/mL],dataset_II,
568.1632653061224,148.8255526200045,A,O2 conc.A [nmol/mL],dataset_II,
568.5131195335277,147.7753381076098,A,O2 conc.A [nmol/mL],dataset_II,
568.862973760933,147.9780699035157,A,O2 conc.A [nmol/mL],dataset_II,
569.2128279883382,148.4154022987061,A,O2 conc.A [nmol/mL],dataset_II,
569.5626822157434,148.0683409665716,A,O2 conc.A [nmol/mL],dataset_II,
569.9125364431487,148.3641277270924,A,O2 conc.A [nmol/mL],dataset_II,
570.2623906705539,147.7905839520604,A,O2 conc.A [nmol/mL],dataset_II,
570.6122448979592,148.095180820495,A,O2 conc.A [nmol/mL],dataset_II,
570.9620991253644,147.9439504522867,A,O2 conc.A [nmol/mL],dataset_II,
571.3119533527697,147.9859269681602,A,O2 conc.A [nmol/mL],dataset_II,
571.6618075801749,148.0028580479051,A,O2 conc.A [nmol/mL],dataset_II,
572.0116618075801,147.5843222081767,A,O2 conc.A [nmol/mL],dataset_II,
572.3615160349855,147.5900341832003,A,O2 conc.A [nmol/mL],dataset_II,
572.7113702623907,148.1776243119633,A,O2 conc.A [nmol/mL],dataset_II,
573.0612244897959,147.8703614938341,A,O2 conc.A [nmol/mL],dataset_II,
573.4110787172011,147.7928894048765,A,O2 conc.A [nmol/mL],dataset_II,
573.7609329446065,147.7245288966843,A,O2 conc.A [nmol/mL],dataset_II,
574.1107871720117,147.7939279577136,A,O2 conc.A [nmol/mL],dataset_II,
574.4606413994169,147.3850529038851,A,O2 conc.A [nmol/mL],dataset_II,
574.8104956268221,147.3935250114621,A,O2 conc.A [nmol/mL],dataset_II,
575.1603498542274,147.9386536619369,A,O2 conc.A [nmol/mL],dataset_II,
575.5102040816327,147.6195901612965,A,O2 conc.A [nmol/mL],dataset_II,
575.8600583090379,147.7635913299476,A,O2 conc.A [nmol/mL],dataset_II,
576.2099125364432,147.3688448655032,A,O2 conc.A [nmol/mL],dataset_II,
576.5597667638484,147.8336869680261,A,O2 conc.A [nmol/mL],dataset_II,
576.9096209912536,147.5450699799875,A,O2 conc.A [nmol/mL],dataset_II,
577.2594752186588,147.548306589202,A,O2 conc.A [nmol/mL],dataset_II,
577.6093294460642,147.5344222245617,A,O2 conc.A [nmol/mL],dataset_II,
577.9591836734694,147.167232336068,A,O2 conc.A [nmol/mL],dataset_II,
578.3090379008746,146.8692991858476,A,O2 conc.A [nmol/mL],dataset_II,
578.6588921282798,147.036273490713,A,O2 conc.A [nmol/mL],dataset_II,
579.0087463556852,147.6818496276375,A,O2 conc.A [nmol/mL],dataset_II,
579.3586005830904,147.5686346617011,A,O2 conc.A [nmol/mL],dataset_II,
579.7084548104956,147.1259780829566,A,O2 conc.A [nmol/mL],dataset_II,
580.0583090379009,147.1065340990726,A,O2 conc.A [nmol/mL],dataset_II,
580.4081632653061,147.4103494064079,A,O2 conc.A [nmol/mL],dataset_II,
580.7580174927114,147.0783402251778,A,O2 conc.A [nmol/mL],dataset_II,
581.1078717201166,146.7648724821007,A,O2 conc.A [nmol/mL],dataset_II,
581.4577259475219,147.3753179790497,A,O2 conc.A [nmol/mL],dataset_II,
581.8075801749271,147.1474716066464,A,O2 conc.A [nmol/mL],dataset_II,
582.1574344023323,146.3683367896842,A,O2 conc.A [nmol/mL],dataset_II,
582.5072886297376,146.8883689483199,A,O2 conc.A [nmol/mL],dataset_II,
582.8571428571429,146.9718287817907,A,O2 conc.A [nmol/mL],dataset_II,
583.2069970845481,147.0254676940015,A,O2 conc.A [nmol/mL],dataset_II,
583.5568513119533,146.912438540832,A,O2 conc.A [nmol/mL],dataset_II,
583.9067055393587,146.6847100504604,A,O2 conc.A [nmol/mL],dataset_II,
584.2565597667639,146.7839504950311,A,O2 conc.A [nmol/mL],dataset_II,
584.6064139941691,146.8558350917917,A,O2 conc.A [nmol/mL],dataset_II,
584.9562682215743,146.6843787471695,A,O2 conc.A [nmol/mL],dataset_II,
585.3061224489796,146.6276493449137,A,O2 conc.A [nmol/mL],dataset_II,
585.6559766763849,147.0028902657737,A,O2 conc.A [nmol/mL],dataset_II,
586.0058309037901,146.4224621160575,A,O2 conc.A [nmol/mL],dataset_II,
586.3556851311953,146.5409929258645,A,O2 conc.A [nmol/mL],dataset_II,
586.7055393586006,146.089786296647,A,O2 conc.A [nmol/mL],dataset_II,
587.0553935860058,146.7020907970393,A,O2 conc.A [nmol/mL],dataset_II,
587.405247813411,146.7431591774055,A,O2 conc.A [nmol/mL],dataset_II,
587.7551020408164,146.6424595268601,A,O2 conc.A [nmol/mL],dataset_II,
588.1049562682216,146.7040006968435,A,O2 conc.A [nmol/mL],dataset_II,
588.4548104956268,146.5540040174364,A,O2 conc.A [nmol/mL],dataset_II,
588.804664723032,146.4987009352511,A,O2 conc.A [nmol/mL],dataset_II,
589.1545189504373,146.500803610527,A,O2 conc.A [nmol/mL],dataset_II,
589.5043731778426,146.2847344920588,A,O2 conc.A [nmol/mL],dataset_II,
589.8542274052478,146.6178883219635,A,O2 conc.A [nmol/mL],dataset_II,
590.204081632653,146.2029080963281,A,O2 conc.A [nmol/mL],dataset_II,
590.5539358600583,145.8937078875601,A,O2 conc.A [nmol/mL],dataset_II,
590.9037900874636,146.4409865285208,A,O2 conc.A [nmol/mL],dataset_II,
591.2536443148688,146.6604610763713,A,O2 conc.A [nmol/mL],dataset_II,
591.6034985422741,145.9269923578279,A,O2 conc.A [nmol/mL],dataset_II,
591.9533527696793,146.1108671115242,A,O2 conc.A [nmol/mL],dataset_II,
592.3032069970845,145.9341591475419,A,O2 conc.A [nmol/mL],dataset_II,
592.6530612244898,145.9796185940387,A,O2 conc.A [nmol/mL],dataset_II,
593.002915451895,146.0555324058646,A,O2 conc.A [nmol/mL],dataset_II,
593.3527696793003,145.7028018060735,A,O2 conc.A [nmol/mL],dataset_II,
593.7026239067055,145.9130852578011,A,O2 conc.A [nmol/mL],dataset_II,
594.0524781341107,145.5852515854007,A,O2 conc.A [nmol/mL],dataset_II,
594.4023323615161,145.778931278923,A,O2 conc.A [nmol/mL],dataset_II,
594.7521865889213,145.593715531324,A,O2 conc.A [nmol/mL],dataset_II,
595.1020408163265,145.5947125263677,A,O2 conc.A [nmol/mL],dataset_II,
595.4518950437317,145.3987447874803,A,O2 conc.A [nmol/mL],dataset_II,
595.801749271137,146.102805861245,A,O2 conc.A [nmol/mL],dataset_II,
596.1516034985423,145.8944767416799,A,O2 conc.A [nmol/mL],dataset_II,
596.5014577259475,145.2570907161297,A,O2 conc.A [nmol/mL],dataset_II,
596.8513119533527,145.5564945850104,A,O2 conc.A [nmol/mL],dataset_II,
597.201166180758,145.5073365900751,A,O2 conc.A [nmol/mL],dataset_II,
597.5510204081633,145.4714549645373,A,O2 conc.A [nmol/mL],dataset_II,
597.9008746355685,145.2517148749689,A,O2 conc.A [nmol/mL],dataset_II,
598.2507288629738,145.7712769399787,A,O2 conc.A [nmol/mL],dataset_II,
598.600583090379,145.4529593197881,A,O2 conc.A [nmol/mL],dataset_II,
598.9504373177842,145.6382072500776,A,O2 conc.A [nmol/mL],dataset_II,
599.3002915451895,145.622103720551,A,O2 conc.A [nmol/mL],dataset_II,
599.6501457725948,145.8035208637395,A,O2 conc.A [nmol/mL],dataset_II,
600.0,144.9751862229608,A,O2 conc.A [nmol/mL],dataset_II,FCCP_2
600.1749271137027,145.8481006603719,A,O2 conc.A [nmol/mL],dataset_II,
600.3498542274052,145.7150799635957,A,O2 conc.A [nmol/mL],dataset_II,
600.5247813411079,145.5254866480045,A,O2 conc.A [nmol/mL],dataset_II,
600.6997084548105,145.96240588342,A,O2 conc.A [nmol/mL],dataset_II,
600.8746355685131,145.4020015630438,A,O2 conc.A [nmol/mL],dataset_II,
601.0495626822158,145.5403492573373,A,O2 conc.A [nmol/mL],dataset_II,
601.2244897959183,145.1345804663684,A,O2 conc.A [nmol/mL],dataset_II,
601.399416909621,145.586965278169,A,O2 conc.A [nmol/mL],dataset_II,
601.5743440233236,145.3295158251258,A,O2 conc.A [nmol/mL],dataset_II,
601.7492711370262,145.1589368208269,A,O2 conc.A [nmol/mL],dataset_II,
601.9241982507289,145.785145146319,A,O2 conc.A [nmol/mL],dataset_II,
602.0991253644315,145.1638811529704,A,O2 conc.A [nmol/mL],dataset_II,
602.2740524781341,145.2264652205575,A,O2 conc.A [nmol/mL],dataset_II,
602.4489795918367,145.1590974111122,A,O2 conc.A [nmol/mL],dataset_II,
602.6239067055394,145.003666292593,A,O2 conc.A [nmol/mL],dataset_II,
602.798833819242,145.3095681293831,A,O2 conc.A [nmol/mL],dataset_II,
602.9737609329446,145.3455180149176,A,O2 conc.A [nmol/mL],dataset_II,
603.1486880466472,145.2336740377563,A,O2 conc.A [nmol/mL],dataset_II,
603.3236151603498,144.53910143121,A,O2 conc.A [nmol/mL],dataset_II,
603.4985422740525,145.3654102035736,A,O2 conc.A [nmol/mL],dataset_II,
603.6734693877551,145.0100162277496,A,O2 conc.A [nmol/mL],dataset_II,
603.8483965014577,144.7776597604287,A,O2 conc.A [nmol/mL],dataset_II,
604.0233236151604,145.2167256076382,A,O2 conc.A [nmol/mL],dataset_II,
604.198250728863,145.1907824463901,A,O2 conc.A [nmol/mL],dataset_II,
604.3731778425656,144.7734663678644,A,O2 conc.A [nmol/mL],dataset_II,
604.5481049562683,145.6365084013941,A,O2 conc.A [nmol/mL],dataset_II,
604.7230320699708,144.7001575245177,A,O2 conc.A [nmol/mL],dataset_II,
604.8979591836735,144.5534781587359,A,O2 conc.A [nmol/mL],dataset_II,
605.072886297376,144.6823506482957,A,O2 conc.A [nmol/mL],dataset_II,
605.2478134110787,145.3102581314155,A,O2 conc.A [nmol/mL],dataset_II,
605.4227405247814,144.89525865319,A,O2 conc.A [nmol/mL],dataset_II,
605.5976676384839,144.8303733245226,A,O2 conc.A [nmol/mL],dataset_II,
605.7725947521866,144.8920127266905,A,O2 conc.A [nmol/mL],dataset_II,
605.9475218658893,144.7425633397763,A,O2 conc.A [nmol/mL],dataset_II,
606.1224489795918,144.7033156226335,A,O2 conc.A [nmol/mL],dataset_II,
606.2973760932945,144.6997422615983,A,O2 conc.A [nmol/mL],dataset_II,
606.4723032069971,145.0211996747837,A,O2 conc.A [nmol/mL],dataset_II,
606.6472303206997,145.0834894239834,A,O2 conc.A [nmol/mL],dataset_II,
606.8221574344024,144.5487669707749,A,O2 conc.A [nmol/mL],dataset_II,
606.9970845481049,144.8565117630774,A,O2 conc.A [nmol/mL],dataset_II,
607.1720116618076,144.9779212396045,A,O2 conc.A [nmol/mL],dataset_II,
607.3469387755102,144.4945961013267,A,O2 conc.A [nmol/mL],dataset_II,
607.5218658892128,144.623557099678,A,O2 conc.A [nmol/mL],dataset_II,
607.6967930029155,144.4738473661778,A,O2 conc.A [nmol/mL],dataset_II,
607.8717201166181,144.3947709302001,A,O2 conc.A [nmol/mL],dataset_II,
608.0466472303207,144.7271584425079,A,O2 conc.A [nmol/mL],dataset_II,
608.2215743440233,144.5018242920228,A,O2 conc.A [nmol/mL],dataset_II,
608.3965014577259,144.8278043165613,A,O2 conc.A [nmol/mL],dataset_II,
608.5714285714286,144.6468312229972,A,O2 conc.A [nmol/mL],dataset_II,
608.7463556851312,144.7415082018479,A,O2 conc.A [nmol/mL],dataset_II,
608.9212827988338,144.549445294302,A,O2 conc.A [nmol/mL],dataset_II,
609.0962099125364,144.4479313362294,A,O2 conc.A [nmol/mL],dataset_II,
609.2711370262391,144.5681770575165,A,O2 conc.A [nmol/mL],dataset_II,
609.4460641399417,144.5737609681229,A,O2 conc.A [nmol/mL],dataset_II,
609.6209912536443,144.3827107864445,A,O2 conc.A [nmol/mL],dataset_II,
609.795918367347,144.649988183209,A,O2 conc.A [nmol/mL],dataset_II,
609.9708454810495,144.7141526927525,A,O2 conc.A [nmol/mL],dataset_II,
610.1457725947522,144.551189314405,A,O2 conc.A [nmol/mL],dataset_II,
610.3206997084549,144.9242060198895,A,O2 conc.A [nmol/mL],dataset_II,
610.4956268221574,144.3219132050481,A,O2 conc.A [nmol/mL],dataset_II,
610.6705539358601,144.5943117217084,A,O2 conc.A [nmol/mL],dataset_II,
610.8454810495626,144.3461435767191,A,O2 conc.A [nmol/mL],dataset_II,
611.0204081632653,144.4911493124549,A,O2 conc.A [nmol/mL],dataset_II,
611.195335276968,144.2091692613123,A,O2 conc.A [nmol/mL],dataset_II,
611.3702623906705,144.6796021002033,A,O2 conc.A [nmol/mL],dataset_II,
611.5451895043732,144.4289911419336,A,O2 conc.A [nmol/mL],dataset_II,
611.7201166180758,144.6672116999932,A,O2 conc.A [nmol/mL],dataset_II,
611.8950437317784,144.0367913404685,A,O2 conc.A [nmol/mL],dataset_II,
612.0699708454811,144.2141010919133,A,O2 conc.A [nmol/mL],dataset_II,
612.2448979591836,144.0985031036429,A,O2 conc.A [nmol/mL],dataset_II,
612.4198250728863,144.1728237468439,A,O2 conc.A [nmol/mL],dataset_II,
612.594752186589,144.1168214482756,A,O2 conc.A [nmol/mL],dataset_II,
612.7696793002915,144.2440032983518,A,O2 conc.A [nmol/mL],dataset_II,
612.9446064139942,144.2539914052852,A,O2 conc.A [nmol/mL],dataset_II,
613.1195335276968,144.2322216342739,A,O2 conc.A [nmol/mL],dataset_II,
613.2944606413994,144.0877515412338,A,O2 conc.A [nmol/mL],dataset_II,
613.469387755102,144.2576534631761,A,O2 conc.A [nmol/mL],dataset_II,
613.6443148688047,144.4138657016026,A,O2 conc.A [nmol/mL],dataset_II,
613.8192419825073,143.9535575951579,A,O2 conc.A [nmol/mL],dataset_II,
613.9941690962099,144.1635133017557,A,O2 conc.A [nmol/mL],dataset_II,
614.1690962099125,144.1289380819716,A,O2 conc.A [nmol/mL],dataset_II,
614.3440233236151,144.2487091221511,A,O2 conc.A [nmol/mL],dataset_II,
614.5189504373178,144.0998204768186,A,O2 conc.A [nmol/mL],dataset_II,
614.6938775510204,144.0960335815275,A,O2 conc.A [nmol/mL],dataset_II,
614.868804664723,143.8363404962799,A,O2 conc.A [nmol/mL],dataset_II,
615.0437317784257,144.0737050610088,A,O2 conc.A [nmol/mL],dataset_II,
615.2186588921282,143.8219726383217,A,O2 conc.A [nmol/mL],dataset_II,
615.3935860058309,144.1655344820853,A,O2 conc.A [nmol/mL],dataset_II,
615.5685131195336,143.9949683458651,A,O2 conc.A [nmol/mL],dataset_II,
615.7434402332361,144.0149023432269,A,O2 conc.A [nmol/mL],dataset_II,
615.9183673469388,143.7663048064309,A,O2 conc.A [nmol/mL],dataset_II,
616.0932944606413,144.1742064525623,A,O2 conc.A [nmol/mL],dataset_II,
616.268221574344,144.1305101941759,A,O2 conc.A [nmol/mL],dataset_II,
616.4431486880467,144.1569773585634,A,O2 conc.A [nmol/mL],dataset_II,
616.6180758017492,144.482607555879,A,O2 conc.A [nmol/mL],dataset_II,
616.7930029154519,143.8967958494183,A,O2 conc.A [nmol/mL],dataset_II,
616.9679300291546,144.1949410632751,A,O2 conc.A [nmol/mL],dataset_II,
617.1428571428571,143.8472980620388,A,O2 conc.A [nmol/mL],dataset_II,
617.3177842565598,143.9609414969161,A,O2 conc.A [nmol/mL],dataset_II,
617.4927113702624,143.9379186891596,A,O2 conc.A [nmol/mL],dataset_II,
617.667638483965,143.8968969323849,A,O2 conc.A [nmol/mL],dataset_II,
617.8425655976677,143.9794776954525,A,O2 conc.A [nmol/mL],dataset_II,
618.0174927113702,143.7230942150022,A,O2 conc.A [nmol/mL],dataset_II,
618.1924198250729,143.7934760397342,A,O2 conc.A [nmol/mL],dataset_II,
618.3673469387755,143.9012350405141,A,O2 conc.A [nmol/mL],dataset_II,
618.5422740524781,144.1885357630759,A,O2 conc.A [nmol/mL],dataset_II,
618.7172011661808,143.5251477802135,A,O2 conc.A [nmol/mL],dataset_II,
618.8921282798834,143.2683684517616,A,O2 conc.A [nmol/mL],dataset_II,
619.067055393586,143.5830448934744,A,O2 conc.A [nmol/mL],dataset_II,
619.2419825072886,143.7107130339164,A,O2 conc.A [nmol/mL],dataset_II,
619.4169096209913,143.7161398583884,A,O2 conc.A [nmol/mL],dataset_II,
619.5918367346939,143.6796146909569,A,O2 conc.A [nmol/mL],dataset_II,
619.7667638483965,143.9364224346096,A,O2 conc.A [nmol/mL],dataset_II,
619.9416909620991,143.8689020115726,A,O2 conc.A [nmol/mL],dataset_II,
620.1166180758017,143.596737246583,A,O2 conc.A [nmol/mL],dataset_II,
620.2915451895044,143.4758321015846,A,O2 conc.A [nmol/mL],dataset_II,
620.466472303207,143.4908813213869,A,O2 conc.A [nmol/mL],dataset_II,
620.6413994169096,143.472472162955,A,O2 conc.A [nmol/mL],dataset_II,
620.8163265306123,143.4893129922202,A,O2 conc.A [nmol/mL],dataset_II,
620.9912536443148,143.1367148797769,A,O2 conc.A [nmol/mL],dataset_II,
621.1661807580175,143.3987819937466,A,O2 conc.A [nmol/mL],dataset_II,
621.3411078717202,143.3919868338373,A,O2 conc.A [nmol/mL],dataset_II,
621.5160349854227,143.4351514022504,A,O2 conc.A [nmol/mL],dataset_II,
621.6909620991254,143.4029611550934,A,O2 conc.A [nmol/mL],dataset_II,
621.8658892128279,143.6187026031392,A,O2 conc.A [nmol/mL],dataset_II,
622.0408163265306,143.3018796382859,A,O2 conc.A [nmol/mL],dataset_II,
622.2157434402333,143.3093857114741,A,O2 conc.A [nmol/mL],dataset_II,
622.3906705539358,143.5386794850396,A,O2 conc.A [nmol/mL],dataset_II,
622.5655976676385,143.3285307442088,A,O2 conc.A [nmol/mL],dataset_II,
622.7405247813412,143.4256377971334,A,O2 conc.A [nmol/mL],dataset_II,
622.9154518950437,143.5230226995432,A,O2 conc.A [nmol/mL],dataset_II,
623.0903790087464,143.4453458081858,A,O2 conc.A [nmol/mL],dataset_II,
623.265306122449,143.3865587060293,A,O2 conc.A [nmol/mL],dataset_II,
623.4402332361516,143.2590723641613,A,O2 conc.A [nmol/mL],dataset_II,
623.6151603498542,143.4628209389055,A,O2 conc.A [nmol/mL],dataset_II,
623.7900874635568,143.3203995580054,A,O2 conc.A [nmol/mL],dataset_II,
623.9650145772595,143.1344635444857,A,O2 conc.A [nmol/mL],dataset_II,
624.1399416909621,143.2071390950683,A,O2 conc.A [nmol/mL],dataset_II,
624.3148688046647,142.9244737070594,A,O2 conc.A [nmol/mL],dataset_II,
624.4897959183673,142.9727817174303,A,O2 conc.A [nmol/mL],dataset_II,
624.66472303207,142.7266083613544,A,O2 conc.A [nmol/mL],dataset_II,
624.8396501457726,143.0115171847344,A,O2 conc.A [nmol/mL],dataset_II,
625.0145772594752,143.499551045136,A,O2 conc.A [nmol/mL],dataset_II,
625.1895043731779,143.0107071393272,A,O2 conc.A [nmol/mL],dataset_II,
625.3644314868804,143.3308792132034,A,O2 conc.A [nmol/mL],dataset_II,
625.5393586005831,143.1172962049794,A,O2 conc.A [nmol/mL],dataset_II,
625.7142857142857,142.9271861223746,A,O2 conc.A [nmol/mL],dataset_II,
625.8892128279883,143.4210578665471,A,O2 conc.A [nmol/mL],dataset_II,
626.064139941691,143.216204109531,A,O2 conc.A [nmol/mL],dataset_II,
626.2390670553935,142.6168671656955,A,O2 conc.A [nmol/mL],dataset_II,
626.4139941690962,143.2993325161714,A,O2 conc.A [nmol/mL],dataset_II,
626.5889212827989,142.7544487523822,A,O2 conc.A [nmol/mL],dataset_II,
626.7638483965014,142.9628327991101,A,O2 conc.A [nmol/mL],dataset_II,
626.9387755102041,143.1585043007487,A,O2 conc.A [nmol/mL],dataset_II,
627.1137026239066,142.9006773147543,A,O2 conc.A [nmol/mL],dataset_II,
627.2886297376093,143.2395412783891,A,O2 conc.A [nmol/mL],dataset_II,
627.463556851312,143.1342858641981,A,O2 conc.A [nmol/mL],dataset_II,
627.6384839650145,142.5339156810375,A,O2 conc.A [nmol/mL],dataset_II,
627.8134110787172,142.7941907041445,A,O2 conc.A [nmol/mL],dataset_II,
627.9883381924199,142.9669823361563,A,O2 conc.A [nmol/mL],dataset_II,
628.1632653061224,142.7368788921372,A,O2 conc.A [nmol/mL],dataset_II,
628.3381924198251,142.8107240955149,A,O2 conc.A [nmol/mL],dataset_II,
628.5131195335277,143.0489041095185,A,O2 conc.A [nmol/mL],dataset_II,
628.6880466472303,142.9123178679576,A,O2 conc.A [nmol/mL],dataset_II,
628.862973760933,142.5871324421178,A,O2 conc.A [nmol/mL],dataset_II,
629.0379008746356,142.8451034528691,A,O2 conc.A [nmol/mL],dataset_II,
629.2128279883382,142.6325491113817,A,O2 conc.A [nmol/mL],dataset_II,
629.3877551020408,142.4659830899848,A,O2 conc.A [nmol/mL],dataset_II,
629.5626822157434,142.4714318769286,A,O2 conc.A [nmol/mL],dataset_II,
629.7376093294461,142.8098493833459,A,O2 conc.A [nmol/mL],dataset_II,
629.9125364431487,142.7152467322182,A,O2 conc.A [nmol/mL],dataset_II,
630.0874635568513,142.7077977705064,A,O2 conc.A [nmol/mL],dataset_II,
630.2623906705539,142.4040522160533,A,O2 conc.A [nmol/mL],dataset_II,
630.4373177842566,142.6287867501834,A,O2 conc.A [nmol/mL],dataset_II,
630.6122448979592,142.3996418954063,A,O2 conc.A [nmol/mL],dataset_II,
630.7871720116618,142.4114999986195,A,O2 conc.A [nmol/mL],dataset_II,
630.9620991253644,142.5859814274855,A,O2 conc.A [nmol/mL],dataset_II,
631.137026239067,142.2655801635293,A,O2 conc.A [nmol/mL],dataset_II,
631.3119533527697,142.7629092526319,A,O2 conc.A [nmol/mL],dataset_II,
631.4868804664723,143.2014778085433,A,O2 conc.A [nmol/mL],dataset_II,
631.6618075801749,142.6786275676871,A,O2 conc.A [nmol/mL],dataset_II,
631.8367346938776,142.2873606303592,A,O2 conc.A [nmol/mL],dataset_II,
632.0116618075801,142.4644546962682,A,O2 conc.A [nmol/mL],dataset_II,
632.1865889212828,142.1275562486129,A,O2 conc.A [nmol/mL],dataset_II,
632.3615160349855,142.4061762988921,A,O2 conc.A [nmol/mL],dataset_II,
632.536443148688,142.6115735378186,A,O2 conc.A [nmol/mL],dataset_II,
632.7113702623907,142.6162559051881,A,O2 conc.A [nmol/mL],dataset_II,
632.8862973760934,142.1951386848968,A,O2 conc.A [nmol/mL],dataset_II,
633.0612244897959,142.5120254464572,A,O2 conc.A [nmol/mL],dataset_II,
633.2361516034986,142.7105056990654,A,O2 conc.A [nmol/mL],dataset_II,
633.4110787172011,142.8443412488215,A,O2 conc.A [nmol/mL],dataset_II,
633.5860058309038,142.2145342916093,A,O2 conc.A [nmol/mL],dataset_II,
633.7609329446065,142.1578476690056,A,O2 conc.A [nmol/mL],dataset_II,
633.935860058309,142.3716662990513,A,O2 conc.A [nmol/mL],dataset_II,
634.1107871720117,141.6102044483793,A,O2 conc.A [nmol/mL],dataset_II,
634.2857142857143,142.1936331509882,A,O2 conc.A [nmol/mL],dataset_II,
634.4606413994169,142.2428125687068,A,O2 conc.A [nmol/mL],dataset_II,
634.6355685131196,142.1798854739135,A,O2 conc.A [nmol/mL],dataset_II,
634.8104956268221,141.882917323525,A,O2 conc.A [nmol/mL],dataset_II,
634.9854227405248,142.2016625134051,A,O2 conc.A [nmol/mL],dataset_II,
635.1603498542274,142.0530627950998,A,O2 conc.A [nmol/mL],dataset_II,
635.33527696793,142.4207503745089,A,O2 conc.A [nmol/mL],dataset_II,
635.5102040816327,141.9859255653236,A,O2 conc.A [nmol/mL],dataset_II,
635.6851311953353,142.1291226470283,A,O2 conc.A [nmol/mL],dataset_II,
635.8600583090379,142.1256366079826,A,O2 conc.A [nmol/mL],dataset_II,
636.0349854227405,142.3099311043914,A,O2 conc.A [nmol/mL],dataset_II,
636.2099125364432,141.5157267587711,A,O2 conc.A [nmol/mL],dataset_II,
636.3848396501458,142.0512113347203,A,O2 conc.A [nmol/mL],dataset_II,
636.5597667638484,142.3104360157987,A,O2 conc.A [nmol/mL],dataset_II,
636.734693877551,142.014274828989,A,O2 conc.A [nmol/mL],dataset_II,
636.9096209912536,141.7071273065184,A,O2 conc.A [nmol/mL],dataset_II,
637.0845481049563,142.1546757510854,A,O2 conc.A [nmol/mL],dataset_II,
637.2594752186588,142.1413625943287,A,O2 conc.A [nmol/mL],dataset_II,
637.4344023323615,141.9737331796112,A,O2 conc.A [nmol/mL],dataset_II,
637.6093294460642,141.7355712606147,A,O2 conc.A [nmol/mL],dataset_II,
637.7842565597667,141.8245160608973,A,O2 conc.A [nmol/mL],dataset_II,
637.9591836734694,141.9154103798908,A,O2 conc.A [nmol/mL],dataset_II,
638.1341107871721,141.7591309530355,A,O2 conc.A [nmol/mL],dataset_II,
638.3090379008746,141.4821342397413,A,O2 conc.A [nmol/mL],dataset_II,
638.4839650145773,141.7540217869555,A,O2 conc.A [nmol/mL],dataset_II,
638.6588921282798,141.9150721629335,A,O2 conc.A [nmol/mL],dataset_II,
638.8338192419825,141.7879077895961,A,O2 conc.A [nmol/mL],dataset_II,
639.0087463556852,141.8799442565063,A,O2 conc.A [nmol/mL],dataset_II,
639.1836734693877,141.9039166209078,A,O2 conc.A [nmol/mL],dataset_II,
639.3586005830904,142.0913106611387,A,O2 conc.A [nmol/mL],dataset_II,
639.533527696793,142.4022874767954,A,O2 conc.A [nmol/mL],dataset_II,
639.7084548104956,142.0184408158534,A,O2 conc.A [nmol/mL],dataset_II,
639.8833819241983,141.4685786290782,A,O2 conc.A [nmol/mL],dataset_II,
640.0583090379009,141.1395891887877,A,O2 conc.A [nmol/mL],dataset_II,
640.2332361516035,141.7643745433483,A,O2 conc.A [nmol/mL],dataset_II,
640.4081632653061,141.7900018542367,A,O2 conc.A [nmol/mL],dataset_II,
640.5830903790087,141.4658510788746,A,O2 conc.A [nmol/mL],dataset_II,
640.7580174927114,141.8084920995491,A,O2 conc.A [nmol/mL],dataset_II,
640.932944606414,141.532913828201,A,O2 conc.A [nmol/mL],dataset_II,
641.1078717201166,141.8094808182877,A,O2 conc.A [nmol/mL],dataset_II,
641.2827988338192,141.6115985017776,A,O2 conc.A [nmol/mL],dataset_II,
641.4577259475219,141.7765083526345,A,O2 conc.A [nmol/mL],dataset_II,
641.6326530612245,141.225508566364,A,O2 conc.A [nmol/mL],dataset_II,
641.8075801749271,141.5358553060569,A,O2 conc.A [nmol/mL],dataset_II,
641.9825072886297,141.5924876831594,A,O2 conc.A [nmol/mL],dataset_II,
642.1574344023323,141.2575826634526,A,O2 conc.A [nmol/mL],dataset_II,
642.332361516035,142.0685505692387,A,O2 conc.A [nmol/mL],dataset_II,
642.5072886297376,141.4469373116169,A,O2 conc.A [nmol/mL],dataset_II,
642.6822157434402,141.913788256856,A,O2 conc.A [nmol/mL],dataset_II,
642.8571428571429,141.3843744617914,A,O2 conc.A [nmol/mL],dataset_II,
643.0320699708454,141.477131855673,A,O2 conc.A [nmol/mL],dataset_II,
643.2069970845481,141.8147647824469,A,O2 conc.A [nmol/mL],dataset_II,
643.3819241982508,141.5789106757568,A,O2 conc.A [nmol/mL],dataset_II,
643.5568513119533,141.5351322120572,A,O2 conc.A [nmol/mL],dataset_II,
643.731778425656,141.537769146518,A,O2 conc.A [nmol/mL],dataset_II,
643.9067055393587,141.1139084754073,A,O2 conc.A [nmol/mL],dataset_II,
644.0816326530612,141.3422242360559,A,O2 conc.A [nmol/mL],dataset_II,
644.2565597667639,141.1846658509972,A,O2 conc.A [nmol/mL],dataset_II,
644.4314868804664,141.4572953375529,A,O2 conc.A [nmol/mL],dataset_II,
644.6064139941691,141.2561070518843,A,O2 conc.A [nmol/mL],dataset_II,
644.7813411078718,141.3652564641255,A,O2 conc.A [nmol/mL],dataset_II,
644.9562682215743,141.3411127637049,A,O2 conc.A [nmol/mL],dataset_II,
645.131195335277,141.3355079683178,A,O2 conc.A [nmol/mL],dataset_II,
645.3061224489796,141.3200784440945,A,O2 conc.A [nmol/mL],dataset_II,
645.4810495626822,141.1498353580092,A,O2 conc.A [nmol/mL],dataset_II,
645.6559766763849,141.0335938457529,A,O2 conc.A [nmol/mL],dataset_II,
645.8309037900874,141.115170127345,A,O2 conc.A [nmol/mL],dataset_II,
646.0058309037901,141.53330844989,A,O2 conc.A [nmol/mL],dataset_II,
646.1807580174927,141.3431289763954,A,O2 conc.A [nmol/mL],dataset_II,
646.3556851311953,141.3804920249815,A,O2 conc.A [nmol/mL],dataset_II,
646.530612244898,141.5629098239684,A,O2 conc.A [nmol/mL],dataset_II,
646.7055393586006,140.9072247716621,A,O2 conc.A [nmol/mL],dataset_II,
646.8804664723032,141.3137352703933,A,O2 conc.A [nmol/mL],dataset_II,
647.0553935860058,140.9016432987939,A,O2 conc.A [nmol/mL],dataset_II,
647.2303206997085,141.070993335454,A,O2 conc.A [nmol/mL],dataset_II,
647.405247813411,141.2598011059438,A,O2 conc.A [nmol/mL],dataset_II,
647.5801749271137,141.5264921221201,A,O2 conc.A [nmol/mL],dataset_II,
647.7551020408164,140.9115292298063,A,O2 conc.A [nmol/mL],dataset_II,
647.9300291545189,141.0675360621202,A,O2 conc.A [nmol/mL],dataset_II,
648.1049562682216,141.3644589866052,A,O2 conc.A [nmol/mL],dataset_II,
648.2798833819242,140.6871124158774,A,O2 conc.A [nmol/mL],dataset_II,
648.4548104956268,141.1342573345019,A,O2 conc.A [nmol/mL],dataset_II,
648.6297376093295,140.9508242283367,A,O2 conc.A [nmol/mL],dataset_II,
648.804664723032,140.7916346831839,A,O2 conc.A [nmol/mL],dataset_II,
648.9795918367347,141.0328807919394,A,O2 conc.A [nmol/mL],dataset_II,
649.1545189504374,141.1291192117566,A,O2 conc.A [nmol/mL],dataset_II,
649.3294460641399,140.7365274658416,A,O2 conc.A [nmol/mL],dataset_II,
649.5043731778426,141.0437145120175,A,O2 conc.A [nmol/mL],dataset_II,
649.6793002915451,140.9762242240978,A,O2 conc.A [nmol/mL],dataset_II,
649.8542274052478,140.6065930603334,A,O2 conc.A [nmol/mL],dataset_II,
650.0291545189505,141.2895642637148,A,O2 conc.A [nmol/mL],dataset_II,
650.204081632653,141.1578513745848,A,O2 conc.A [nmol/mL],dataset_II,
650.3790087463557,140.6545586803118,A,O2 conc.A [nmol/mL],dataset_II,
650.5539358600583,140.70704730676,A,O2 conc.A [nmol/mL],dataset_II,
650.7288629737609,141.0305647460427,A,O2 conc.A [nmol/mL],dataset_II,
650.9037900874636,140.6981720859275,A,O2 conc.A [nmol/mL],dataset_II,
651.0787172011662,140.3462693566393,A,O2 conc.A [nmol/mL],dataset_II,
651.2536443148688,141.0525841962212,A,O2 conc.A [nmol/mL],dataset_II,
651.4285714285714,140.7767236840429,A,O2 conc.A [nmol/mL],dataset_II,
651.6034985422741,141.2354495362274,A,O2 conc.A [nmol/mL],dataset_II,
651.7784256559767,140.8322244294675,A,O2 conc.A [nmol/mL],dataset_II,
651.9533527696793,140.7747704312145,A,O2 conc.A [nmol/mL],dataset_II,
652.1282798833819,141.4298120894152,A,O2 conc.A [nmol/mL],dataset_II,
652.3032069970845,140.6523847927809,A,O2 conc.A [nmol/mL],dataset_II,
652.4781341107872,140.441562348256,A,O2 conc.A [nmol/mL],dataset_II,
652.6530612244898,140.7209804445784,A,O2 conc.A [nmol/mL],dataset_II,
652.8279883381924,140.9317843356566,A,O2 conc.A [nmol/mL],dataset_II,
653.0029154518951,140.3407302340742,A,O2 conc.A [nmol/mL],dataset_II,
653.1778425655976,140.3891086530184,A,O2 conc.A [nmol/mL],dataset_II,
653.3527696793003,140.7127838651671,A,O2 conc.A [nmol/mL],dataset_II,
653.5276967930029,139.7851679028846,A,O2 conc.A [nmol/mL],dataset_II,
653.7026239067055,140.2954992465469,A,O2 conc.A [nmol/mL],dataset_II,
653.8775510204082,140.7517045918942,A,O2 conc.A [nmol/mL],dataset_II,
654.0524781341107,140.3903132524911,A,O2 conc.A [nmol/mL],dataset_II,
654.2274052478134,140.1145421086065,A,O2 conc.A [nmol/mL],dataset_II,
654.4023323615161,140.9867192166409,A,O2 conc.A [nmol/mL],dataset_II,
654.5772594752186,140.1368584229739,A,O2 conc.A [nmol/mL],dataset_II,
654.7521865889213,140.3428154858153,A,O2 conc.A [nmol/mL],dataset_II,
654.927113702624,140.3646386579999,A,O2 conc.A [nmol/mL],dataset_II,
655.1020408163265,140.4627722915887,A,O2 conc.A [nmol/mL],dataset_II,
655.2769679300292,140.3337745528943,A,O2 conc.A [nmol/mL],dataset_II,
655.4518950437317,140.3900742440089,A,O2 conc.A [nmol/mL],dataset_II,
655.6268221574344,140.4088538187044,A,O2 conc.A [nmol/mL],dataset_II,
655.801749271137,140.3569757270329,A,O2 conc.A [nmol/mL],dataset_II,
655.9766763848396,140.3861279546912,A,O2 conc.A [nmol/mL],dataset_II,
656.1516034985423,139.7522427328616,A,O2 conc.A [nmol/mL],dataset_II,
656.3265306122449,140.4414049895597,A,O2 conc.A [nmol/mL],dataset_II,
656.5014577259475,139.964189300929,A,O2 conc.A [nmol/mL],dataset_II,
656.6763848396502,139.7578067579278,A,O2 conc.A [nmol/mL],dataset_II,
656.8513119533528,140.628969772673,A,O2 conc.A [nmol/mL],dataset_II,
657.0262390670554,139.9464186365699,A,O2 conc.A [nmol/mL],dataset_II,
657.201166180758,140.2969293931821,A,O2 conc.A [nmol/mL],dataset_II,
657.3760932944606,140.0429864052555,A,O2 conc.A [nmol/mL],dataset_II,
657.5510204081633,140.0506748833866,A,O2 conc.A [nmol/mL],dataset_II,
657.7259475218659,140.3253697898367,A,O2 conc.A [nmol/mL],dataset_II,
657.9008746355685,139.9265645182345,A,O2 conc.A [nmol/mL],dataset_II,
658.0758017492711,140.2659539872317,A,O2 conc.A [nmol/mL],dataset_II,
658.2507288629738,140.2521231977886,A,O2 conc.A [nmol/mL],dataset_II,
658.4256559766764,140.4322267175661,A,O2 conc.A [nmol/mL],dataset_II,
658.600583090379,140.0412260943164,A,O2 conc.A [nmol/mL],dataset_II,
658.7755102040817,140.3710896231447,A,O2 conc.A [nmol/mL],dataset_II,
658.9504373177842,140.5237823968512,A,O2 conc.A [nmol/mL],dataset_II,
659.1253644314869,140.4744439503732,A,O2 conc.A [nmol/mL],dataset_II,
659.3002915451895,140.2084572800622,A,O2 conc.A [nmol/mL],dataset_II,
659.4752186588921,140.1583942191872,A,O2 conc.A [nmol/mL],dataset_II,
659.6501457725948,140.742631101725,A,O2 conc.A [nmol/mL],dataset_II,
659.8250728862973,140.5724760115791,A,O2 conc.A [nmol/mL],dataset_II,
660.0,139.8069423611897,A,O2 conc.A [nmol/mL],dataset_II,rotenone+antimycin
660.0769679300291,140.2294989412865,A,O2 conc.A [nmol/mL],dataset_II,
660.1539358600583,140.1481982685962,A,O2 conc.A [nmol/mL],dataset_II,
660.2309037900875,140.0157753259548,A,O2 conc.A [nmol/mL],dataset_II,
660.3078717201166,140.0360365351108,A,O2 conc.A [nmol/mL],dataset_II,
660.3848396501458,140.1196547386958,A,O2 conc.A [nmol/mL],dataset_II,
660.4618075801749,140.2320480799126,A,O2 conc.A [nmol/mL],dataset_II,
660.5387755102041,140.0524009259931,A,O2 conc.A [nmol/mL],dataset_II,
660.6157434402332,140.0826568892202,A,O2 conc.A [nmol/mL],dataset_II,
660.6927113702624,140.3457435391159,A,O2 conc.A [nmol/mL],dataset_II,
660.7696793002915,140.0771385214371,A,O2 conc.A [nmol/mL],dataset_II,
660.8466472303207,140.1339640810085,A,O2 conc.A [nmol/mL],dataset_II,
660.9236151603499,140.2452659847251,A,O2 conc.A [nmol/mL],dataset_II,
661.000583090379,140.4060240645948,A,O2 conc.A [nmol/mL],dataset_II,
661.0775510204081,140.3044686928803,A,O2 conc.A [nmol/mL],dataset_II,
661.1545189504374,140.092012198787,A,O2 conc.A [nmol/mL],dataset_II,
661.2314868804665,140.0496623240743,A,O2 conc.A [nmol/mL],dataset_II,
661.3084548104956,139.6918075661174,A,O2 conc.A [nmol/mL],dataset_II,
661.3854227405247,140.0707240966061,A,O2 conc.A [nmol/mL],dataset_II,
661.462390670554,139.7384160205938,A,O2 conc.A [nmol/mL],dataset_II,
661.5393586005831,139.7416986002013,A,O2 conc.A [nmol/mL],dataset_II,
661.6163265306122,140.1603356924475,A,O2 conc.A [nmol/mL],dataset_II,
661.6932944606414,139.9725641646863,A,O2 conc.A [nmol/mL],dataset_II,
661.7702623906705,140.1157608345876,A,O2 conc.A [nmol/mL],dataset_II,
661.8472303206997,139.8409676812358,A,O2 conc.A [nmol/mL],dataset_II,
661.9241982507289,140.2980094624493,A,O2 conc.A [nmol/mL],dataset_II,
662.001166180758,140.0336515055943,A,O2 conc.A [nmol/mL],dataset_II,
662.0781341107871,140.2946405423386,A,O2 conc.A [nmol/mL],dataset_II,
662.1551020408164,140.1660685831257,A,O2 conc.A [nmol/mL],dataset_II,
662.2320699708455,140.0390207202299,A,O2 conc.A [nmol/mL],dataset_II,
662.3090379008746,139.8780766078026,A,O2 conc.A [nmol/mL],dataset_II,
662.3860058309037,140.0055853549925,A,O2 conc.A [nmol/mL],dataset_II,
662.462973760933,140.2047110819519,A,O2 conc.A [nmol/mL],dataset_II,
662.5399416909621,140.1721228941187,A,O2 conc.A [nmol/mL],dataset_II,
662.6169096209912,139.6988122974543,A,O2 conc.A [nmol/mL],dataset_II,
662.6938775510204,140.2541289737667,A,O2 conc.A [nmol/mL],dataset_II,
662.7708454810496,139.9442314752115,A,O2 conc.A [nmol/mL],dataset_II,
662.8478134110787,140.2015243908312,A,O2 conc.A [nmol/mL],dataset_II,
662.9247813411079,139.8233363952276,A,O2 conc.A [nmol/mL],dataset_II,
663.001749271137,140.1571722824944,A,O2 conc.A [nmol/mL],dataset_II,
663.0787172011662,139.7985604898737,A,O2 conc.A [nmol/mL],dataset_II,
663.1556851311954,140.0300476684951,A,O2 conc.A [nmol/mL],dataset_II,
663.2326530612245,139.9232010089003,A,O2 conc.A [nmol/mL],dataset_II,
663.3096209912536,139.9263153188654,A,O2 conc.A [nmol/mL],dataset_II,
663.3865889212829,139.8560616496825,A,O2 conc.A [nmol/mL],dataset_II,
663.463556851312,139.9593136865176,A,O2 conc.A [nmol/mL],dataset_II,
663.5405247813411,139.5625497880384,A,O2 conc.A [nmol/mL],dataset_II,
663.6174927113702,140.2168583839306,A,O2 conc.A [nmol/mL],dataset_II,
663.6944606413994,140.2381301073523,A,O2 conc.A [nmol/mL],dataset_II,
663.7714285714286,139.8870149923685,A,O2 conc.A [nmol/mL],dataset_II,
663.8483965014577,139.6527698041033,A,O2 conc.A [nmol/mL],dataset_II,
663.9253644314869,139.8360311431252,A,O2 conc.A [nmol/mL],dataset_II,
664.002332361516,140.2346120430047,A,O2 conc.A [nmol/mL],dataset_II,
664.0793002915452,140.1540886539257,A,O2 conc.A [nmol/mL],dataset_II,
664.1562682215744,139.9226200703505,A,O2 conc.A [nmol/mL],dataset_II,
664.2332361516035,140.2220271556154,A,O2 conc.A [nmol/mL],dataset_II,
664.3102040816326,139.7373382714971,A,O2 conc.A [nmol/mL],dataset_II,
664.3871720116618,139.8445493778075,A,O2 conc.A [nmol/mL],dataset_II,
664.464139941691,140.1163602722511,A,O2 conc.A [nmol/mL],dataset_II,
664.5411078717201,139.9737301281541,A,O2 conc.A [nmol/mL],dataset_II,
664.6180758017492,139.8504020357914,A,O2 conc.A [nmol/mL],dataset_II,
664.6950437317785,139.3696765279524,A,O2 conc.A [nmol/mL],dataset_II,
664.7720116618076,140.1655125442333,A,O2 conc.A [nmol/mL],dataset_II,
664.8489795918367,140.0786389139296,A,O2 conc.A [nmol/mL],dataset_II,
664.9259475218659,139.5619778784424,A,O2 conc.A [nmol/mL],dataset_II,
665.0029154518951,140.1477898821074,A,O2 conc.A [nmol/mL],dataset_II,
665.0798833819242,139.9941175208906,A,O2 conc.A [nmol/mL],dataset_II,
665.1568513119533,140.0674171549238,A,O2 conc.A [nmol/mL],dataset_II,
665.2338192419825,140.2340067622243,A,O2 conc.A [nmol/mL],dataset_II,
665.3107871720116,139.8127367593429,A,O2 conc.A [nmol/mL],dataset_II,
665.3877551020408,140.17609951414,A,O2 conc.A [nmol/mL],dataset_II,
665.46472303207,140.1686719985761,A,O2 conc.A [nmol/mL],dataset_II,
665.5416909620991,140.1880873953953,A,O2 conc.A [nmol/mL],dataset_II,
665.6186588921282,140.4066974051568,A,O2 conc.A [nmol/mL],dataset_II,
665.6956268221575,140.1623921712689,A,O2 conc.A [nmol/mL],dataset_II,
665.7725947521866,139.8573190329954,A,O2 conc.A [nmol/mL],dataset_II,
665.8495626822157,140.4473045656149,A,O2 conc.A [nmol/mL],dataset_II,
665.9265306122448,139.720880324179,A,O2 conc.A [nmol/mL],dataset_II,
666.0034985422741,139.8820275619907,A,O2 conc.A [nmol/mL],dataset_II,
666.0804664723032,139.7565910328291,A,O2 conc.A [nmol/mL],dataset_II,
666.1574344023323,139.9720182606948,A,O2 conc.A [nmol/mL],dataset_II,
666.2344023323615,140.2682632813828,A,O2 conc.A [nmol/mL],dataset_II,
666.3113702623907,140.3221549497904,A,O2 conc.A [nmol/mL],dataset_II,
666.3883381924198,140.1135878145312,A,O2 conc.A [nmol/mL],dataset_II,
666.465306122449,139.8453606946849,A,O2 conc.A [nmol/mL],dataset_II,
666.5422740524781,139.8593033110426,A,O2 conc.A [nmol/mL],dataset_II,
666.6192419825073,139.8469094264159,A,O2 conc.A [nmol/mL],dataset_II,
666.6962099125365,140.2359186311612,A,O2 conc.A [nmol/mL],dataset_II,
666.7731778425656,139.7710736291777,A,O2 conc.A [nmol/mL],dataset_II,
666.8501457725947,140.2138400294333,A,O2 conc.A [nmol/mL],dataset_II,
666.927113702624,139.9895599426742,A,O2 conc.A [nmol/mL],dataset_II,
667.0040816326531,140.0407212286932,A,O2 conc.A [nmol/mL],dataset_II,
667.0810495626822,140.3756380565554,A,O2 conc.A [nmol/mL],dataset_II,
667.1580174927113,139.8788749570659,A,O2 conc.A [nmol/mL],dataset_II,
667.2349854227405,140.4131406096171,A,O2 conc.A [nmol/mL],dataset_II,
667.3119533527697,139.6453452957368,A,O2 conc.A [nmol/mL],dataset_II,
667.3889212827988,139.7915175370961,A,O2 conc.A [nmol/mL],dataset_II,
667.465889212828,139.6031106098048,A,O2 conc.A [nmol/mL],dataset_II,
667.5428571428571,139.8110129895678,A,O2 conc.A [nmol/mL],dataset_II,
667.6198250728863,140.1434289848832,A,O2 conc.A [nmol/mL],dataset_II,
667.6967930029155,140.1821407268212,A,O2 conc.A [nmol/mL],dataset_II,
667.7737609329446,140.0744022864487,A,O2 conc.A [nmol/mL],dataset_II,
667.8507288629737,140.0644814509966,A,O2 conc.A [nmol/mL],dataset_II,
667.927696793003,139.7043767164034,A,O2 conc.A [nmol/mL],dataset_II,
668.0046647230321,139.6660005023487,A,O2 conc.A [nmol/mL],dataset_II,
668.0816326530612,140.073680962452,A,O2 conc.A [nmol/mL],dataset_II,
668.1586005830903,140.3346602049068,A,O2 conc.A [nmol/mL],dataset_II,
668.2355685131196,139.906674770489,A,O2 conc.A [nmol/mL],dataset_II,
668.3125364431487,139.6805685564327,A,O2 conc.A [nmol/mL],dataset_II,
668.3895043731778,139.6143883411428,A,O2 conc.A [nmol/mL],dataset_II,
668.466472303207,139.8275455319267,A,O2 conc.A [nmol/mL],dataset_II,
668.5434402332362,140.3925944161225,A,O2 conc.A [nmol/mL],dataset_II,
668.6204081632653,139.9457735761971,A,O2 conc.A [nmol/mL],dataset_II,
668.6973760932945,139.7382226170661,A,O2 conc.A [nmol/mL],dataset_II,
668.7743440233236,139.8453407495391,A,O2 conc.A [nmol/mL],dataset_II,
668.8513119533527,139.8768222177545,A,O2 conc.A [nmol/mL],dataset_II,
668.928279883382,140.0641118143857,A,O2 conc.A [nmol/mL],dataset_II,
669.0052478134111,139.8327043471864,A,O2 conc.A [nmol/mL],dataset_II,
669.0822157434402,139.7752235669124,A,O2 conc.A [nmol/mL],dataset_II,
669.1591836734693,139.9507042144445,A,O2 conc.A [nmol/mL],dataset_II,
669.2361516034986,140.1148760417293,A,O2 conc.A [nmol/mL],dataset_II,
669.3131195335277,140.1769694025625,A,O2 conc.A [nmol/mL],dataset_II,
669.3900874635568,140.135341464647,A,O2 conc.A [nmol/mL],dataset_II,
669.467055393586,139.8833342281626,A,O2 conc.A [nmol/mL],dataset_II,
669.5440233236152,139.5739392060735,A,O2 conc.A [nmol/mL],dataset_II,
669.6209912536443,139.798079424861,A,O2 conc.A [nmol/mL],dataset_II,
669.6979591836734,140.0687288088993,A,O2 conc.A [nmol/mL],dataset_II,
669.7749271137026,139.6642996392028,A,O2 conc.A [nmol/mL],dataset_II,
669.8518950437318,140.060863266326,A,O2 conc.A [nmol/mL],dataset_II,
669.9288629737609,139.8502144732859,A,O2 conc.A [nmol/mL],dataset_II,
670.0058309037901,139.8521674722045,A,O2 conc.A [nmol/mL],dataset_II,
670.0827988338192,140.2775852125858,A,O2 conc.A [nmol/mL],dataset_II,
670.1597667638484,140.0523916180499,A,O2 conc.A [nmol/mL],dataset_II,
670.2367346938776,140.3402725037868,A,O2 conc.A [nmol/mL],dataset_II,
670.3137026239067,139.7628952135896,A,O2 conc.A [nmol/mL],dataset_II,
670.3906705539358,140.2803937586129,A,O2 conc.A [nmol/mL],dataset_II,
670.467638483965,140.2249785631408,A,O2 conc.A [nmol/mL],dataset_II,
670.5446064139942,139.2489577656141,A,O2 conc.A [nmol/mL],dataset_II,
670.6215743440233,139.9756407826379,A,O2 conc.A [nmol/mL],dataset_II,
670.6985422740524,140.3832645628111,A,O2 conc.A [nmol/mL],dataset_II,
670.7755102040816,140.1922228058722,A,O2 conc.A [nmol/mL],dataset_II,
670.8524781341108,139.8873781714383,A,O2 conc.A [nmol/mL],dataset_II,
670.9294460641399,139.9395108629123,A,O2 conc.A [nmol/mL],dataset_II,
671.0064139941691,139.6719462652709,A,O2 conc.A [nmol/mL],dataset_II,
671.0833819241982,140.0492815830953,A,O2 conc.A [nmol/mL],dataset_II,
671.1603498542274,139.5494154402739,A,O2 conc.A [nmol/mL],dataset_II,
671.2373177842566,139.7438817745837,A,O2 conc.A [nmol/mL],dataset_II,
671.3142857142857,140.2774995506966,A,O2 conc.A [nmol/mL],dataset_II,
671.3912536443148,139.9925671996114,A,O2 conc.A [nmol/mL],dataset_II,
671.468221574344,139.9068519483603,A,O2 conc.A [nmol/mL],dataset_II,
671.5451895043732,139.9712306798174,A,O2 conc.A [nmol/mL],dataset_II,
671.6221574344023,140.6831819637021,A,O2 conc.A [nmol/mL],dataset_II,
671.6991253644314,140.2565054582698,A,O2 conc.A [nmol/mL],dataset_II,
671.7760932944607,139.8037981169313,A,O2 conc.A [nmol/mL],dataset_II,
671.8530612244898,140.4143958982028,A,O2 conc.A [nmol/mL],dataset_II,
671.9300291545189,139.9755097261031,A,O2 conc.A [nmol/mL],dataset_II,
672.0069970845481,140.1826376939205,A,O2 conc.A [nmol/mL],dataset_II,
672.0839650145773,139.8510508473886,A,O2 conc.A [nmol/mL],dataset_II,
672.1609329446064,139.7632444635007,A,O2 conc.A [nmol/mL],dataset_II,
672.2379008746356,140.1981866258942,A,O2 conc.A [nmol/mL],dataset_II,
672.3148688046647,139.8054867732386,A,O2 conc.A [nmol/mL],dataset_II,
672.3918367346938,139.8023789317057,A,O2 conc.A [nmol/mL],dataset_II,
672.468804664723,140.22216703537,A,O2 conc.A [nmol/mL],dataset_II,
672.5457725947522,139.7071912031566,A,O2 conc.A [nmol/mL],dataset_II,
672.6227405247813,139.6428954601433,A,O2 conc.A [nmol/mL],dataset_II,
672.6997084548104,140.1339720596677,A,O2 conc.A [nmol/mL],dataset_II,
672.7766763848397,139.507738054407,A,O2 conc.A [nmol/mL],dataset_II,
672.8536443148688,139.8097770464132,A,O2 conc.A [nmol/mL],dataset_II,
672.9306122448979,139.9062969325801,A,O2 conc.A [nmol/mL],dataset_II,
673.007580174927,139.661381713096,A,O2 conc.A [nmol/mL],dataset_II,
673.0845481049563,139.7183608302289,A,O2 conc.A [nmol/mL],dataset_II,
673.1615160349854,140.164176692689,A,O2 conc.A [nmol/mL],dataset_II,
673.2384839650146,140.0708217271108,A,O2 conc.A [nmol/mL],dataset_II,
673.3154518950437,139.7612805935051,A,O2 conc.A [nmol/mL],dataset_II,
673.3924198250729,140.130079852089,A,O2 conc.A [nmol/mL],dataset_II,
673.469387755102,140.3775280708329,A,O2 conc.A [nmol/mL],dataset_II,
673.5463556851312,139.6771040080968,A,O2 conc.A [nmol/mL],dataset_II,
673.6233236151603,140.0130224092908,A,O2 conc.A [nmol/mL],dataset_II,
673.7002915451895,140.4918712974634,A,O2 conc.A [nmol/mL],dataset_II,
673.7772594752187,140.1504984328423,A,O2 conc.A [nmol/mL],dataset_II,
673.8542274052478,140.2010547416054,A,O2 conc.A [nmol/mL],dataset_II,
673.9311953352769,139.9476702929552,A,O2 conc.A [nmol/mL],dataset_II,
674.0081632653062,139.7982175215458,A,O2 conc.A [nmol/mL],dataset_II,
674.0851311953353,140.2835513842996,A,O2 conc.A [nmol/mL],dataset_II,
674.1620991253644,140.1611396966208,A,O2 conc.A [nmol/mL],dataset_II,
674.2390670553935,139.9848276642714,A,O2 conc.A [nmol/mL],dataset_II,
674.3160349854227,139.8813745293744,A,O2 conc.A [nmol/mL],dataset_II,
674.3930029154519,139.5607771534755,A,O2 conc.A [nmol/mL],dataset_II,
674.469970845481,140.03668501786,A,O2 conc.A [nmol/mL],dataset_II,
674.5469387755102,139.8247802694393,A,O2 conc.A [nmol/mL],dataset_II,
674.6239067055393,139.964744893485,A,O2 conc.A [nmol/mL],dataset_II,
674.7008746355685,140.1654523066436,A,O2 conc.A [nmol/mL],dataset_II,
674.7778425655977,140.2027091370061,A,O2 conc.A [nmol/mL],dataset_II,
674.8548104956268,140.1774587028417,A,O2 conc.A [nmol/mL],dataset_II,
674.9317784256559,140.5614745436316,A,O2 conc.A [nmol/mL],dataset_II,
675.0087463556852,140.2889880928753,A,O2 conc.A [nmol/mL],dataset_II,
675.0857142857143,139.8111889166371,A,O2 conc.A [nmol/mL],dataset_II,
675.1626822157434,139.7931329796934,A,O2 conc.A [nmol/mL],dataset_II,
675.2396501457725,140.5797461417275,A,O2 conc.A [nmol/mL],dataset_II,
675.3166180758018,139.831876921007,A,O2 conc.A [nmol/mL],dataset_II,
675.3935860058309,139.9866746249469,A,O2 conc.A [nmol/mL],dataset_II,
675.47055393586,140.4339232325193,A,O2 conc.A [nmol/mL],dataset_II,
675.5475218658892,140.4265374292041,A,O2 conc.A [nmol/mL],dataset_II,
675.6244897959184,139.9840504532896,A,O2 conc.A [nmol/mL],dataset_II,
675.7014577259475,140.058194230965,A,O2 conc.A [nmol/mL],dataset_II,
675.7784256559767,139.5889311350601,A,O2 conc.A [nmol/mL],dataset_II,
675.8553935860058,139.7706212854497,A,O2 conc.A [nmol/mL],dataset_II,
675.9323615160349,139.9063936780528,A,O2 conc.A [nmol/mL],dataset_II,
676.0093294460642,139.9962934182081,A,O2 conc.A [nmol/mL],dataset_II,
676.0862973760933,139.916878341566,A,O2 conc.A [nmol/mL],dataset_II,
676.1632653061224,140.0357819559742,A,O2 conc.A [nmol/mL],dataset_II,
676.2402332361515,140.5458838390541,A,O2 conc.A [nmol/mL],dataset_II,
676.3172011661808,140.113793675805,A,O2 conc.A [nmol/mL],dataset_II,
676.3941690962099,140.0748852575189,A,O2 conc.A [nmol/mL],dataset_II,
676.471137026239,139.9981650495531,A,O2 conc.A [nmol/mL],dataset_II,
676.5481049562682,139.9547315593303,A,O2 conc.A [nmol/mL],dataset_II,
676.6250728862974,140.3059446106327,A,O2 conc.A [nmol/mL],dataset_II,
676.7020408163265,139.7498931029014,A,O2 conc.A [nmol/mL],dataset_II,
676.7790087463557,139.9663135793137,A,O2 conc.A [nmol/mL],dataset_II,
676.8559766763848,139.7237641528091,A,O2 conc.A [nmol/mL],dataset_II,
676.932944606414,140.0194908860611,A,O2 conc.A [nmol/mL],dataset_II,
677.0099125364432,140.0274710411387,A,O2 conc.A [nmol/mL],dataset_II,
677.0868804664723,140.2278350876085,A,O2 conc.A [nmol/mL],dataset_II,
677.1638483965014,140.2971238657844,A,O2 conc.A [nmol/mL],dataset_II,
677.2408163265306,140.1634745439053,A,O2 conc.A [nmol/mL],dataset_II,
677.3177842565598,140.4032732823528,A,O2 conc.A [nmol/mL],dataset_II,
677.3947521865889,140.3948342775734,A,O2 conc.A [nmol/mL],dataset_II,
677.471720116618,140.076548132594,A,O2 conc.A [nmol/mL],dataset_II,
677.5486880466472,140.0910451762366,A,O2 conc.A [nmol/mL],dataset_II,
677.6256559766764,139.5136380376548,A,O2 conc.A [nmol/mL],dataset_II,
677.7026239067055,140.0777692617621,A,O2 conc.A [nmol/mL],dataset_II,
677.7795918367347,139.9964355721108,A,O2 conc.A [nmol/mL],dataset_II,
677.8565597667638,139.5755846576094,A,O2 conc.A [nmol/mL],dataset_II,
677.933527696793,139.8898619526198,A,O2 conc.A [nmol/mL],dataset_II,
678.0104956268221,140.2370644522733,A,O2 conc.A [nmol/mL],dataset_II,
678.0874635568513,139.688014879001,A,O2 conc.A [nmol/mL],dataset_II,
678.1644314868804,140.3209462517514,A,O2 conc.A [nmol/mL],dataset_II,
678.2413994169096,140.1164082902647,A,O2 conc.A [nmol/mL],dataset_II,
678.3183673469388,139.9406114380193,A,O2 conc.A [nmol/mL],dataset_II,
678.3953352769679,139.9621266387855,A,O2 conc.A [nmol/mL],dataset_II,
678.472303206997,140.2051902366426,A,O2 conc.A [nmol/mL],dataset_II,
678.5492711370263,139.6398598907026,A,O2 conc.A [nmol/mL],dataset_II,
678.6262390670554,140.5078989455545,A,O2 conc.A [nmol/mL],dataset_II,
678.7032069970845,139.7943535781966,A,O2 conc.A [nmol/mL],dataset_II,
678.7801749271136,139.8063876500935,A,O2 conc.A [nmol/mL],dataset_II,
678.8571428571429,140.3029005098776,A,O2 conc.A [nmol/mL],dataset_II,
678.934110787172,140.1952215443332,A,O2 conc.A [nmol/mL],dataset_II,
679.0110787172011,140.3290563844927,A,O2 conc.A [nmol/mL],dataset_II,
679.0880466472303,140.2592037290464,A,O2 conc.A [nmol/mL],dataset_II,
679.1650145772594,140.0918074427798,A,O2 conc.A [nmol/mL],dataset_II,
679.2419825072886,139.6786124239245,A,O2 conc.A [nmol/mL],dataset_II,
679.3189504373178,139.8794984830706,A,O2 conc.A [nmol/mL],dataset_II,
679.3959183673469,140.0473183017357,A,O2 conc.A [nmol/mL],dataset_II,
679.472886297376,139.9934128179652,A,O2 conc.A [nmol/mL],dataset_II,
679.5498542274053,139.4845127554096,A,O2 conc.A [nmol/mL],dataset_II,
679.6268221574344,140.258809800419,A,O2 conc.A [nmol/mL],dataset_II,
679.7037900874635,140.4304940760731,A,O2 conc.A [nmol/mL],dataset_II,
679.7807580174926,140.3637322602532,A,O2 conc.A [nmol/mL],dataset_II,
679.8577259475219,139.743243553961,A,O2 conc.A [nmol/mL],dataset_II,
679.934693877551,140.1067001555149,A,O2 conc.A [nmol/mL],dataset_II,
680.0116618075801,139.466083939434,A,O2 conc.A [nmol/mL],dataset_II,
680.0886297376093,140.420212996076,A,O2 conc.A [nmol/mL],dataset_II,
680.1655976676385,139.5127392331355,A,O2 conc.A [nmol/mL],dataset_II,
680.2425655976676,140.100335651392,A,O2 conc.A [nmol/mL],dataset_II,
680.3195335276968,140.288353382736,A,O2 conc.A [nmol/mL],dataset_II,
680.3965014577259,140.3205388933129,A,O2 conc.A [nmol/mL],dataset_II,
680.4734693877551,140.0837010892585,A,O2 conc.A [nmol/mL],dataset_II,
680.5504373177843,139.6412959483036,A,O2 conc.A [nmol/mL],dataset_II,
680.6274052478134,139.9724145123192,A,O2 conc.A [nmol/mL],dataset_II,
680.7043731778425,139.930628842034,A,O2 conc.A [nmol/mL],dataset_II,
680.7813411078718,140.089798250342,A,O2 conc.A [nmol/mL],dataset_II,
680.8583090379009,140.2446449565842,A,O2 conc.A [nmol/mL],dataset_II,
680.93527696793,140.1632186811573,A,O2 conc.A [nmol/mL],dataset_II,
681.0122448979591,140.5281125999976,A,O2 conc.A [nmol/mL],dataset_II,
681.0892128279884,140.1629711743608,A,O2 conc.A [nmol/mL],dataset_II,
681.1661807580175,139.9005040835038,A,O2 conc.A [nmol/mL],dataset_II,
681.2431486880466,140.4052033486203,A,O2 conc.A [nmol/mL],dataset_II,
681.3201166180758,139.9190764443441,A,O2 conc.A [nmol/mL],dataset_II,
681.3970845481049,140.0681743383188,A,O2 conc.A [nmol/mL],dataset_II,
681.4740524781341,140.0429029421711,A,O2 conc.A [nmol/mL],dataset_II,
681.5510204081633,139.4244006210027,A,O2 conc.A [nmol/mL],dataset_II,
681.6279883381924,140.0669134489363,A,O2 conc.A [nmol/mL],dataset_II,
681.7049562682215,140.0700684489554,A,O2 conc.A [nmol/mL],dataset_II,
681.7819241982507,139.9452821968372,A,O2 conc.A [nmol/mL],dataset_II,
681.8588921282799,139.9623867167655,A,O2 conc.A [nmol/mL],dataset_II,
681.935860058309,139.6766075871998,A,O2 conc.A [nmol/mL],dataset_II,
682.0128279883381,140.0183242877897,A,O2 conc.A [nmol/mL],dataset_II,
682.0897959183674,140.3734398321807,A,O2 conc.A [nmol/mL],dataset_II,
682.1667638483965,139.9533910685775,A,O2 conc.A [nmol/mL],dataset_II,
682.2437317784256,139.8671770227089,A,O2 conc.A [nmol/mL],dataset_II,
682.3206997084548,139.8457762368777,A,O2 conc.A [nmol/mL],dataset_II,
682.397667638484,140.5019804376271,A,O2 conc.A [nmol/mL],dataset_II,
682.4746355685131,139.658897588361,A,O2 conc.A [nmol/mL],dataset_II,
682.5516034985422,140.2089459024145,A,O2 conc.A [nmol/mL],dataset_II,
682.6285714285714,140.0255614118669,A,O2 conc.A [nmol/mL],dataset_II,
682.7055393586006,140.4779325664445,A,O2 conc.A [nmol/mL],dataset_II,
682.7825072886297,140.3255248158013,A,O2 conc.A [nmol/mL],dataset_II,
682.8594752186589,139.9756289540897,A,O2 conc.A [nmol/mL],dataset_II,
682.936443148688,139.6123413011862,A,O2 conc.A [nmol/mL],dataset_II,
683.0134110787171,140.3551184213982,A,O2 conc.A [nmol/mL],dataset_II,
683.0903790087464,140.3622193774913,A,O2 conc.A [nmol/mL],dataset_II,
683.1673469387755,139.7214829619506,A,O2 conc.A [nmol/mL],dataset_II,
683.2443148688046,140.1840168348815,A,O2 conc.A [nmol/mL],dataset_II,
683.3212827988337,139.7975168233654,A,O2 conc.A [nmol/mL],dataset_II,
683.398250728863,139.8036608839891,A,O2 conc.A [nmol/mL],dataset_II,
683.4752186588921,139.5953801057212,A,O2 conc.A [nmol/mL],dataset_II,
683.5521865889212,140.2309347674551,A,O2 conc.A [nmol/mL],dataset_II,
683.6291545189504,140.0654905671051,A,O2 conc.A [nmol/mL],dataset_II,
683.7061224489796,140.1213333932573,A,O2 conc.A [nmol/mL],dataset_II,
683.7830903790087,140.3608271947619,A,O2 conc.A [nmol/mL],dataset_II,
683.8600583090379,140.1648646197286,A,O2 conc.A [nmol/mL],dataset_II,
683.937026239067,140.1438491497893,A,O2 conc.A [nmol/mL],dataset_II,
684.0139941690962,140.1850269303469,A,O2 conc.A [nmol/mL],dataset_II,
684.0909620991254,139.7315654995289,A,O2 conc.A [nmol/mL],dataset_II,
684.1679300291545,139.9890921769263,A,O2 conc.A [nmol/mL],dataset_II,
684.2448979591836,139.6961430719187,A,O2 conc.A [nmol/mL],dataset_II,
684.3218658892129,139.7727301829282,A,O2 conc.A [nmol/mL],dataset_II,
684.398833819242,139.9747543352067,A,O2 conc.A [nmol/mL],dataset_II,
684.4758017492711,140.2631803651239,A,O2 conc.A [nmol/mL],dataset_II,
684.5527696793002,140.512261964055,A,O2 conc.A [nmol/mL],dataset_II,
684.6297376093294,139.7264101698571,A,O2 conc.A [nmol/mL],dataset_II,
684.7067055393586,140.0410410646699,A,O2 conc.A [nmol/mL],dataset_II,
684.7836734693877,139.9799808515287,A,O2 conc.A [nmol/mL],dataset_II,
684.8606413994169,140.129517366186,A,O2 conc.A [nmol/mL],dataset_II,
684.937609329446,140.1433109311575,A,O2 conc.A [nmol/mL],dataset_II,
685.0145772594752,140.0883137516542,A,O2 conc.A [nmol/mL],dataset_II,
685.0915451895044,139.7559143249684,A,O2 conc.A [nmol/mL],dataset_II,
685.1685131195335,140.0963773163184,A,O2 conc.A [nmol/mL],dataset_II,
685.2454810495626,140.2207901388497,A,O2 conc.A [nmol/mL],dataset_II,
685.3224489795919,139.8693607524686,A,O2 conc.A [nmol/mL],dataset_II,
685.399416909621,140.4922496914779,A,O2 conc.A [nmol/mL],dataset_II,
685.4763848396501,139.9389801650935,A,O2 conc.A [nmol/mL],dataset_II,
685.5533527696792,139.8392434111316,A,O2 conc.A [nmol/mL],dataset_II,
685.6303206997085,140.0718032201822,A,O2 conc.A [nmol/mL],dataset_II,
685.7072886297376,139.9333110895454,A,O2 conc.A [nmol/mL],dataset_II,
685.7842565597667,139.6559152570539,A,O2 conc.A [nmol/mL],dataset_II,
685.8612244897959,139.9911692639495,A,O2 conc.A [nmol/mL],dataset_II,
685.9381924198251,140.3966340708049,A,O2 conc.A [nmol/mL],dataset_II,
686.0151603498542,140.4983415399402,A,O2 conc.A [nmol/mL],dataset_II,
686.0921282798834,139.8559480954576,A,O2 conc.A [nmol/mL],dataset_II,
686.1690962099125,140.2240271114907,A,O2 conc.A [nmol/mL],dataset_II,
686.2460641399416,140.0308408242935,A,O2 conc.A [nmol/mL],dataset_II,
686.3230320699708,140.0686801179933,A,O2 conc.A [nmol/mL],dataset_II,
686.4,140.3145512638837,A,O2 conc.A [nmol/mL],dataset_II,end
