time_s,O2_nmol_per_ml,event
210.0,172.62943255527338,start
210.95744680851064,172.56490110267762,
211.91489361702128,172.75793963952998,
212.87234042553192,172.62395292187745,
213.82978723404256,172.4636916301123,
214.7872340425532,172.68787571836538,
215.74468085106383,172.92333152444752,
216.70212765957447,172.8339425360447,
217.6595744680851,172.42106511802552,
218.61702127659575,172.28045565186991,
219.5744680851064,172.44078955622575,
220.53191489361703,172.60672146462605,
221.48936170212767,172.01489829148318,
222.4468085106383,172.54120785375292,
223.40425531914894,172.28416110585368,
224.36170212765958,172.41228782107402,
225.31914893617022,172.4589877823787,
226.27659574468086,172.51565624462955,
227.2340425531915,172.69729450623677,
228.19148936170214,172.85131747504954,
229.14893617021278,172.53738546906828,
230.10638297872342,172.8737259223962,
231.06382978723406,172.31422871003917,
232.02127659574467,172.50465442083242,
232.97872340425533,172.56874563344485,
233.93617021276594,172.28426481104125,
234.8936170212766,171.9862919540333,
235.85106382978722,171.84814645461725,
236.8085106382979,171.86677684409875,
237.7659574468085,171.93606776962392,
238.72340425531914,171.52634339073248,
239.68085106382978,171.62265953377974,
240.63829787234042,171.53024425783002,
241.59574468085106,171.59955586939387,
242.5531914893617,171.4117238581859,
243.51063829787233,171.3401998172599,
244.46808510638297,170.98089689437464,
245.4255319148936,171.00473256829346,
246.38297872340425,171.12575739430932,
247.3404255319149,171.1956381466964,
248.29787234042553,170.3999513486499,
249.25531914893617,170.985579055046,
250.2127659574468,170.8359066127036,
251.17021276595744,170.58707618503217,
252.12765957446808,170.35015202938845,
253.08510638297872,170.0978322740188,
254.04255319148936,170.43308225913466,
255.0,170.45089807186733,
255.95744680851064,170.3034930896701,
256.9148936170213,170.07410732180495,
257.8723404255319,169.7269207144641,
258.82978723404256,169.2277381778947,
259.7872340425532,169.42094507041523,
260.74468085106383,169.47841705007724,
261.70212765957444,168.88444686988083,
262.6595744680851,169.1975560621931,
263.6170212765958,169.09847948522014,
264.5744680851064,169.0572619801253,
265.531914893617,168.4794594769954,
266.48936170212767,168.50230087621998,
267.4468085106383,168.45085515264176,
268.40425531914894,168.1597508395033,
269.36170212765956,168.77928050389437,
270.3191489361702,168.1126979872891,
271.27659574468083,168.21115518018266,
272.2340425531915,167.95650671192757,
273.1914893617021,168.30925519453606,
274.1489361702128,168.13571436471568,
275.1063829787234,167.8561994270371,
276.06382978723406,167.0392209975141,
277.02127659574467,167.49534288385217,
277.97872340425533,167.54549430577617,
278.93617021276594,167.51780027495445,
279.8936170212766,167.00457020667554,
280.8510638297872,167.50678685276557,
281.8085106382979,166.61341330873168,
282.7659574468085,166.67037610405438,
283.72340425531917,166.96175767286167,
284.6808510638298,166.63249590122405,
285.63829787234044,167.0130674795344,
286.59574468085106,166.4518362176066,
287.5531914893617,166.13864498278582,
288.51063829787233,166.09478971488105,
289.468085106383,165.80863114763983,
290.4255319148936,165.65423472130337,
291.3829787234043,166.02349472144746,
292.3404255319149,165.903420387714,
293.29787234042556,165.97400572532646,
294.25531914893617,165.3539516585066,
295.21276595744683,165.85711705534462,
296.17021276595744,165.25523035307566,
297.1276595744681,165.61291643753307,
298.0851063829787,165.0033549939332,
299.04255319148933,164.81991772103774,
300.0,164.95847197577504,oligomycin
300.37735849056605,165.11349896835375,
300.75471698113205,164.85916719448642,
301.1320754716981,164.63886905070166,
301.50943396226415,164.4188664051,
301.8867924528302,164.37491608625592,
302.2641509433962,164.82398960042244,
302.64150943396226,164.92041517751514,
303.0188679245283,164.6080155921899,
303.39622641509436,164.35785714842973,
303.77358490566036,164.82317367326877,
304.1509433962264,164.2642551924669,
304.52830188679246,164.3863908514568,
304.9056603773585,164.70098287255627,
305.2830188679245,163.96494503850516,
305.66037735849056,164.60643142725067,
306.0377358490566,164.3473285572525,
306.41509433962267,164.5034414641727,
306.79245283018867,164.44101064621773,
307.1698113207547,164.49466529103955,
307.54716981132077,164.60222601871712,
307.92452830188677,164.22394653072044,
308.3018867924528,164.75391781193701,
308.6792452830189,164.5655777168017,
309.0566037735849,164.58059233402665,
309.4339622641509,164.6466800310635,
309.811320754717,164.53834536691267,
310.188679245283,164.5386132484289,
310.5660377358491,164.33278173543124,
310.9433962264151,163.94360930547322,
311.3207547169811,164.25307735817069,
311.6981132075472,164.08110032248945,
312.07547169811323,163.90452771284242,
312.45283018867923,164.31164476115183,
312.8301886792453,164.09178824072356,
313.20754716981133,163.9634364622566,
313.58490566037733,163.9471602609142,
313.9622641509434,164.26209253183686,
314.33962264150944,164.27178318556514,
314.7169811320755,164.4999006665521,
315.0943396226415,164.15301841553836,
315.47169811320754,164.40420341888603,
315.8490566037736,164.48158808110685,
316.22641509433964,164.40587040265896,
316.60377358490564,163.5143359418438,
316.9811320754717,164.40018894657453,
317.35849056603774,164.16529993059174,
317.7358490566038,164.17373337607276,
318.1132075471698,164.14800978805826,
318.49056603773585,164.13831971040108,
318.8679245283019,164.109924998531,
319.24528301886795,163.92779631090178,
319.62264150943395,163.5295799271584,
320.0,163.96523399408093,
320.37735849056605,163.77901244845688,
320.7547169811321,164.2374769083918,
321.1320754716981,163.8827421822899,
321.50943396226415,163.96330678223475,
321.8867924528302,163.71754632493284,
322.2641509433962,163.78980721484533,
322.64150943396226,163.90209921291705,
323.0188679245283,163.52116248114663,
323.39622641509436,163.95520509394106,
323.77358490566036,163.8410466393414,
324.1509433962264,163.55866864987178,
324.52830188679246,163.2430769901313,
324.9056603773585,163.95843726545405,
325.2830188679245,163.74331943356134,
325.66037735849056,163.67275650572665,
326.0377358490566,163.73376487182537,
326.41509433962267,164.23446901573988,
326.79245283018867,163.75544770427285,
327.1698113207547,163.77710195351884,
327.54716981132077,163.37122925554456,
327.92452830188677,164.14238360125697,
328.3018867924528,163.94747311760014,
328.6792452830189,163.97238795374741,
329.0566037735849,163.70512628345716,
329.4339622641509,163.90992633371923,
329.811320754717,163.76105448035352,
330.188679245283,163.80917071343546,
330.5660377358491,163.60538136791163,
330.9433962264151,163.2625142176687,
331.3207547169811,163.87575677305526,
331.6981132075472,163.12236061431662,
332.07547169811323,163.53367400726134,
332.45283018867923,163.5300854842605,
332.8301886792453,163.30805925499914,
333.20754716981133,163.70961348794887,
333.58490566037733,163.49380889616728,
333.9622641509434,163.4222330405828,
334.33962264150944,163.6489695222227,
334.7169811320755,163.3874234456147,
335.09433962264154,163.84137244880137,
335.47169811320754,163.56955059450902,
335.8490566037736,163.35066305783573,
336.22641509433964,162.97073963615975,
336.60377358490564,163.11742724413145,
336.9811320754717,163.70363298475147,
337.35849056603774,163.4068340888686,
337.7358490566038,163.33626371663001,
338.1132075471698,163.80541781867652,
338.49056603773585,163.0615025892405,
338.8679245283019,163.2233104836529,
339.24528301886795,163.23913808798918,
339.62264150943395,163.49142943566898,
340.0,163.1665214526478,
340.37735849056605,163.16661096064323,
340.7547169811321,162.9062382700358,
341.1320754716981,163.47742318951956,
341.50943396226415,163.48418091723434,
341.8867924528302,163.15111214784685,
342.2641509433962,163.29860159646017,
342.64150943396226,162.92216537003003,
343.0188679245283,163.11493391646195,
343.39622641509436,163.56493526017164,
343.77358490566036,163.2419405338788,
344.1509433962264,163.77315906100097,
344.52830188679246,162.98633035212436,
344.9056603773585,163.3157599986315,
345.2830188679245,163.10937280168378,
345.66037735849056,163.28726409211563,
346.0377358490566,163.13156716859436,
346.41509433962267,162.98063086448664,
346.79245283018867,162.89158658918038,
347.1698113207547,163.86256035784191,
347.54716981132077,163.06427530758103,
347.92452830188677,162.56700680343985,
348.3018867924528,162.89658223089697,
348.6792452830189,163.2158027241605,
349.0566037735849,162.9088510953544,
349.433962264151,163.3615251663084,
349.811320754717,163.25957359593113,
350.188679245283,162.95844978711625,
350.5660377358491,162.8660408802921,
350.9433962264151,162.72045503528918,
351.3207547169811,162.784224073214,
351.6981132075472,162.57849036204541,
352.07547169811323,163.23543562511304,
352.45283018867923,163.31957216948223,
352.8301886792453,162.5954228782446,
353.20754716981133,162.60159707570406,
353.58490566037733,162.4424502795785,
353.9622641509434,162.63117511059988,
354.33962264150944,162.0831148925491,
354.7169811320755,162.5616897784119,
355.09433962264154,163.15904879230234,
355.47169811320754,162.7359622350497,
355.8490566037736,163.02358685154806,
356.22641509433964,162.6752589526005,
356.60377358490564,163.22522846891073,
356.9811320754717,162.8224265669736,
357.35849056603774,162.66468192529214,
357.7358490566038,163.38584893243473,
358.1132075471698,162.65418539023105,
358.49056603773585,162.41755794514071,
358.8679245283019,162.76090171175434,
359.24528301886795,162.68827588072227,
359.62264150943395,162.9521262081247,
360.0,162.44269701850527,
360.37735849056605,162.86184516255378,
360.7547169811321,162.86141347762646,
361.1320754716981,162.4688649678611,
361.50943396226415,162.66415822337834,
361.8867924528302,162.40321966399935,
362.2641509433962,163.18492010300488,
362.64150943396226,162.40999362525815,
363.0188679245283,162.46032033601102,
363.39622641509436,162.29468987219715,
363.7735849056604,162.46217949170654,
364.1509433962264,162.53480123696062,
364.52830188679246,162.71577796076883,
364.9056603773585,162.3587694487995,
365.2830188679245,162.45250805402657,
365.66037735849056,162.13238963536062,
366.0377358490566,162.26722185331468,
366.41509433962267,163.15058473225565,
366.79245283018867,162.70950407277894,
367.1698113207547,162.24139769592517,
367.54716981132077,162.08996482658722,
367.92452830188677,162.167978859549,
368.3018867924528,162.3940122846725,
368.6792452830189,162.395677378862,
369.0566037735849,162.18846571360461,
369.433962264151,162.04047267903624,
369.811320754717,162.70527135370858,
370.188679245283,162.45015852166244,
370.5660377358491,162.23115558512936,
370.9433962264151,162.25719271896423,
371.3207547169811,162.16753583672184,
371.6981132075472,161.55346752024587,
372.07547169811323,162.30395476840596,
372.4528301886793,161.99496363904836,
372.8301886792453,161.9994890967766,
373.20754716981133,162.07765500013437,
373.58490566037733,162.4083564600205,
373.9622641509434,161.9202087590492,
374.33962264150944,161.84183152602793,
374.7169811320755,162.3479253395669,
375.09433962264154,162.3641149768435,
375.47169811320754,161.92334975378398,
375.8490566037736,162.29124303030665,
376.22641509433964,162.06529593390167,
376.60377358490564,162.20108751651264,
376.9811320754717,161.79808483278939,
377.35849056603774,162.30910894532116,
377.7358490566038,162.3892605017758,
378.11320754716985,162.23527450252755,
378.49056603773585,162.20315161454593,
378.8679245283019,161.10805826573755,
379.24528301886795,162.10384492284413,
379.62264150943395,162.01988658739435,
380.0,161.97704697104484,
380.37735849056605,161.8437242816688,
380.7547169811321,162.00277045452853,
381.1320754716981,162.07951899397088,
381.50943396226415,161.8981030342739,
381.8867924528302,161.83577947129177,
382.2641509433962,162.24660939086712,
382.64150943396226,161.6503895933138,
383.0188679245283,162.17183060165092,
383.39622641509436,161.9460553502322,
383.7735849056604,161.68833625509626,
384.1509433962264,161.80447762449725,
384.52830188679246,161.63453512985305,
384.9056603773585,162.02086009210305,
385.2830188679245,161.92662983479545,
385.66037735849056,161.68801578224839,
386.0377358490566,161.53922068349647,
386.41509433962267,161.8777647138479,
386.79245283018867,162.02924252437018,
387.1698113207547,161.74899746746007,
387.54716981132077,161.86960511211612,
387.92452830188677,161.6585706312697,
388.3018867924528,161.7570301523297,
388.6792452830189,161.65487755478708,
389.0566037735849,161.7887692500555,
389.433962264151,161.32537601757664,
389.811320754717,161.8514272079829,
390.188679245283,161.62045688908046,
390.5660377358491,161.75515246026163,
390.9433962264151,161.56798334541642,
391.3207547169811,161.72071160861577,
391.6981132075472,161.36004104427417,
392.07547169811323,161.9130307824963,
392.4528301886793,161.17741646655452,
392.8301886792453,161.3310533438683,
393.20754716981133,161.6373399990441,
393.58490566037733,161.93169448703472,
393.9622641509434,161.6230759252395,
394.33962264150944,161.47912766997177,
394.7169811320755,161.17239268192495,
395.09433962264154,161.46840648549707,
395.47169811320754,161.49881683262163,
395.8490566037736,161.91398868038667,
396.22641509433964,161.63443825799789,
396.60377358490564,161.0841941672665,
396.9811320754717,161.96072259305083,
397.35849056603774,161.34283578342743,
397.7358490566038,161.20928375648953,
398.11320754716985,161.78541478083253,
398.49056603773585,161.39183061014322,
398.8679245283019,161.29997933252022,
399.24528301886795,161.4340869114652,
399.62264150943395,161.57817304088945,
400.0,161.6028453281471,
400.37735849056605,160.9982711079129,
400.7547169811321,161.82925250601417,
401.1320754716981,161.55390796556998,
401.50943396226415,161.20995273277288,
401.8867924528302,161.08764846465616,
402.2641509433962,161.03762074863693,
402.64150943396226,161.29827889401398,
403.0188679245283,161.09299064179422,
403.39622641509436,161.0513366564366,
403.7735849056604,161.4329291813734,
404.1509433962264,161.30881784843442,
404.52830188679246,161.10659363016893,
404.9056603773585,161.3763587760723,
405.2830188679245,161.5222019658045,
405.66037735849056,160.89429366322057,
406.0377358490566,161.004655202437,
406.41509433962267,161.37869406556334,
406.7924528301887,161.310334178936,
407.1698113207547,161.1748341835003,
407.54716981132077,161.39632519812014,
407.92452830188677,160.82122740071821,
408.3018867924528,160.7110563062469,
408.6792452830189,160.85177435698276,
409.0566037735849,161.08659765171524,
409.433962264151,160.84450036550004,
409.811320754717,160.90927795151975,
410.188679245283,160.77489289210877,
410.5660377358491,160.85109606689494,
410.9433962264151,160.74256697935323,
411.3207547169811,161.07319076648977,
411.6981132075472,161.16760741289113,
412.07547169811323,160.8363335917437,
412.4528301886793,160.89218905836546,
412.8301886792453,160.7863077945927,
413.20754716981133,161.0519391719908,
413.5849056603774,160.9289508079969,
413.9622641509434,161.2927864534919,
414.33962264150944,160.60793964920376,
414.7169811320755,160.95999371297285,
415.09433962264154,160.96792636775032,
415.47169811320754,160.75437890460165,
415.8490566037736,160.97793290967664,
416.22641509433964,160.45997914629265,
416.60377358490564,161.33687099692148,
416.9811320754717,160.4592195566086,
417.35849056603774,161.01224291575713,
417.7358490566038,160.48957086156418,
418.11320754716985,161.0451327197902,
418.49056603773585,160.64877888601626,
418.8679245283019,160.77213855015134,
419.24528301886795,160.73342919298878,
419.62264150943395,160.9828372085317,
420.0,160.6148272529685,
420.37735849056605,159.9409786187556,
420.7547169811321,160.48032027950478,
421.1320754716981,160.70382348858783,
421.50943396226415,160.53533878742172,
421.8867924528302,160.82547148232578,
422.2641509433962,160.87440844938175,
422.64150943396226,160.57119417884581,
423.0188679245283,160.22328621370173,
423.39622641509436,160.92929927082332,
423.7735849056604,160.84158179942503,
424.1509433962264,160.48358107196404,
424.52830188679246,161.0730113895718,
424.9056603773585,160.44628085295787,
425.2830188679245,160.23678021920279,
425.66037735849056,160.46965222226942,
426.0377358490566,160.7656394410614,
426.41509433962267,160.2493780831097,
426.7924528301887,160.9591081448289,
427.1698113207547,160.23473075348988,
427.54716981132077,160.68502830806509,
427.92452830188677,160.57009876445943,
428.3018867924528,160.3830293380466,
428.6792452830189,160.67923727889948,
429.0566037735849,160.02171476830318,
429.433962264151,160.72361784357707,
429.81132075471703,160.355864320949,
430.188679245283,160.22373694709836,
430.5660377358491,160.53419970297267,
430.9433962264151,160.59944137578745,
431.3207547169811,160.51447591149585,
431.6981132075472,160.80946344058162,
432.07547169811323,160.56732943584228,
432.4528301886793,160.6055850064739,
432.8301886792453,160.13730279564422,
433.20754716981133,160.28646015580472,
433.58490566037733,160.38813528875343,
433.9622641509434,160.23051451566195,
434.33962264150944,160.29791931483047,
434.7169811320755,160.31659712980453,
435.09433962264154,160.40869234946018,
435.4716981132076,160.15978957915212,
435.8490566037736,160.08530242983824,
436.22641509433964,159.9532337530111,
436.60377358490564,159.92494001594702,
436.9811320754717,160.42854633627545,
437.35849056603774,160.10186358943434,
437.7358490566038,160.30729048874423,
438.11320754716985,159.77377386396384,
438.49056603773585,159.60113323070968,
438.8679245283019,159.81096288208232,
439.2452830188679,160.3474528639161,
439.62264150943395,160.31537591424745,
440.0,160.11892663854815,
440.37735849056605,159.8229348813867,
440.7547169811321,159.97833719092338,
441.13207547169816,159.92415816373236,
441.50943396226415,159.89991537930035,
441.8867924528302,159.34720168864982,
442.2641509433962,159.74679798365415,
442.64150943396226,159.9013127934006,
443.0188679245283,160.31550739195993,
443.39622641509436,159.96414664148395,
443.7735849056604,160.261743380468,
444.15094339622647,159.80065501391977,
444.52830188679246,159.82347002800987,
444.9056603773585,158.899347173024,
445.2830188679245,159.97759562255752,
445.66037735849056,159.98609738530985,
446.0377358490566,160.27782366958382,
446.41509433962267,159.70275403171323,
446.7924528301887,159.83554330567506,
447.1698113207547,159.62318321015547,
447.54716981132077,159.49306136480976,
447.92452830188677,159.59640907155222,
448.3018867924528,159.6759968644028,
448.6792452830189,160.08866643476892,
449.0566037735849,159.73792026041,
449.433962264151,159.5272915895011,
449.81132075471703,159.74795768111449,
450.188679245283,159.754441495063,
450.5660377358491,159.51855107427923,
450.9433962264151,159.96097792700982,
451.3207547169811,159.19064272966523,
451.6981132075472,159.59690422742133,
452.07547169811323,159.80411733285592,
452.4528301886793,159.29080311855782,
452.8301886792453,159.7032851175363,
453.20754716981133,159.9237553748403,
453.58490566037733,159.70151036023847,
453.9622641509434,159.15311299050765,
454.33962264150944,159.38116465179334,
454.7169811320755,159.8588496916817,
455.09433962264154,159.61291808472794,
455.4716981132076,159.52342997124674,
455.8490566037736,159.62375528695665,
456.22641509433964,159.68127780818799,
456.60377358490564,159.31145969394507,
456.9811320754717,159.40353641548302,
457.35849056603774,159.4994252803223,
457.7358490566038,159.31526786986,
458.11320754716985,159.4054548430698,
458.4905660377359,159.75084610539204,
458.8679245283019,159.17198363131016,
459.2452830188679,159.883164707147,
459.62264150943395,159.85889555658116,
460.0,158.94826003510852,
460.37735849056605,159.32892466067582,
460.7547169811321,159.43741365170956,
461.13207547169816,159.14908341975416,
461.50943396226415,159.14159149802975,
461.8867924528302,159.25506813207414,
462.2641509433962,159.48677701032798,
462.64150943396226,159.16170946109014,
463.0188679245283,159.73377680599216,
463.39622641509436,159.33715728591432,
463.7735849056604,159.22658039653268,
464.15094339622647,159.60209957104036,
464.52830188679246,159.38391538070556,
464.9056603773585,159.30722720802322,
465.2830188679245,159.11968085054653,
465.66037735849056,159.6435227818252,
466.0377358490566,159.38054220787447,
466.41509433962267,159.1142944085139,
466.7924528301887,158.75840788686193,
467.1698113207547,159.23350599197633,
467.54716981132077,158.84189351548315,
467.92452830188677,158.68640248250975,
468.3018867924528,159.03316152599007,
468.6792452830189,159.16087760987799,
469.0566037735849,159.39869057448865,
469.433962264151,159.13624365418968,
469.81132075471703,159.25469601142316,
470.188679245283,158.73428088504696,
470.5660377358491,159.022678948667,
470.9433962264151,159.04692525449866,
471.3207547169811,159.2189944024222,
471.6981132075472,159.02000845617425,
472.07547169811323,159.17957345884892,
472.4528301886793,158.84006433890875,
472.8301886792453,159.04316330901133,
473.20754716981133,159.04495161438044,
473.58490566037733,158.6163515145381,
473.9622641509434,158.96024053445933,
474.33962264150944,158.82382567723283,
474.7169811320755,158.41545475349668,
475.09433962264154,159.11863884239938,
475.4716981132076,158.7761329340415,
475.8490566037736,158.64106052138695,
476.22641509433964,158.74738928185062,
476.60377358490564,158.86382897547944,
476.9811320754717,159.1938167027598,
477.35849056603774,158.76291646293038,
477.7358490566038,158.91006206995934,
478.11320754716985,159.12291547199908,
478.4905660377359,158.90046869267366,
478.8679245283019,159.02178253129816,
479.24528301886795,158.62307445929122,
479.62264150943395,158.92252468773438,
480.0,158.7028287881952,FCCP_1
480.12578616352204,158.98169199701678,
480.251572327044,158.45779730894742,
480.37735849056605,158.50923607203623,
480.50314465408803,159.0165950103864,
480.62893081761007,158.6455335822292,
480.75471698113205,158.5998198318905,
480.8805031446541,158.7038281702024,
481.0062893081761,158.5068117770815,
481.1320754716981,159.0068045865615,
481.25786163522014,158.3560494223524,
481.3836477987421,158.6251045830449,
481.50943396226415,158.74380458087057,
481.6352201257862,158.62517011897646,
481.76100628930817,158.44483335846564,
481.8867924528302,158.42234358976236,
482.0125786163522,158.7397416457722,
482.1383647798742,158.36964560409336,
482.2641509433962,158.78262342422113,
482.38993710691824,158.23375068657813,
482.5157232704403,158.46969850099907,
482.64150943396226,158.61111205164957,
482.7672955974843,158.2825267538686,
482.8930817610063,158.75203757395568,
483.0188679245283,158.57781405480054,
483.1446540880503,158.31679074906944,
483.2704402515723,158.18939662527916,
483.39622641509436,158.17098243234506,
483.52201257861634,158.56835328580277,
483.6477987421384,158.25955847223304,
483.77358490566036,158.20067560916416,
483.8993710691824,158.4771788798076,
484.02515723270443,159.09741263014837,
484.1509433962264,158.590438849107,
484.27672955974845,158.7047656074154,
484.4025157232704,158.56016517528565,
484.52830188679246,158.69564996514893,
484.65408805031444,158.15702175722274,
484.7798742138365,158.37802751989892,
484.9056603773585,158.54382829297813,
485.0314465408805,158.46682123142097,
485.15723270440253,158.41608800273266,
485.2830188679245,158.2903803683301,
485.40880503144655,158.3849950279482,
485.5345911949685,158.24876216071326,
485.66037735849056,157.82955459649793,
485.7861635220126,158.1290683631951,
485.9119496855346,158.5392736374077,
486.0377358490566,158.80227800576426,
486.1635220125786,158.85903569340505,
486.28930817610063,158.42244552716124,
486.41509433962267,158.61420600188865,
486.54088050314465,158.6104433607069,
486.6666666666667,158.20295982909937,
486.79245283018867,157.9441030181146,
486.9182389937107,158.36886138409605,
487.0440251572327,157.91312969458852,
487.1698113207547,158.26622729275707,
487.29559748427675,158.49075861826194,
487.42138364779873,157.9762220310652,
487.54716981132077,158.3318141798689,
487.67295597484275,158.62623712598352,
487.7987421383648,158.39909474698644,
487.92452830188677,158.43177326487313,
488.0503144654088,158.52034671660647,
488.17610062893084,158.71936409281201,
488.3018867924528,158.31643409915753,
488.42767295597486,158.57840217282566,
488.55345911949684,158.247427223028,
488.6792452830189,158.11936413909913,
488.80503144654085,158.32704293664935,
488.9308176100629,158.0893106362248,
489.0566037735849,158.08990276357224,
489.1823899371069,158.0736664425672,
489.30817610062894,157.6441576317566,
489.4339622641509,158.23679639681964,
489.55974842767296,157.8868665155859,
489.685534591195,158.16840808648038,
489.811320754717,158.55011394687736,
489.937106918239,158.04976461089439,
490.062893081761,158.03690207062573,
490.188679245283,158.50576826689397,
490.314465408805,158.29375096792756,
490.44025157232704,158.39368710047466,
490.5660377358491,158.05311065124857,
490.69182389937106,158.32132986365716,
490.8176100628931,157.9551401080012,
490.9433962264151,157.950052733808,
491.0691823899371,158.26048296151413,
491.19496855345915,157.95419526215179,
491.3207547169811,158.28793290242075,
491.44654088050316,158.68643723315103,
491.57232704402514,157.65933903762834,
491.6981132075472,157.88518547954448,
491.82389937106916,158.3456309125543,
491.9496855345912,158.02168111582864,
492.07547169811323,158.34057797484923,
492.2012578616352,157.79014292533515,
492.32704402515725,158.11784723512022,
492.45283018867923,157.98972306729038,
492.57861635220127,158.05480461450333,
492.70440251572325,158.09483962274422,
492.8301886792453,157.69940666358283,
492.9559748427673,157.72822052679513,
493.0817610062893,158.3389116070365,
493.20754716981133,158.0547488392699,
493.3333333333333,158.00037593598336,
493.45911949685535,157.9551137801742,
493.58490566037733,158.04761044614534,
493.71069182389937,157.66183225797212,
493.8364779874214,157.6934005225952,
493.9622641509434,158.26162464876796,
494.0880503144654,157.96565599046363,
494.2138364779874,158.13275140741013,
494.33962264150944,157.76109861506652,
494.4654088050315,158.24903383993376,
494.59119496855345,157.98350945163585,
494.7169811320755,158.00983817594388,
494.84276729559747,158.0190454596694,
494.9685534591195,157.67494677627903,
495.0943396226415,157.40010441005313,
495.2201257861635,157.59016910218332,
495.34591194968556,158.2588352493417,
495.47169811320754,158.1687099349833,
495.5974842767296,157.7491426669696,
495.72327044025155,157.7527876694561,
495.8490566037736,158.07969165845753,
495.97484276729557,157.7707708684356,
496.1006289308176,157.48039123952347,
496.22641509433964,158.11392458646384,
496.3522012578616,157.9091658116359,
496.47798742138366,157.1531183593093,
496.60377358490564,157.69623765785957,
496.7295597484277,157.8027844164109,
496.8553459119497,157.87951004847065,
496.9811320754717,157.78956741864206,
497.1069182389937,157.5849252724856,
497.2327044025157,157.7072518867685,
497.35849056603774,157.8022224866961,
497.4842767295597,157.6538519862001,
497.61006289308176,157.6202082760503,
497.7358490566038,158.01853475024993,
497.8616352201258,157.46119201866236,
497.9874213836478,157.60280811782212,
498.1132075471698,157.17468665513942,
498.23899371069183,157.81007620521223,
498.3647798742138,157.87422952951783,
498.49056603773585,157.79661471890006,
498.6163522012579,157.88124062971238,
498.74213836477986,157.75432859654845,
498.8679245283019,157.72211007013294,
498.9937106918239,157.74729721441696,
499.1194968553459,157.55431248622236,
499.2452830188679,157.9105506323058,
499.37106918238993,157.51865465009246,
499.49685534591197,157.23253861522292,
499.62264150943395,157.80290136348606,
499.748427672956,158.04545995466512,
499.87421383647796,157.33507521870763,
500.0,157.54203390287083,
500.12578616352204,157.38840981585236,
500.251572327044,157.4569530881955,
500.37735849056605,157.5559506769923,
500.50314465408803,157.2263038072716,
500.62893081761007,157.45967094392748,
500.7547169811321,157.1549209164742,
500.8805031446541,157.37168421698487,
501.0062893081761,157.20955203894061,
501.1320754716981,157.23363256778762,
501.25786163522014,157.06074832848364,
501.3836477987421,157.78789286898856,
501.50943396226415,157.6026471851665,
501.6352201257862,156.98834456838367,
501.76100628930817,157.31083181861828,
501.8867924528302,157.28475717892994,
502.0125786163522,157.27195888370207,
502.1383647798742,157.07530210056993,
502.2641509433962,157.61794744909886,
502.38993710691824,157.32271309323494,
502.5157232704403,157.5310442689803,
502.64150943396226,157.53802396607287,
502.7672955974843,157.74252431787608,
502.8930817610063,156.93727286844177,
503.0188679245283,157.81796939704566,
503.1446540880503,157.6928506029296,
503.2704402515723,157.51124118223848,
503.39622641509436,157.95620062597854,
503.52201257861634,157.40387509194733,
503.6477987421384,157.5503280339462,
503.77358490566036,157.15268266013655,
503.8993710691824,157.613203346478,
504.0251572327044,157.36389831485715,
504.1509433962264,157.20146960337598,
504.27672955974845,157.8358322458248,
504.4025157232704,157.2227253264627,
504.52830188679246,157.29346836069095,
504.65408805031444,157.2342608196028,
504.7798742138365,157.08699085373712,
504.9056603773585,157.4010544476344,
505.0314465408805,157.44516650651798,
505.15723270440253,157.34148498847682,
505.2830188679245,156.6550750352226,
505.40880503144655,157.48954658873893,
505.5345911949685,157.14231548112045,
505.66037735849056,156.91812193979027,
505.7861635220126,157.3653507529649,
505.9119496855346,157.34757058420897,
506.0377358490566,156.9384175146121,
506.1635220125786,157.80962256631307,
506.28930817610063,156.88143471122004,
506.41509433962267,156.74291837012333,
506.54088050314465,156.87995388313587,
506.6666666666667,157.5160243898772,
506.79245283018867,157.10918793322327,
506.9182389937107,157.05246562569502,
507.0440251572327,157.1222680474725,
507.1698113207547,156.98098167787953,
507.29559748427675,156.94989697577094,
507.42138364779873,156.95448662716078,
507.54716981132077,157.28410705036478,
507.67295597484275,157.35455980727573,
507.7987421383648,156.82800035928082,
507.92452830188677,157.1439081542601,
508.0503144654088,157.2734806322639,
508.17610062893084,156.79831849358328,
508.3018867924528,156.93544249021852,
508.42767295597486,156.79389575323538,
508.55345911949684,156.7229823120381,
508.6792452830189,157.06353281740937,
508.80503144654085,156.84636165827914,
508.9308176100629,157.18050467280747,
509.0566037735849,157.0076945678057,
509.1823899371069,157.11053453373543,
509.30817610062894,156.92663461178762,
509.4339622641509,156.83328363782385,
509.55974842767296,156.96169234171867,
509.685534591195,156.97543923432104,
509.811320754717,156.79255203511454,
509.937106918239,157.06799241348602,
510.062893081761,157.14031990379647,
510.188679245283,156.98551950536896,
510.314465408805,157.3666991895394,
510.44025157232704,156.77256935252004,
510.5660377358491,157.0531308461328,
510.69182389937106,156.81312567721437,
510.8176100628931,156.9662943881202,
510.9433962264151,156.69247731122059,
511.0691823899371,157.17107312339456,
511.19496855345915,156.92862513740798,
511.3207547169811,157.17500866670403,
511.44654088050316,156.5527512795768,
511.57232704402514,156.7382240032157,
511.6981132075472,156.63078898668067,
511.82389937106916,156.71327260116794,
511.9496855345912,156.66543327344357,
512.0754716981132,156.8007780939248,
512.2012578616352,156.8189291708244,
512.3270440251572,156.80532236933757,
512.4528301886793,156.6690152453741,
512.5786163522013,156.84708013593578,
512.7044025157232,157.01145534251208,
512.8301886792453,156.55931020373174,
512.9559748427673,156.77742887748965,
513.0817610062893,156.75101662486958,
513.2075471698113,156.8789506320703,
513.3333333333334,156.73822495340008,
513.4591194968554,156.74260102451214,
513.5849056603773,156.49107090541816,
513.7106918238994,156.73659843605896,
513.8364779874214,156.49302897904914,
513.9622641509434,156.84475378826133,
514.0880503144654,156.68235061726574,
514.2138364779875,156.71044757963205,
514.3396226415094,156.47001300762284,
514.4654088050314,156.8860776183248,
514.5911949685535,156.85054432429325,
514.7169811320755,156.8851744528191,
514.8427672955975,157.2189676144342,
514.9685534591194,156.641318872197,
515.0943396226415,156.94762705017698,
515.2201257861635,156.60814701297213,
515.3459119496855,156.72995341179714,
515.4716981132076,156.715093567912,
515.5974842767296,156.6822347749394,
515.7232704402516,156.77297850174614,
515.8490566037735,156.5247579849783,
515.9748427672956,156.60330277334123,
516.1006289308176,156.7192247376043,
516.2264150943396,157.0146884235456,
516.3522012578617,156.35946340400517,
516.4779874213837,156.11084703882713,
516.6037735849056,156.43368644377153,
516.7295597484276,156.5695175473966,
516.8553459119497,156.58310733500508,
516.9811320754717,156.5547451306659,
517.1069182389937,156.81971583736882,
517.2327044025158,156.7603583773423,
517.3584905660377,156.4963565753254,
517.4842767295597,156.38361439326437,
517.6100628930817,156.40682657597065,
517.7358490566038,156.39658038041173,
517.8616352201258,156.4215841725211,
517.9874213836478,156.07714902289533,
518.1132075471698,156.34737909965799,
518.2389937106918,156.34874690251937,
518.3647798742138,156.40007443368316,
518.4905660377358,156.37604714925902,
518.6163522012579,156.5999515600219,
518.7421383647799,156.29129155787228,
518.8679245283018,156.30696059375288,
518.9937106918239,156.5444173300272,
519.1194968553459,156.34243155192814,
519.2452830188679,156.44770156758668,
519.37106918239,156.55324943273473,
519.496855345912,156.48373550412262,
519.622641509434,156.43311136472104,
519.7484276729559,156.31378798561977,
519.874213836478,156.52569952306706,
520.0,156.3914411046765,
520.125786163522,156.21366805365494,
520.2515723270441,156.29450656672574,
520.377358490566,156.02000414119655,
520.503144654088,156.0764751140399,
520.62893081761,155.83846472043072,
520.7547169811321,156.131536506273,
520.8805031446541,156.62773332913392,
521.0062893081761,156.14705238578279,
521.1320754716982,156.4753874221165,
521.2578616352201,156.26996737635116,
521.3836477987421,156.08802025620767,
521.5094339622642,156.59005496284527,
521.6352201257862,156.3933641682998,
521.7610062893082,155.8021901869416,
521.8867924528302,156.4928184999266,
522.0125786163522,155.95609769870714,
522.1383647798742,156.1726447080164,
522.2641509433962,156.3764791722496,
522.3899371069183,156.12681514886424,
522.5157232704403,156.47384207512405,
522.6415094339623,156.37674962357542,
522.7672955974842,155.78454240307582,
522.8930817610063,156.05298038886403,
523.0188679245283,156.23393498357865,
523.1446540880503,156.01199450228512,
523.2704402515724,156.09400266837395,
523.3962264150944,156.3403456448892,
523.5220125786163,156.2119223658387,
523.6477987421383,155.8948999025085,
523.7735849056604,156.16103387576894,
523.8993710691824,155.95664249679066,
524.0251572327044,155.7982394379033,
524.1509433962265,155.81185118735743,
524.2767295597484,156.15843165628615,
524.4025157232704,156.0719919676715,
524.5283018867924,156.07270596847468,
524.6540880503145,155.7771233765389,
524.7798742138365,156.01002087318915,
524.9056603773585,155.78903898093532,
525.0314465408806,155.80906004667543,
525.1572327044025,155.99170443807228,
525.2830188679245,155.67946613665123,
525.4088050314465,156.18495818829373,
525.5345911949686,156.63168970675028,
525.6603773584906,156.11700242844475,
525.7861635220125,155.7338984536735,
525.9119496855346,155.9191554821455,
526.0377358490566,155.59041999705997,
526.1635220125786,155.87720300991606,
526.2893081761006,156.09076321142697,
526.4150943396227,156.1036085413889,
526.5408805031446,155.69065428369834,
526.6666666666666,156.0157040078658,
526.7924528301887,156.22234722298268,
526.9182389937107,156.3643457352453,
527.0440251572327,155.742701740537,
527.1698113207547,155.69417808043488,
527.2955974842768,155.9161596729798,
527.4213836477987,155.16286078480448,
527.5471698113207,155.75445244990763,
527.6729559748428,155.8117948301179,
527.7987421383648,155.7570306978138,
527.9245283018868,155.4682255099118,
528.0503144654087,155.795133662276,
528.1761006289308,155.65469690645216,
528.3018867924528,156.03054744833997,
528.4276729559748,155.60388560163085,
528.5534591194969,155.75524564580897,
528.6792452830189,155.75992256923408,
528.8050314465409,155.9523800281108,
528.930817610063,155.16633864495577,
529.0566037735849,155.70998618336748,
529.1823899371069,155.9773738269056,
529.3081761006289,155.6893756025528,
529.433962264151,155.3903910425362,
529.559748427673,155.8461024495544,
529.6855345911949,155.84095225524592,
529.811320754717,155.6814858029738,
529.937106918239,155.4514868464197,
530.062893081761,155.54859460914173,
530.188679245283,155.64765189057454,
530.3144654088051,155.49953542615464,
530.440251572327,155.23070167529153,
530.566037735849,155.51075218493253,
530.6918238993711,155.67996552333292,
530.8176100628931,155.56096411241353,
530.9433962264151,155.66116354173738,
531.069182389937,155.6932988685483,
531.1949685534591,155.88885587118418,
531.3207547169811,156.20799564924158,
531.4465408805031,155.83231195069584,
531.5723270440252,155.2906127263126,
531.6981132075472,154.96978624840978,
531.8238993710692,155.6027345653536,
531.9496855345913,155.63652483862097,
532.0754716981132,155.3205370256334,
532.2012578616352,155.6713410086781,
532.3270440251572,155.40392569969595,
532.4528301886793,155.68865565214412,
532.5786163522013,155.49893629799132,
532.7044025157232,155.672009111201,
532.8301886792453,155.12917228727903,
532.9559748427673,155.44768198931612,
533.0817610062893,155.51247732875837,
533.2075471698113,155.18573527138707,
533.3333333333334,156.0048661395043,
533.4591194968554,155.3914158442093,
533.5849056603773,155.86642975177082,
533.7106918238994,155.34517891902428,
533.8364779874214,155.44609927521958,
533.9622641509434,155.7918951643029,
534.0880503144654,155.5642040199179,
534.2138364779875,155.52858851851897,
534.3396226415094,155.53938841527614,
534.4654088050314,155.12369070645744,
534.5911949685535,155.36016942939366,
534.7169811320755,155.21077400661835,
534.8427672955975,155.49156645545293,
534.9685534591194,155.29854113205903,
535.0943396226415,155.4158535065705,
535.2201257861635,155.39987276841578,
535.3459119496855,155.4024309352903,
535.4716981132076,155.39516437332423,
535.5974842767296,155.23308424949178,
535.7232704402516,155.12500569948693,
535.8490566037735,155.21474494332898,
535.9748427672956,155.64104622811956,
536.1006289308176,155.45902971686616,
536.2264150943396,155.50455572768922,
536.3522012578617,155.6951364889086,
536.4779874213837,155.0476143988305,
536.6037735849056,155.4622878597855,
536.7295597484276,155.05835885040568,
536.8553459119497,155.2358718492809,
536.9811320754717,155.43284258198156,
537.1069182389937,155.70769656036447,
537.2327044025158,155.10089663026153,
537.3584905660377,155.26506642478182,
537.4842767295597,155.57015231146897,
537.6100628930817,154.90096870293885,
537.7358490566038,155.3562765837568,
537.8616352201258,155.18100643978062,
537.9874213836478,155.02997985681253,
538.1132075471698,155.27938892774839,
538.2389937106918,155.38379030974167,
538.3647798742138,154.99936152599835,
538.4905660377358,155.31471153434154,
538.6163522012579,155.255384208588,
538.7421383647799,154.89391600698806,
538.8679245283018,155.58505017252958,
538.9937106918239,155.46150024555538,
539.1194968553459,154.96637051343387,
539.2452830188679,155.0270221020292,
539.37106918239,155.3587025034546,
539.496855345912,155.03447280547994,
539.622641509434,154.69073303832837,
539.7484276729559,155.40521084004263,
539.874213836478,155.1375132899938,
540.0,155.60440209984245,FCCP_2
540.125786163522,155.20933993628483,
540.2515723270441,155.1600488651858,
540.377358490566,155.82325342947357,
540.503144654088,155.05398902740905,
540.62893081761,154.8513294765657,
540.7547169811321,155.13891044003455,
540.8805031446541,155.35787719825487,
541.0062893081761,154.77498596450377,
541.1320754716982,154.83152724539366,
541.2578616352201,155.16336530997833,
541.3836477987421,154.24391219062207,
541.5094339622641,154.76240636770066,
541.6352201257862,155.2267745369546,
541.7610062893082,154.87354601194818,
541.8867924528302,154.60593767564586,
542.0125786163522,155.4862775884296,
542.1383647798742,154.64457959213965,
542.2641509433962,154.8586994449855,
542.3899371069182,154.88868539980226,
542.5157232704403,154.99498180865072,
542.6415094339623,154.87414683784357,
542.7672955974842,154.93860929131006,
542.8930817610063,154.96555162780228,
543.0188679245283,154.9218362925706,
543.1446540880503,154.95915127131178,
543.2704402515724,154.3334287952081,
543.3962264150944,155.03075379227525,
543.5220125786163,154.56170083865663,
543.6477987421383,154.36348102571353,
543.7735849056604,155.24280676765446,
543.8993710691824,154.56841835419473,
544.0251572327044,154.92709182920834,
544.1509433962265,154.6813115557516,
544.2767295597484,154.69716274473151,
544.4025157232704,154.98002035871963,
544.5283018867924,154.5893777916552,
544.6540880503145,154.9369299625003,
544.7798742138365,154.93126187252565,
544.9056603773585,155.11952808970258,
545.0314465408806,154.73669016209365,
545.1572327044025,155.07471638511447,
545.2830188679245,155.23557185188096,
545.4088050314465,155.19439609764956,
545.5345911949686,154.93657211907862,
545.6603773584906,154.89467174974715,
545.7861635220125,155.48707132221898,
545.9119496855346,155.32507891139213,
546.0377358490566,154.56770793889962,
546.1635220125786,154.98259185600128,
546.2893081761006,154.89450674091526,
546.4150943396227,154.7544111333965,
546.5408805031446,154.76699967702183,
546.6666666666666,154.84294521461507,
546.7924528301887,154.94766588957086,
546.9182389937107,154.76034606931313,
547.0440251572327,154.78292936631675,
547.1698113207547,155.03834335029586,
547.2955974842768,154.76206566719918,
547.4213836477987,154.81121856204356,
547.5471698113207,154.9148478019159,
547.6729559748428,155.06793321901608,
547.7987421383648,154.9587051857988,
547.9245283018868,154.7385760300727,
548.0503144654089,154.68855348445905,
548.1761006289308,154.32302605533363,
548.3018867924528,154.69426991446196,
548.4276729559748,154.35428916697293,
548.5534591194969,154.34989907506335,
548.6792452830189,154.76086349582766,
548.8050314465409,154.5654192966955,
548.930817610063,154.70094329541246,
549.0566037735849,154.4184774711387,
549.1823899371069,154.8678465817684,
549.3081761006289,154.5958159547433,
549.433962264151,154.84913232180708,
549.559748427673,154.71288769347882,
549.6855345911949,154.5781671621086,
549.811320754717,154.4095503819235,
549.937106918239,154.52938646214795,
550.062893081761,154.72083952224196,
550.188679245283,154.68057866281265,
550.3144654088051,154.19959539448354,
550.440251572327,154.74723939907844,
550.566037735849,154.42966922876855,
550.6918238993711,154.67928947261225,
550.8176100628931,154.29342880522702,
550.9433962264151,154.61959202072222,
551.069182389937,154.25330755635582,
551.1949685534591,154.47712206327301,
551.3207547169811,154.36260273203138,
551.4465408805031,154.35804437042256,
551.5723270440252,154.28011802975456,
551.6981132075472,154.375697395209,
551.8238993710692,153.97126082546933,
551.9496855345911,154.61789675023704,
552.0754716981132,154.63149580268595,
552.2012578616352,154.2727080165423,
552.3270440251572,154.03079015463422,
552.4528301886793,154.2063788199703,
552.5786163522013,154.59728704612104,
552.7044025157232,154.5090909832702,
552.8301886792453,154.2699497258803,
552.9559748427673,154.56168413728741,
553.0817610062893,154.0693225792684,
553.2075471698113,154.16886101163507,
553.3333333333334,154.43299923209202,
553.4591194968554,154.2826964139654,
553.5849056603773,154.15169564753003,
553.7106918238994,153.6632974655754,
553.8364779874214,154.45146080769766,
553.9622641509434,154.35691450319243,
554.0880503144654,153.8325807934607,
554.2138364779875,154.41072012283811,
554.3396226415094,154.24937508729087,
554.4654088050314,154.3150020469506,
554.5911949685535,154.4739189798346,
554.7169811320755,154.04497630249378,
554.8427672955975,154.4006663827885,
554.9685534591194,154.38556619267922,
555.0943396226415,154.39730891490998,
555.2201257861635,154.60824625004017,
555.3459119496855,154.35626834147794,
555.4716981132076,154.0435225283744,
555.5974842767296,154.62583538597116,
555.7232704402516,153.89173846945062,
555.8490566037735,154.04521303211558,
555.9748427672956,153.91210382774526,
556.1006289308176,154.11985838034016,
556.2264150943396,154.40843072569552,
556.3522012578617,154.45464971870828,
556.4779874213837,154.23840990799238,
556.6037735849056,153.96251011262729,
556.7295597484276,153.96878005340417,
556.8553459119497,153.94871349313465,
556.9811320754717,154.33005002217513,
557.1069182389937,153.8575323444248,
557.2327044025158,154.29262606885163,
557.3584905660377,154.06067330620166,
557.4842767295597,154.10416191626786,
557.6100628930817,154.43140606811517,
557.7358490566038,153.92697029254882,
557.8616352201258,154.45356326896112,
557.9874213836478,153.67809527887997,
558.1132075471698,153.81659484397636,
558.2389937106918,153.6205152403602,
558.3647798742138,153.8207449437362,
558.4905660377359,154.14548826260267,
558.6163522012579,154.17652732802972,
558.7421383647799,154.06111621135665,
558.8679245283018,154.04352269963996,
558.9937106918239,153.67574528874653,
559.1194968553459,153.62969639835578,
559.2452830188679,154.0297041820873,
559.37106918239,154.28301074813447,
559.496855345912,153.84735263727342,
559.622641509434,153.61357374673787,
559.7484276729559,153.53972085493314,
559.874213836478,153.7452053691664,
560.0,154.30258157677574,
560.125786163522,153.84808806022815,
560.2515723270441,153.63286442443916,
560.377358490566,153.73230988021842,
560.503144654088,153.7561186717042,
560.62893081761,153.9357355915701,
560.7547169811321,153.69665544756973,
560.8805031446541,153.631501990459,
561.0062893081761,153.7993099611184,
561.1320754716982,153.95580911149486,
561.2578616352201,154.01022979538382,
561.3836477987421,153.9609291804885,
561.5094339622641,153.70124926698836,
561.6352201257862,153.3841815678478,
561.7610062893082,153.60064910954804,
561.8867924528302,153.86362581647566,
562.0125786163522,153.45152396974723,
562.1383647798742,153.8404149198385,
562.2641509433962,153.62209344976654,
562.3899371069183,153.61637377165317,
562.5157232704403,154.03411883500257,
562.6415094339623,153.80125256343473,
562.7672955974842,154.0814607721398,
562.8930817610063,153.49641080491057,
563.0188679245283,154.00623667290205,
563.1446540880503,153.94314880039795,
563.2704402515724,152.95945532583931,
563.3962264150944,153.6784656658312,
563.5220125786163,154.07841676897257,
563.6477987421383,153.87970233500172,
563.7735849056604,153.56718502353584,
563.8993710691824,153.61164503797792,
564.0251572327044,153.3364077633047,
564.1509433962265,153.70607040409712,
564.2767295597484,153.1985315842438,
564.4025157232704,153.38532524152168,
564.5283018867924,153.91127034060267,
564.6540880503145,153.61866531248555,
564.7798742138365,153.5252773842025,
564.9056603773585,153.58198343862767,
565.0314465408806,154.2862620454804,
565.1572327044025,153.85191286301625,
565.2830188679245,153.39153284464587,
565.4088050314465,153.99445794888544,
565.5345911949686,153.54789909975378,
565.6603773584906,153.74735439053924,
565.7861635220125,153.40809486697543,
565.9119496855346,153.31261580605567,
566.0377358490566,153.73988529141718,
566.1635220125786,153.3395127617297,
566.2893081761006,153.32873224316486,
566.4150943396227,153.74084766979726,
566.5408805031446,153.2181991605519,
566.6666666666666,153.14623074050672,
566.7924528301887,153.62963466299922,
566.9182389937107,152.9957279807066,
567.0440251572327,153.2900942956809,
567.1698113207547,153.37894150481583,
567.2955974842768,153.12635360829978,
567.4213836477987,153.17566004840077,
567.5471698113207,153.61380323382895,
567.6729559748428,153.5127755912188,
567.7987421383648,153.19556178058127,
567.9245283018868,153.5566883621332,
568.0503144654087,153.7964639038452,
568.1761006289308,153.0883671640771,
568.3018867924528,153.4166128882392,
568.4276729559748,153.88778909937994,
568.5534591194969,153.53874355772692,
568.6792452830189,153.5816271894581,
568.8050314465409,153.32057006377593,
568.930817610063,153.16344461533467,
569.0566037735849,153.64110580105648,
569.1823899371069,153.51102143634574,
569.3081761006289,153.3270367269645,
569.433962264151,153.21591091503555,
569.559748427673,152.8876408621047,
569.6855345911949,153.3558760494573,
569.811320754717,153.1362986240047,
569.937106918239,153.26859057101845,
570.062893081761,153.46162530714514,
570.188679245283,153.49120946047577,
570.3144654088051,153.45828634927943,
570.440251572327,153.83462951303736,
570.566037735849,153.55447038524915,
570.6918238993711,153.068998531979,
570.8176100628931,153.04326991800343,
570.9433962264151,153.82221040300558,
571.069182389937,153.0666685052532,
571.1949685534591,153.2137935321612,
571.3207547169811,153.65336946270168,
571.4465408805031,153.63831098235454,
571.5723270440252,153.18815132940807,
571.6981132075472,153.25462243005154,
571.8238993710692,152.7776866571292,
571.9496855345911,152.95170413058543,
572.0754716981132,153.0798038462551,
572.2012578616352,153.16203090947693,
572.3270440251572,153.0749431559014,
572.4528301886793,153.1861740933762,
572.5786163522013,153.68860329952267,
572.7044025157232,153.24884045934016,
572.8301886792453,153.20225936412064,
572.9559748427673,153.1178664792214,
573.0817610062893,153.06676031206516,
573.2075471698113,153.4103006864341,
573.3333333333334,152.8465765017694,
573.4591194968554,153.0553243012483,
573.5849056603773,152.8051021978103,
573.7106918238994,153.0931562541288,
573.8364779874214,153.09346373227294,
573.9622641509434,153.28615510180936,
574.0880503144654,153.3477712030518,
574.2138364779875,153.2064492042393,
574.3396226415094,153.43857526575343,
574.4654088050314,153.4224635840406,
574.5911949685535,153.09650476212775,
574.7169811320755,153.1033291288369,
574.8427672955975,152.51824931332166,
574.9685534591194,153.07470786049558,
575.0943396226415,152.9857014939108,
575.2201257861635,152.55717790247596,
575.3459119496855,152.86378252055295,
575.4716981132076,153.203312343273,
575.5974842767296,152.64659009306735,
575.7232704402516,153.2718487888843,
575.8490566037735,153.0596381504642,
575.9748427672956,152.87616862128536,
576.1006289308176,152.89001114511814,
576.2264150943396,153.1254020660418,
576.3522012578617,152.55239904316832,
576.4779874213837,153.4127654210868,
576.6037735849056,152.6915473767955,
576.7295597484276,152.69590877175892,
576.8553459119497,153.18474895460957,
576.9811320754717,153.06939731213177,
577.1069182389937,153.19555947535787,
577.2327044025158,153.1180341429781,
577.3584905660377,152.9429651797781,
577.4842767295597,152.52209748398937,
577.6100628930817,152.71531086620203,
577.7358490566038,152.87545800793373,
577.8616352201258,152.81387984722977,
577.9874213836478,152.29730710774075,
578.1132075471698,153.06393147581673,
578.2389937106918,153.22794307453742,
578.3647798742138,153.15350858178414,
578.4905660377358,152.52534719855848,
578.6163522012579,152.88113112317893,
578.7421383647799,152.23284223016464,
578.8679245283018,153.1792986098732,
578.9937106918239,152.26415216999928,
579.1194968553459,152.84407591132236,
579.2452830188679,153.0244209657329,
579.37106918239,153.04893379937639,
579.496855345912,152.80442331838853,
579.622641509434,152.3543455005002,
579.7484276729559,152.67779138758237,
579.874213836478,152.62833304036374,
580.0,152.7798297717383,
580.125786163522,152.92700380104708,
580.2515723270441,152.83790484868678,
580.377358490566,153.19512609059367,
580.503144654088,152.82231198802342,
580.62893081761,152.55217222023296,
580.7547169811321,153.04919880841607,
580.8805031446541,152.55539922720644,
581.0062893081761,152.69682444424774,
581.1320754716982,152.6638803711666,
581.2578616352201,152.03770537306474,
581.3836477987421,152.67254552406493,
581.5094339622642,152.6680278471506,
581.6352201257862,152.53556891809893,
581.7610062893082,152.54500076112564,
581.8867924528302,152.25154895480512,
582.0125786163522,152.58559297864022,
582.1383647798742,152.93303584627634,
582.2641509433962,152.50531440591828,
582.3899371069183,152.4114276832948,
582.5157232704403,152.3823542207088,
582.6415094339623,153.0308857447033,
582.7672955974842,152.18013021868236,
582.8930817610063,152.72250585598098,
583.0188679245283,152.5314486886786,
583.1446540880503,152.97614716650133,
583.2704402515724,152.81606673910326,
583.3962264150944,152.45849820063688,
583.5220125786163,152.0875378709785,
583.6477987421383,152.82264231443568,
583.7735849056604,152.82207059377393,
583.8993710691824,152.17366150147836,
584.0251572327044,152.62852269765443,
584.1509433962265,152.23435000938343,
584.2767295597484,152.2328213932523,
584.4025157232704,152.0168679382296,
584.5283018867924,152.6447499232086,
584.6540880503145,152.47163304610373,
584.7798742138365,152.51980319550114,
584.9056603773585,152.7516243202509,
585.0314465408806,152.54798906846273,
585.1572327044025,152.51930092176855,
585.2830188679245,152.55280602557133,
585.4088050314465,152.09167191799847,
585.5345911949686,152.34152591864103,
585.6603773584906,152.04090413687854,
585.7861635220125,152.10981857113325,
585.9119496855346,152.30417004665694,
586.0377358490566,152.58492339981925,
586.1635220125786,152.82633232199547,
586.2893081761006,152.03280785104275,
586.4150943396227,152.33976606910065,
586.5408805031446,152.27103317920464,
586.6666666666666,152.41289701710704,
586.7924528301887,152.41901790532373,
586.9182389937107,152.35634804906562,
587.0440251572327,152.01627594562493,
587.1698113207547,152.34906626022016,
587.2955974842768,152.46580640599655,
587.4213836477987,152.10670434286064,
587.5471698113207,152.72192060511503,
587.6729559748428,152.16097840197583,
587.7987421383648,152.05356897125907,
587.9245283018868,152.27845610355484,
588.0503144654087,152.13229129616312,
588.1761006289308,151.84722278691677,
588.3018867924528,152.17480411705756,
588.4276729559748,152.5725962471581,
588.5534591194969,152.66663103953857,
588.6792452830189,152.0165649183011,
588.8050314465409,152.37697125757938,
588.930817610063,152.17611229362734,
589.0566037735849,152.2062789105723,
589.1823899371069,152.44447737970782,
589.3081761006289,152.33297978172178,
589.433962264151,152.15086932683505,
589.559748427673,151.87243047471844,
589.6855345911949,151.8159486589935,
589.811320754717,152.07326666501828,
589.937106918239,152.16250184774202,
590.062893081761,152.1997188121852,
590.188679245283,152.2617455007095,
590.3144654088051,152.30347676781028,
590.440251572327,151.45013863466724,
590.566037735849,152.26909521535845,
590.6918238993711,151.77370051120107,
590.8176100628931,152.3064069222806,
590.9433962264151,152.10437818382206,
591.069182389937,152.1701843795284,
591.1949685534591,151.86964031127576,
591.3207547169811,152.0678619019135,
591.4465408805031,151.52272324996954,
591.5723270440252,152.2556653722384,
591.6981132075472,151.8914713566472,
591.8238993710692,151.319238290845,
591.9496855345913,152.2242065762125,
592.0754716981132,152.37035644270597,
592.2012578616352,151.724457955187,
592.3270440251572,152.23899512898134,
592.4528301886793,151.74070611800022,
592.5786163522013,151.35384214654027,
592.7044025157232,151.8233265086988,
592.8301886792453,151.98666106351203,
592.9559748427673,151.9308420561034,
593.0817610062893,151.91568108437775,
593.2075471698113,151.95621463468981,
593.3333333333334,151.9285751594001,
593.4591194968554,151.81275399087508,
593.5849056603773,151.70874554669635,
593.7106918238994,151.78496800134315,
593.8364779874214,151.75582739493547,
593.9622641509434,151.7603422038614,
594.0880503144654,151.55266182514396,
594.2138364779875,151.68507891008116,
594.3396226415094,151.8336113766519,
594.4654088050314,151.88273688030986,
594.5911949685535,151.78170223906625,
594.7169811320755,151.74412182063222,
594.8427672955975,151.91597659082925,
594.9685534591194,151.97830861083511,
595.0943396226415,151.93703873860161,
595.2201257861635,151.32186882081444,
595.3459119496855,151.63782214260323,
595.4716981132076,151.92041438542077,
595.5974842767296,151.8651773928264,
595.7232704402516,151.89860803547847,
595.8490566037735,151.79957058540228,
595.9748427672956,151.49992583106473,
596.1006289308176,152.01127848797293,
596.2264150943396,151.35806745957956,
596.3522012578617,151.93673144948397,
596.4779874213837,151.67852554181303,
596.6037735849056,151.30678309179666,
596.7295597484276,151.5682342709751,
596.8553459119497,151.96053923098788,
596.9811320754717,151.50482820014616,
597.1069182389937,151.34160534164536,
597.2327044025158,151.5643856931544,
597.3584905660377,151.42439184770387,
597.4842767295597,151.30858791577725,
597.6100628930817,151.72294967188628,
597.7358490566038,151.80543563397416,
597.8616352201258,151.46028702602206,
597.9874213836478,151.72145293447622,
598.1132075471698,151.48611777308025,
598.2389937106918,151.5502733177661,
598.3647798742138,151.5983797760486,
598.4905660377358,151.9331773818936,
598.6163522012579,151.67907353608376,
598.7421383647799,151.29473286590095,
598.8679245283018,151.66579577521856,
598.9937106918239,151.47386872196702,
599.1194968553459,151.40490301054447,
599.2452830188679,151.3038800966365,
599.37106918239,151.49958269362256,
599.496855345912,151.48344197368513,
599.622641509434,151.39025681461587,
599.7484276729559,151.13534289297257,
599.874213836478,151.04866397897516,
600.0,151.49978049321635,FCCP_3
600.125786163522,151.5046628636409,
600.2515723270441,151.99822114010266,
600.377358490566,151.4001005014054,
600.503144654088,151.69244954827684,
600.62893081761,151.72822172321662,
600.7547169811321,151.4064813579297,
600.8805031446541,151.43327554524882,
601.0062893081761,151.29894160246297,
601.1320754716982,151.84251957336073,
601.2578616352201,151.01394895322235,
601.3836477987421,151.37347267573764,
601.5094339622641,151.72174216977314,
601.6352201257862,151.34111860525323,
601.7610062893082,151.21763143747066,
601.8867924528302,151.41091365446962,
602.0125786163522,151.47676717992059,
602.1383647798742,151.47920812417792,
602.2641509433962,151.4000853573605,
602.3899371069182,151.5095244752855,
602.5157232704403,151.5507541199592,
602.6415094339623,151.02993528232724,
602.7672955974842,151.20426020243667,
602.8930817610063,151.50873313250054,
603.0188679245283,151.40579244311402,
603.1446540880503,151.33461460180618,
603.2704402515724,151.43641143317564,
603.3962264150944,151.4986572751489,
603.5220125786163,151.0384342039351,
603.6477987421383,150.93853698879457,
603.7735849056604,150.9491798456886,
603.8993710691824,151.6945958580737,
604.0251572327044,150.95864629330814,
604.1509433962265,151.15593476271488,
604.2767295597484,151.16053907397995,
604.4025157232704,151.45700079227038,
604.5283018867924,150.75698257541413,
604.6540880503145,151.174072893793,
604.7798742138365,151.47981412712284,
604.9056603773585,151.44726907259144,
605.0314465408806,151.26319922030638,
605.1572327044025,151.0879635377926,
605.2830188679245,151.5849462577901,
605.4088050314465,150.7198656873152,
605.5345911949686,151.37542588464797,
605.6603773584906,151.24955112175948,
605.7861635220125,151.26259290407245,
605.9119496855346,151.1736130237893,
606.0377358490566,151.15078293469216,
606.1635220125786,151.3245119718429,
606.2893081761006,150.79588084979812,
606.4150943396227,150.7648311338108,
606.5408805031446,151.10940950159835,
606.6666666666666,151.07416096273866,
606.7924528301887,151.09436537711028,
606.9182389937107,151.44338565392178,
607.0440251572327,150.89327714114975,
607.1698113207547,151.21826124145446,
607.2955974842768,151.1188705490305,
607.4213836477987,151.6067262960647,
607.5471698113207,150.65686610560803,
607.6729559748428,150.86323806268345,
607.7987421383648,150.87786940848346,
607.9245283018868,151.31454471308783,
608.0503144654089,150.77174141461876,
608.1761006289308,151.38353387541258,
608.3018867924528,151.3609022718998,
608.4276729559748,151.17010542436105,
608.5534591194969,151.05537333971665,
608.6792452830189,150.54931185051103,
608.8050314465409,150.97622084267505,
608.930817610063,150.56534261966812,
609.0566037735849,150.82468100559615,
609.1823899371069,150.95843985528046,
609.3081761006289,150.82277389654456,
609.433962264151,151.1300202166048,
609.559748427673,150.8523518445329,
609.6855345911949,150.48982739706952,
609.811320754717,150.60428571400348,
609.937106918239,150.54314999056658,
610.062893081761,150.7748465611704,
610.188679245283,151.15817743732725,
610.3144654088051,150.96504480252642,
610.440251572327,150.91581272577204,
610.566037735849,150.50191707695882,
610.6918238993711,151.40788045585975,
610.8176100628931,150.80085076943843,
610.9433962264151,151.40447179483778,
611.069182389937,150.57571533323187,
611.1949685534591,150.64293614214768,
611.3207547169811,151.42714020238176,
611.4465408805031,150.5008034026063,
611.5723270440252,150.86655542012787,
611.6981132075472,150.66965471207783,
611.8238993710692,150.54318001147104,
611.9496855345911,151.27913006119877,
612.0754716981132,150.48015446494614,
612.2012578616352,150.9478730436066,
612.3270440251572,150.99191950809077,
612.4528301886793,150.45521806031746,
612.5786163522013,150.22618916689328,
612.7044025157232,150.24766258066552,
612.8301886792453,150.48525375335808,
612.9559748427673,150.73314285278067,
613.0817610062893,150.7536642834551,
613.2075471698113,150.61486917247814,
613.3333333333334,150.62813123500163,
613.4591194968554,150.89029678585794,
613.5849056603773,150.83115025591636,
613.7106918238994,150.72612763260761,
613.8364779874214,150.4695243617561,
613.9622641509434,150.810486400935,
614.0880503144654,150.65372269042157,
614.2138364779875,150.4137885490861,
614.3396226415094,150.4488504314042,
614.4654088050314,150.89256340500552,
614.5911949685535,151.03907402072676,
614.7169811320755,150.43762391161204,
614.8427672955975,150.04286562072934,
614.9685534591194,150.70157565310748,
615.0943396226415,150.3212210817977,
615.2201257861635,150.7224883929884,
615.3459119496855,150.43770159774232,
615.4716981132076,151.0814176014618,
615.5974842767296,150.54440617213228,
615.7232704402516,150.734384785319,
615.8490566037735,150.1972357414157,
615.9748427672956,149.78850337877765,
616.1006289308176,150.51948608208716,
616.2264150943396,150.5434711390658,
616.3522012578617,150.65038233944887,
616.4779874213837,150.3241816310918,
616.6037735849056,150.13200193225606,
616.7295597484276,150.04716477831892,
616.8553459119497,150.57790091477372,
616.9811320754717,150.60951548139013,
617.1069182389937,150.2053302314893,
617.2327044025158,150.2845882221916,
617.3584905660377,150.22687758032743,
617.4842767295597,149.92744913374867,
617.6100628930817,150.4433569701799,
617.7358490566038,150.59740916063885,
617.8616352201258,150.32239476723947,
617.9874213836478,150.01494118214933,
618.1132075471698,150.3133058507916,
618.2389937106918,150.69631905760477,
618.3647798742138,150.88001696362943,
618.4905660377359,150.40714179622083,
618.6163522012579,150.1349593177186,
618.7421383647799,149.82812777324625,
618.8679245283018,149.93036467823578,
618.9937106918239,150.28695387766288,
619.1194968553459,150.35794418615114,
619.2452830188679,150.35798987307078,
619.37106918239,150.22041258894868,
619.496855345912,149.89267849243902,
619.622641509434,149.87669709949176,
619.7484276729559,150.29996923627598,
619.874213836478,150.04932323794665,
620.0,150.57400115705053,
620.125786163522,149.87539114648683,
620.2515723270441,150.65422087895564,
620.377358490566,150.05814941563233,
620.503144654088,150.2728977746566,
620.62893081761,150.26521806974407,
620.7547169811321,150.115752763032,
620.8805031446541,149.69071100239435,
621.0062893081761,150.06580992997746,
621.1320754716982,150.55935088859695,
621.2578616352201,149.85086458380565,
621.3836477987421,149.7028626787035,
621.5094339622641,150.10099865422325,
621.6352201257862,150.04494732502206,
621.7610062893082,149.81716071474423,
621.8867924528302,149.9445550384316,
622.0125786163522,150.00475550932717,
622.1383647798742,150.01413372722544,
622.2641509433962,150.15037286171233,
622.3899371069183,150.27867228223292,
622.5157232704403,150.19110225847567,
622.6415094339623,150.1720977790208,
622.7672955974842,150.49902339712557,
622.8930817610063,150.34514052752468,
623.0188679245283,149.33543174593052,
623.1446540880503,149.965178386427,
623.2704402515724,149.65415836273493,
623.3962264150944,149.86833885736016,
623.5220125786163,150.2257185026355,
623.6477987421383,149.97498056843605,
623.7735849056604,149.91050684665987,
623.8993710691824,150.33917410790093,
624.0251572327044,149.62631380314264,
624.1509433962265,149.97113176404616,
624.2767295597484,150.12410212931715,
624.4025157232704,149.98527315378132,
624.5283018867924,149.68074773787865,
624.6540880503145,149.95825171286901,
624.7798742138365,150.15809871056987,
624.9056603773585,150.03786022306593,
625.0314465408806,150.02029764922423,
625.1572327044025,150.01006386320205,
625.2830188679245,149.95932684180133,
625.4088050314465,149.60754078128292,
625.5345911949686,149.83290749830866,
625.6603773584906,150.01021953119164,
625.7861635220125,149.11620987033197,
625.9119496855346,150.07645872546186,
626.0377358490566,149.96384741256153,
626.1635220125786,149.60077343233195,
626.2893081761006,149.67755789810468,
626.4150943396227,149.8055121620401,
626.5408805031446,149.95215828894467,
626.6666666666666,149.74761995046228,
626.7924528301887,150.1252044522027,
626.9182389937107,149.92906214135888,
627.0440251572327,149.62146494980217,
627.1698113207547,149.69263938455163,
627.2955974842768,149.85965683320683,
627.4213836477987,149.97718249826377,
627.5471698113207,149.957419922271,
627.6729559748428,149.75534467850596,
627.7987421383648,149.80944394133957,
627.9245283018868,149.7581219821371,
628.0503144654087,149.96222178683072,
628.1761006289308,149.50249023946827,
628.3018867924528,149.89208910477214,
628.4276729559748,149.27060472883855,
628.5534591194969,149.83879079742795,
628.6792452830189,149.78241282458112,
628.8050314465409,149.7105931457185,
628.930817610063,149.1698614141437,
629.0566037735849,150.08702182728123,
629.1823899371069,149.91227065905176,
629.3081761006289,149.68635701908866,
629.433962264151,149.7869988315304,
629.559748427673,149.42980352408313,
629.6855345911949,149.7850444132703,
629.811320754717,150.03932497471862,
629.937106918239,149.34710885354076,
630.062893081761,150.30714668476512,
630.188679245283,149.51705213698025,
630.3144654088051,149.82546340829495,
630.440251572327,149.40441080763426,
630.566037735849,149.70086697432086,
630.6918238993711,149.27710778190274,
630.8176100628931,149.42317118878074,
630.9433962264151,149.523102435218,
631.069182389937,149.40861841563782,
631.1949685534591,149.50454338952318,
631.3207547169811,149.80121616023808,
631.4465408805031,149.2302837021819,
631.5723270440252,149.2429437769903,
631.6981132075472,149.54597394711797,
631.8238993710692,149.3854887786297,
631.9496855345911,149.2679259954315,
632.0754716981132,149.5441985199678,
632.2012578616352,149.36242567159985,
632.3270440251572,149.5798794976182,
632.4528301886793,149.47823149370043,
632.5786163522013,149.43019484899247,
632.7044025157232,149.45576564818316,
632.8301886792453,149.720962804352,
632.9559748427673,149.7860058879728,
633.0817610062893,149.40990575440273,
633.2075471698113,149.184641997347,
633.3333333333334,149.05663805225024,
633.4591194968554,148.868393477471,
633.5849056603773,149.12512609107145,
633.7106918238994,149.19836221643897,
633.8364779874214,149.39063531768807,
633.9622641509434,148.92596156109744,
634.0880503144654,149.74584613143728,
634.2138364779875,149.64663933071338,
634.3396226415094,149.68437004704796,
634.4654088050314,149.23718196691223,
634.5911949685535,149.4187318990354,
634.7169811320755,149.11321756727855,
634.8427672955975,149.72983810149626,
634.9685534591194,149.03145650762605,
635.0943396226415,149.1986335057911,
635.2201257861635,149.67522086836553,
635.3459119496855,149.9341469909438,
635.4716981132076,149.2810894061916,
635.5974842767296,149.19278953266806,
635.7232704402516,148.66189216800714,
635.8490566037735,149.70861521954873,
635.9748427672956,149.35037482308093,
636.1006289308176,148.7946711366224,
636.2264150943396,149.47582262828243,
636.3522012578617,149.40378078858822,
636.4779874213837,149.15403762545478,
636.6037735849056,149.0955055021807,
636.7295597484276,149.40982298878313,
636.8553459119497,149.27810505419285,
636.9811320754717,149.33365419441384,
637.1069182389937,149.5108965302221,
637.2327044025158,149.494897398588,
637.3584905660377,149.3790552497682,
637.4842767295597,149.32757521258688,
637.6100628930817,148.85403491878566,
637.7358490566038,148.88704337114078,
637.8616352201258,149.3628659055619,
637.9874213836478,149.31236298383791,
638.1132075471698,149.27243478762512,
638.2389937106918,149.34530321301185,
638.3647798742138,148.98904264204424,
638.4905660377358,149.26110139994287,
638.6163522012579,148.86497735201135,
638.7421383647799,149.12011970325796,
638.8679245283018,149.32918321886447,
638.9937106918239,148.9199626775775,
639.1194968553459,149.56973284108713,
639.2452830188679,149.35735279435067,
639.37106918239,149.40918677264838,
639.496855345912,149.00569794689832,
639.622641509434,148.70357675100112,
639.7484276729559,148.86849371585777,
639.874213836478,149.17338497961546,
640.0,148.9580445415245,
640.125786163522,149.2004636551243,
640.2515723270441,149.05006315554445,
640.377358490566,148.85733805106472,
640.503144654088,149.23065737479513,
640.62893081761,149.32736679067995,
640.7547169811321,148.79872037577638,
640.8805031446541,149.10206164753112,
641.0062893081761,149.00556034997956,
641.1320754716982,149.02895878325913,
641.2578616352201,148.92503906513096,
641.3836477987421,148.6302226369709,
641.5094339622642,149.28810099724012,
641.6352201257862,148.66714915424714,
641.7610062893082,148.70271759964447,
641.8867924528302,149.07676889545343,
642.0125786163522,148.94999701047323,
642.1383647798742,148.69834611319192,
642.2641509433962,148.725295592723,
642.3899371069183,148.8423351272991,
642.5157232704403,148.76531601818135,
642.6415094339623,149.0282952073513,
642.7672955974842,148.56793590993982,
642.8930817610063,148.94214792245683,
643.0188679245283,149.22627852030473,
643.1446540880503,148.8863124271406,
643.2704402515724,148.60622559012745,
643.3962264150944,148.63986638488626,
643.5220125786163,148.82386918751325,
643.6477987421383,148.64922660985638,
643.7735849056604,149.10625776282646,
643.8993710691824,148.32983833362513,
644.0251572327044,149.19200202566202,
644.1509433962265,148.26834093094098,
644.2767295597484,148.75666322916567,
644.4025157232704,148.488499459519,
644.5283018867924,148.9566153835106,
644.6540880503145,148.55038821783785,
644.7798742138365,148.45295673819535,
644.9056603773585,148.6435445177753,
645.0314465408806,148.6181256505368,
645.1572327044025,148.2294473565716,
645.2830188679245,148.81916098875195,
645.4088050314465,148.09970264313722,
645.5345911949686,148.98427040719784,
645.6603773584906,148.59999692357795,
645.7861635220125,148.91309190029756,
645.9119496855346,148.51702772235384,
646.0377358490566,148.46121756512125,
646.1635220125786,148.81475843039482,
646.2893081761006,148.49811351885316,
646.4150943396227,148.24957400120758,
646.5408805031446,148.60703336575088,
646.6666666666666,148.2768622464507,
646.7924528301887,148.6102299055501,
646.9182389937107,148.95051864962323,
647.0440251572327,148.83877793137327,
647.1698113207547,148.59090083351134,
647.2955974842768,148.54133528196147,
647.4213836477987,148.49589567806652,
647.5471698113207,148.4080327414167,
647.6729559748428,148.6485146242766,
647.7987421383648,148.51260194276426,
647.9245283018868,148.4489754920034,
648.0503144654087,148.60423927811846,
648.1761006289308,148.0244602235477,
648.3018867924528,149.0105015145939,
648.4276729559748,148.6712419934672,
648.5534591194969,148.15759476572464,
648.6792452830189,148.5271242870773,
648.8050314465409,148.20841843526307,
648.930817610063,148.3481997005545,
649.0566037735849,148.25156649304196,
649.1823899371069,148.74063612081702,
649.3081761006289,147.97981460853288,
649.433962264151,148.36372668775886,
649.559748427673,148.0323863607958,
649.6855345911949,148.4318667596265,
649.811320754717,148.34987922363985,
649.937106918239,148.06995331198377,
650.062893081761,148.77389395827956,
650.188679245283,148.79714814713694,
650.3144654088051,148.2575688553741,
650.440251572327,148.52142359229182,
650.566037735849,148.3460669378662,
650.6918238993711,148.43645584777215,
650.8176100628931,148.75095547507104,
650.9433962264151,148.29308964385444,
651.069182389937,148.80061873145027,
651.1949685534591,148.27285521045732,
651.3207547169811,148.3138425034857,
651.4465408805031,148.80188740971568,
651.5723270440252,148.39068941291526,
651.6981132075472,147.80622676841443,
651.8238993710692,148.36273995882397,
651.9496855345913,147.97840299590058,
652.0754716981132,147.87554264314528,
652.2012578616352,148.04785971398127,
652.3270440251572,148.3573675883216,
652.4528301886793,147.98983264327782,
652.5786163522013,147.91018699242923,
652.7044025157232,148.1578882998537,
652.8301886792453,148.34630840821765,
652.9559748427673,148.06338823839607,
653.0817610062893,147.9032007763399,
653.2075471698113,147.67896378241733,
653.3333333333334,148.02041337719655,
653.4591194968554,148.4178681728475,
653.5849056603773,148.44964068097838,
653.7106918238994,148.38889805183146,
653.8364779874214,148.13994944164997,
653.9622641509434,148.20843716138998,
654.0880503144654,148.4853522401014,
654.2138364779875,147.94358408517382,
654.3396226415094,148.24409939924757,
654.4654088050314,147.67768346947796,
654.5911949685535,148.3083090472719,
654.7169811320755,148.01730093534064,
654.8427672955975,147.83348089955632,
654.9685534591194,148.30792430866487,
655.0943396226415,147.82923414684277,
655.2201257861635,147.8825495286409,
655.3459119496855,148.47590161683559,
655.4716981132076,147.8225178036543,
655.5974842767296,147.91234988134417,
655.7232704402516,147.8978645778102,
655.8490566037735,148.25720550268096,
655.9748427672956,147.5943544035555,
656.1006289308176,148.35825831191815,
656.2264150943396,147.9771479884495,
656.3522012578617,147.95109692904202,
656.4779874213837,147.7984702268021,
656.6037735849056,147.97860481239792,
656.7295597484276,148.37489308822438,
656.8553459119497,148.0528348674982,
656.9811320754717,147.75881378620554,
657.1069182389937,147.89743710679596,
657.2327044025158,148.11021622738917,
657.3584905660377,147.99026129207704,
657.4842767295597,147.89692943943734,
657.6100628930817,148.10472737890697,
657.7358490566038,148.03618288519579,
657.8616352201258,147.66880927352338,
657.9874213836478,147.4518362524408,
658.1132075471698,148.04801445461794,
658.2389937106918,148.37958049743966,
658.3647798742138,147.70236368183856,
658.4905660377358,147.8646206643885,
658.6163522012579,148.2307210026363,
658.7421383647799,148.31943621167852,
658.8679245283018,147.8931637555469,
658.9937106918239,148.18161316545292,
659.1194968553459,148.04916740292407,
659.2452830188679,147.71488204096227,
659.37106918239,147.34146013238322,
659.496855345912,147.61113320977302,
659.622641509434,147.92312449633283,
659.7484276729559,147.92795793534495,
659.874213836478,147.68991015217654,
660.0,147.5933733596828,FCCP_4
660.125786163522,147.4000490846885,
660.2515723270441,147.37236902052825,
660.377358490566,147.75424944102852,
660.503144654088,147.3834230198126,
660.62893081761,147.76565701736072,
660.7547169811321,147.56226529993356,
660.8805031446541,147.64754638536044,
661.0062893081761,148.27775644765765,
661.1320754716982,147.75080715967405,
661.2578616352201,147.64518028073837,
661.3836477987421,147.68006153421922,
661.5094339622641,147.34730817140704,
661.6352201257862,148.0428367725368,
661.7610062893082,147.91233054424208,
661.8867924528302,147.55970463794142,
662.0125786163522,147.74235244055964,
662.1383647798742,147.50946294034276,
662.2641509433962,147.7687546486781,
662.3899371069182,147.32626812717385,
662.5157232704403,147.72120594400172,
662.6415094339623,148.02198268544743,
662.7672955974842,147.75056249798428,
662.8930817610063,147.48379678220135,
663.0188679245283,147.86108857471007,
663.1446540880503,148.1036087773509,
663.2704402515724,147.79103348210458,
663.3962264150944,147.62493541970323,
663.5220125786163,147.3923992746144,
663.6477987421383,147.6941905505324,
663.7735849056604,148.05817441349268,
663.8993710691824,147.0657146165404,
664.0251572327044,147.80658394224363,
664.1509433962265,147.59153648325324,
664.2767295597484,147.92525461244784,
664.4025157232704,147.50725861519152,
664.5283018867924,146.99063866856557,
664.6540880503145,148.02175556385185,
664.7798742138365,147.2263774132254,
664.9056603773585,147.70863011096688,
665.0314465408806,147.46898440137517,
665.1572327044025,147.48330731340934,
665.2830188679245,147.51993676467754,
665.4088050314465,147.3413911961176,
665.5345911949686,147.51683058836113,
665.6603773584906,147.53943028858333,
665.7861635220125,147.65523858228525,
665.9119496855346,147.47842072638633,
666.0377358490566,147.51916529433083,
666.1635220125786,147.76386528995513,
666.2893081761006,147.19864061119176,
666.4150943396227,147.43400894104758,
666.5408805031446,147.52837799795952,
666.6666666666666,147.6599858720506,
666.7924528301887,147.37755813732392,
666.9182389937107,147.4106177959089,
667.0440251572327,147.2918707424409,
667.1698113207547,147.6804983833887,
667.2955974842768,147.2824682649186,
667.4213836477987,147.52641132874433,
667.5471698113207,147.32194630547465,
667.6729559748428,147.34745316054747,
667.7987421383648,147.0263043250884,
667.9245283018868,147.33857379429824,
668.0503144654089,147.30931114872587,
668.1761006289308,146.93814944369345,
668.3018867924528,147.11626636114934,
668.4276729559748,147.18024028326647,
668.5534591194969,146.90385410237712,
668.6792452830189,146.97406620233858,
668.8050314465409,147.63807486558375,
668.930817610063,147.00551532830352,
669.0566037735849,147.0411683335194,
669.1823899371069,146.8987244472417,
669.3081761006289,147.5468371005121,
669.433962264151,147.46187055818046,
669.559748427673,147.3041995687062,
669.6855345911949,147.23803248731528,
669.811320754717,147.08633077209316,
669.937106918239,147.1305238179909,
670.062893081761,147.02541432252528,
670.188679245283,147.35084675982432,
670.3144654088051,147.35165539283454,
670.440251572327,147.39909079952355,
670.566037735849,147.6754843469032,
670.6918238993711,147.33237964126658,
670.8176100628931,147.30654648274094,
670.9433962264151,147.3911657672848,
671.069182389937,146.74706570367033,
671.1949685534591,147.12607817949817,
671.3207547169811,146.73909623436597,
671.4465408805031,147.50386189509334,
671.5723270440252,146.9786233461039,
671.6981132075472,147.53748283881387,
671.8238993710692,147.35191031783143,
671.9496855345911,146.94079738792473,
672.0754716981132,146.65624171289215,
672.2012578616352,146.78250590009142,
672.3270440251572,147.31551743193373,
672.4528301886793,146.96783837789476,
672.5786163522013,146.67016965247842,
672.7044025157232,146.97663989475907,
672.8301886792453,147.4483212180084,
672.9559748427673,147.4197808301722,
673.0817610062893,146.89152697222113,
673.2075471698113,147.07915420637516,
673.3333333333334,147.14763873730857,
673.4591194968554,146.61698790996923,
673.5849056603773,146.8458754730575,
673.7106918238994,146.87007964585752,
673.8364779874214,147.06477293326645,
673.9622641509434,146.82851145181775,
674.0880503144654,146.59906692977316,
674.2138364779875,147.02179227838542,
674.3396226415094,146.77256563158423,
674.4654088050314,146.61842032006686,
674.5911949685535,146.61137206399613,
674.7169811320755,146.85430357824907,
674.8427672955975,147.26513931261712,
674.9685534591194,146.85106545804845,
675.0943396226415,147.15531011890897,
675.2201257861635,146.31782285443208,
675.3459119496855,146.66201737324417,
675.4716981132076,146.54951207362808,
675.5974842767296,146.7876976313755,
675.7232704402516,147.04121202506602,
675.8490566037735,146.70437351358922,
675.9748427672956,146.5221941944031,
676.1006289308176,147.06257886206203,
676.2264150943396,146.627437776008,
676.3522012578617,146.87843732433757,
676.4779874213837,146.63637537656805,
676.6037735849056,146.92423321815335,
676.7295597484276,146.69139169409868,
676.8553459119497,146.9783948334842,
676.9811320754717,146.927183377677,
677.1069182389937,147.3195765303094,
677.2327044025158,146.7365424627142,
677.3584905660377,146.50508012413155,
677.4842767295597,146.4509605376842,
677.6100628930817,146.584237476454,
677.7358490566038,146.81972221920904,
677.8616352201258,146.53976428279267,
677.9874213836478,147.09028931614503,
678.1132075471698,146.75295386769756,
678.2389937106918,146.45094648235758,
678.3647798742138,146.57178980343429,
678.4905660377359,146.52025989787694,
678.6163522012579,146.71674872000239,
678.7421383647799,146.40816539601198,
678.8679245283018,146.97732677338888,
678.9937106918239,146.560085252871,
679.1194968553459,146.58216956433878,
679.2452830188679,146.86460386799067,
679.37106918239,146.43902527886456,
679.496855345912,146.61812736966647,
679.622641509434,147.05885051312828,
679.7484276729559,146.70590976168126,
679.874213836478,146.66890658905209,
680.0,146.46867891002535,
680.125786163522,146.33154463024906,
680.2515723270441,147.0096337986441,
680.377358490566,146.52473144740924,
680.503144654088,147.03158316508845,
680.62893081761,146.37843853409598,
680.7547169811321,146.8554773120859,
680.8805031446541,146.4827368187725,
681.0062893081761,146.6305883474252,
681.1320754716982,146.82289696057376,
681.2578616352201,146.62143034748328,
681.3836477987421,146.70401784401847,
681.5094339622641,146.10496807547497,
681.6352201257862,146.37285199669284,
681.7610062893082,146.99152650196078,
681.8867924528302,146.41539706447827,
682.0125786163522,146.54466547003554,
682.1383647798742,146.41656251547911,
682.2641509433962,146.2942673459207,
682.3899371069183,146.06847403009166,
682.5157232704403,146.14888020258132,
682.6415094339623,146.84728510457907,
682.7672955974842,146.39920427074037,
682.8930817610063,146.11409416565203,
683.0188679245283,146.1776068680456,
683.1446540880503,146.61430726855195,
683.2704402515724,146.15148952442752,
683.3962264150944,146.22426594503838,
683.5220125786163,146.09377239721084,
683.6477987421383,146.05047513653838,
683.7735849056604,146.76984989621423,
683.8993710691824,146.31468909109842,
684.0251572327044,146.26186164576765,
684.1509433962265,146.1842028630847,
684.2767295597484,146.50500538558094,
684.4025157232704,146.33458689044775,
684.5283018867924,146.38463134264205,
684.6540880503145,146.33808931040215,
684.7798742138365,146.2068693224716,
684.9056603773585,146.16830451882694,
685.0314465408806,145.84712800062695,
685.1572327044025,146.15023586878954,
685.2830188679245,146.80639679796514,
685.4088050314465,145.9479750594142,
685.5345911949686,146.2512540705078,
685.6603773584906,146.3264193594796,
685.7861635220125,146.533321176471,
685.9119496855346,146.89171094178565,
686.0377358490566,146.1202697033621,
686.1635220125786,145.9925197588543,
686.2893081761006,146.46916552530547,
686.4150943396227,146.249701594532,
686.5408805031446,146.69037076222568,
686.6666666666666,146.36243742395735,
686.7924528301887,146.00623077117461,
686.9182389937107,146.11659816782876,
687.0440251572327,146.26384355525124,
687.1698113207547,146.27558295039228,
687.2955974842768,145.8592088011864,
687.4213836477987,145.6540128800089,
687.5471698113207,145.72644722424008,
687.6729559748428,146.27400834056223,
687.7987421383648,146.07373564195348,
687.9245283018868,145.64566172930037,
688.0503144654087,145.95898893361326,
688.1761006289308,145.60477207282312,
688.3018867924528,146.01555814895255,
688.4276729559748,145.85733977643358,
688.5534591194969,145.92651512273073,
688.6792452830189,146.03724474758317,
688.8050314465409,146.0963178529289,
688.930817610063,146.05787609783266,
689.0566037735849,146.3582335666261,
689.1823899371069,146.62789813661337,
689.3081761006289,146.23295903319834,
689.433962264151,145.9648867366147,
689.559748427673,146.19261367347562,
689.6855345911949,145.8151319973788,
689.811320754717,145.78281621793016,
689.937106918239,145.76379126045447,
690.062893081761,146.04701916758674,
690.188679245283,146.27588264350706,
690.3144654088051,146.51461703201326,
690.440251572327,146.28197787036257,
690.566037735849,146.11765872288507,
690.6918238993711,145.76348210159077,
690.8176100628931,145.9470527222389,
690.9433962264151,146.05608238558307,
691.069182389937,145.88198118810004,
691.1949685534591,146.3705867721951,
691.3207547169811,145.69221056137033,
691.4465408805031,145.71099068930528,
691.5723270440252,145.97686328342914,
691.6981132075472,146.37587904179202,
691.8238993710692,145.41332022565095,
691.9496855345911,145.64732266637466,
692.0754716981132,146.17313536624735,
692.2012578616352,145.67374875588894,
692.3270440251572,146.35058709876895,
692.4528301886793,145.6227603798781,
692.5786163522013,146.08854869135385,
692.7044025157232,145.79074971554587,
692.8301886792453,145.92001071444176,
692.9559748427673,145.53847659897036,
693.0817610062893,145.38822289165478,
693.2075471698113,145.97598905393096,
693.3333333333334,145.64210165801654,
693.4591194968554,145.53708218795688,
693.5849056603773,145.48275913292596,
693.7106918238994,145.49015029903927,
693.8364779874214,146.082042798678,
693.9622641509434,145.50540220803495,
694.0880503144654,145.59277171101786,
694.2138364779875,146.21238791810114,
694.3396226415094,145.6049647367968,
694.4654088050314,145.70395651258008,
694.5911949685535,145.78961022497347,
694.7169811320755,145.61602462134235,
694.8427672955975,145.51031962876937,
694.9685534591194,145.9943993888916,
695.0943396226415,145.74696275212355,
695.2201257861635,145.50195856978462,
695.3459119496855,145.30533434050272,
695.4716981132076,145.35456774362495,
695.5974842767296,145.3801763043378,
695.7232704402516,145.08964354852694,
695.8490566037735,145.91445104503148,
695.9748427672956,145.6388185099812,
696.1006289308176,145.7397836970321,
696.2264150943396,145.2432285470211,
696.3522012578617,145.46899709504135,
696.4779874213837,145.52257603419892,
696.6037735849056,145.59382525312688,
696.7295597484276,145.5156832121745,
696.8553459119497,145.24835050637506,
696.9811320754717,145.8248707975728,
697.1069182389937,145.72180639098661,
697.2327044025158,145.55527728553693,
697.3584905660377,145.7869476244268,
697.4842767295597,145.8232419265269,
697.6100628930817,145.86201956265032,
697.7358490566038,145.5466262060586,
697.8616352201258,145.41949799244938,
697.9874213836478,145.37057066283074,
698.1132075471698,145.705658786454,
698.2389937106918,145.2998112108812,
698.3647798742138,145.23912279852465,
698.4905660377358,145.5984304516899,
698.6163522012579,145.58290916176492,
698.7421383647799,145.60362242150623,
698.8679245283018,145.2245073966578,
698.9937106918239,145.50432310209732,
699.1194968553459,145.6502899966161,
699.2452830188679,145.29383472350176,
699.37106918239,145.3390848968598,
699.496855345912,145.32395786518003,
699.622641509434,145.77057786845714,
699.7484276729559,145.60830232143053,
699.874213836478,145.04028459522607,
700.0,144.98756607783702,
700.125786163522,145.52260852826174,
700.2515723270441,145.29913197205465,
700.377358490566,145.47787775857358,
700.503144654088,145.40348539193363,
700.62893081761,145.5817886474121,
700.7547169811321,144.91528656712399,
700.8805031446541,145.17707646577105,
701.0062893081761,145.36911762946065,
701.1320754716982,145.35731338916105,
701.2578616352201,145.0539880610998,
701.3836477987421,145.15156005978454,
701.5094339622642,145.1292159849642,
701.6352201257862,145.27917337531997,
701.7610062893082,145.43547154068102,
701.8867924528302,145.18379024837594,
702.0125786163522,145.20672075319112,
702.1383647798742,144.71376678501346,
702.2641509433962,144.96436219602694,
702.3899371069183,145.68520996376742,
702.5157232704403,144.7856149376014,
702.6415094339623,145.54771669908286,
702.7672955974842,145.1244726855321,
702.8930817610063,144.70047209059186,
703.0188679245283,145.5480205678934,
703.1446540880503,145.49694353984344,
703.2704402515724,145.04244115555332,
703.3962264150944,145.3773993532502,
703.5220125786163,145.0639333660605,
703.6477987421383,145.15796546304293,
703.7735849056604,145.17912816398137,
703.8993710691824,145.07213504518876,
704.0251572327044,145.25330773342213,
704.1509433962265,145.2109787238208,
704.2767295597484,144.9761471447846,
704.4025157232704,145.1731935515155,
704.5283018867924,144.96137527376746,
704.6540880503145,145.11730371441982,
704.7798742138365,144.95195854500636,
704.9056603773585,145.0928255078016,
705.0314465408806,145.46099120630288,
705.1572327044025,144.88968377247198,
705.2830188679245,144.67970176055832,
705.4088050314465,145.43634678303223,
705.5345911949686,145.1032484129187,
705.6603773584906,144.85981065998803,
705.7861635220125,144.95237861753156,
705.9119496855346,144.77868022970117,
706.0377358490566,145.23390585054858,
706.1635220125786,145.17010653608037,
706.2893081761006,145.14124176786473,
706.4150943396227,145.03147642989165,
706.5408805031446,144.4562420563764,
706.6666666666666,144.66433476308853,
706.7924528301887,145.0245063331725,
706.9182389937107,144.28199592230263,
707.0440251572327,144.91824614165765,
707.1698113207547,144.6740588479371,
707.2955974842768,145.08103725938093,
707.4213836477987,144.8658903836367,
707.5471698113207,145.172097151799,
707.6729559748428,144.98410818504874,
707.7987421383648,144.9204586001714,
707.9245283018868,144.6410134236383,
708.0503144654087,145.0336023564954,
708.1761006289308,145.463822747733,
708.3018867924528,144.4337178786886,
708.4276729559748,144.59772228643482,
708.5534591194969,145.26200594984837,
708.6792452830189,144.96625748147815,
708.8050314465409,144.7566541632066,
708.930817610063,145.0184580695767,
709.0566037735849,144.8984133827917,
709.1823899371069,144.64446176578207,
709.3081761006289,144.63287141815402,
709.433962264151,145.00608985794992,
709.559748427673,144.87042411483824,
709.6855345911949,145.04634544989514,
709.811320754717,144.9326969110109,
709.937106918239,144.60807979053936,
710.062893081761,145.13493455368064,
710.188679245283,144.51544167929018,
710.3144654088051,144.62523553305363,
710.440251572327,144.53519065647248,
710.566037735849,144.37291804805716,
710.6918238993711,144.87118840159064,
710.8176100628931,144.44465357345914,
710.9433962264151,144.5291375640718,
711.069182389937,144.92821390013822,
711.1949685534591,144.90115085117478,
711.3207547169811,144.5218184048167,
711.4465408805031,144.342491493756,
711.5723270440252,144.63576483477033,
711.6981132075472,144.2546886699612,
711.8238993710692,144.3938759842818,
711.9496855345913,144.54186485636228,
712.0754716981132,144.59160326959915,
712.2012578616352,144.48465516711073,
712.3270440251572,144.57945338921024,
712.4528301886793,144.95362658926098,
712.5786163522013,144.75722494411872,
712.7044025157232,144.93757686253454,
712.8301886792453,144.80910454240058,
712.9559748427673,144.63541950450943,
713.0817610062893,144.26629091322056,
713.2075471698113,144.2280561059048,
713.3333333333334,144.54925845127173,
713.4591194968554,144.44457976181866,
713.5849056603773,144.30542278564047,
713.7106918238994,144.63381160776797,
713.8364779874214,144.82973214363867,
713.9622641509434,144.49901737238224,
714.0880503144654,144.5298250279662,
714.2138364779875,144.3639518156995,
714.3396226415094,144.32103470041056,
714.4654088050314,144.97876008112766,
714.5911949685535,144.16357096186533,
714.7169811320755,144.42969444480457,
714.8427672955975,144.3505424687481,
714.9685534591194,144.42718149175235,
715.0943396226415,144.70856463619262,
715.2201257861635,144.68774884809875,
715.3459119496855,144.39660708477047,
715.4716981132076,144.7048359049461,
715.5974842767296,144.2246520802969,
715.7232704402516,144.49753504602936,
715.8490566037735,144.84582066899404,
715.9748427672956,144.24887257236372,
716.1006289308176,144.43687580363985,
716.2264150943396,144.7525683301559,
716.3522012578617,144.15963085273788,
716.4779874213837,144.37865842200074,
716.6037735849056,144.276203936886,
716.7295597484276,144.06799515087624,
716.8553459119497,144.4406230968807,
716.9811320754717,144.12085244927027,
717.1069182389937,144.73815022120635,
717.2327044025158,144.32170380117373,
717.3584905660377,144.256328011721,
717.4842767295597,144.31141024188724,
717.6100628930817,144.31921603244922,
717.7358490566038,144.23604002542916,
717.8616352201258,144.29248010612807,
717.9874213836478,144.12679698104864,
718.1132075471698,144.13796689029346,
718.2389937106918,144.38691453738684,
718.3647798742138,143.71339297544128,
718.4905660377358,144.03993664963747,
718.6163522012579,144.2342731450745,
718.7421383647799,144.31005635232384,
718.8679245283018,144.11915276116204,
718.9937106918239,144.24317103861827,
719.1194968553459,144.11407574747005,
719.2452830188679,143.72859042545034,
719.37106918239,144.42121342352465,
719.496855345912,144.24542160514162,
719.622641509434,143.93141024524192,
719.7484276729559,144.5318201337867,
719.874213836478,144.32477691312639,
720.0,143.99135406889346,rotenone+antimycin
720.4905660377359,144.424371867218,
720.9811320754717,144.25747042869153,
721.4716981132076,144.32993216428764,
721.9622641509434,143.97226503291418,
722.4528301886793,143.98355509942658,
722.9433962264151,143.9170974335016,
723.433962264151,143.98744885242897,
723.9245283018868,143.54444138095727,
724.4150943396227,144.3936549892445,
724.9056603773585,143.82760142338287,
725.3962264150944,144.26514156976083,
725.8867924528302,143.79815864521825,
726.377358490566,144.1519151751935,
726.8679245283018,143.82462555152608,
727.3584905660377,144.1177437258695,
727.8490566037735,143.72278941109454,
728.3396226415094,143.97473320737035,
728.8301886792453,144.28762365677343,
729.3207547169811,144.17618752821414,
729.811320754717,144.1654749471323,
730.3018867924528,143.90810448926172,
730.7924528301887,143.573580417606,
731.2830188679245,143.89945703319717,
731.7735849056604,143.99497578353063,
732.2641509433962,144.4925257176383,
732.7547169811321,144.26509444738545,
733.2452830188679,144.20182906280036,
733.7358490566038,143.97724762509972,
734.2264150943396,143.94039858276057,
734.7169811320755,144.28286890906148,
735.2075471698113,144.0297006592087,
735.6981132075472,144.03848985468377,
736.188679245283,144.60217709675587,
736.6792452830189,143.87725863041936,
737.1698113207547,144.0523120438336,
737.6603773584906,144.06029098280928,
738.1509433962265,143.9598801926546,
738.6415094339623,143.76982182697552,
739.1320754716982,144.44080114299962,
739.622641509434,143.76960189805519,
740.1132075471698,143.89580987388706,
740.6037735849056,144.18677977685908,
741.0943396226415,143.81177954537898,
741.5849056603773,144.08376353327117,
742.0754716981132,144.05856470764982,
742.566037735849,144.0635259598042,
743.0566037735849,144.087696790883,
743.5471698113207,143.7706082989757,
744.0377358490566,143.98533772238983,
744.5283018867924,144.4438416988998,
745.0188679245283,144.4136993560913,
745.5094339622641,143.97751885105149,
746.0,144.39393743510846,
746.4905660377359,143.88774717289198,
746.9811320754717,143.7817238475241,
747.4716981132076,143.6183976907202,
747.9622641509434,143.844463910828,
748.4528301886793,144.23768288548715,
748.9433962264151,144.04132648861074,
749.433962264151,144.53812200194744,
749.9245283018868,144.3325725669468,
750.4150943396227,144.03415978893446,
750.9056603773585,144.0668933336682,
751.3962264150944,144.06873553158982,
751.8867924528302,144.37248994658168,
752.377358490566,144.02666600987308,
752.8679245283018,144.1190879376474,
753.3584905660377,143.93885239606888,
753.8490566037735,144.44740203292554,
754.3396226415094,144.0354359106854,
754.8301886792453,143.96101432365063,
755.3207547169811,143.74267828386334,
755.811320754717,144.36427533843997,
756.3018867924528,143.97478786165243,
756.7924528301887,144.10511641067913,
757.2830188679245,144.02010179126665,
757.7735849056604,144.07608389896055,
758.2641509433962,143.62707644468986,
758.7547169811321,143.92656867812477,
759.2452830188679,143.8518106109236,
759.7358490566038,144.66731231623908,
760.2264150943396,144.45942995354997,
760.7169811320755,144.23223266465547,
761.2075471698113,144.744404411402,
761.6981132075472,144.44204406092928,
762.188679245283,143.78653261540646,
762.6792452830189,143.80140729301607,
763.1698113207547,144.18967971657577,
763.6603773584906,144.10536984162482,
764.1509433962265,144.17558279834944,
764.6415094339623,143.91648068077498,
765.1320754716982,144.58408952165854,
765.622641509434,144.03493510197177,
766.1132075471698,144.40277105820863,
766.6037735849056,144.48756136360362,
767.0943396226415,143.97640462195378,
767.5849056603773,144.2668087524258,
768.0754716981132,144.5209580742095,
768.566037735849,144.48727480746197,
769.0566037735849,144.31065569057282,
769.5471698113207,144.2326398073017,
770.0377358490566,144.14242608335397,
770.5283018867924,144.43990519885875,
771.0188679245283,144.26847862698264,
771.5094339622642,144.15378628934405,
772.0,144.0045367188096,
772.4905660377358,143.78454919392044,
772.9811320754717,144.07933254968802,
773.4716981132076,144.58882781533805,
773.9622641509434,144.00181045511886,
774.4528301886793,143.96240776616932,
774.9433962264151,144.06254795022656,
775.433962264151,144.0694962764045,
775.9245283018868,143.9829197284623,
776.4150943396227,144.28352287535273,
776.9056603773585,144.20416177893426,
777.3962264150944,144.41843117846167,
777.8867924528302,144.27309106381404,
778.377358490566,144.1693345637546,
778.8679245283018,143.59694690558248,
779.3584905660377,144.17200030339228,
779.8490566037735,143.95943103054717,
780.3396226415094,144.39214543565993,
780.8301886792453,144.14107345126158,
781.3207547169811,143.93205901292134,
781.811320754717,143.98690332518785,
782.3018867924528,143.82234171471285,
782.7924528301887,143.98582668861826,
783.2830188679245,144.20151017695534,
783.7735849056604,144.41741936297737,
784.2641509433962,144.2526774602222,
784.7547169811321,144.32513742416998,
785.2452830188679,144.34548980965678,
785.7358490566038,144.04180683995847,
786.2264150943396,144.48599993696766,
786.7169811320755,143.78478677628576,
787.2075471698113,144.1535590799936,
787.6981132075472,143.99127465478082,
788.188679245283,143.63135211133843,
788.6792452830189,144.53746213687916,
789.1698113207547,143.62329060940834,
789.6603773584906,144.2950510324545,
790.1509433962265,144.571007232033,
790.6415094339623,144.071932617101,
791.1320754716982,144.09387055792183,
791.622641509434,143.64801768934475,
792.1132075471698,144.06026172107423,
792.6037735849056,144.48544305672792,
793.0943396226415,143.99218360949646,
793.5849056603773,143.8791137286289,
794.0754716981132,143.54377598119845,
794.566037735849,144.44413311917282,
795.0566037735849,144.22566057144797,
795.5471698113207,144.04720858194653,
796.0377358490566,144.38340943712194,
796.5283018867924,143.9900431275145,
797.0188679245283,144.03920883605159,
797.5094339622642,144.65371869577143,
798.0,143.8986470523333,
798.4905660377358,144.19529656510352,
798.9811320754717,144.1785943434669,
799.4716981132076,144.14707398143233,
799.9622641509434,144.1242819088069,
800.4528301886793,143.79604829504632,
800.9433962264151,144.0883382426313,
801.433962264151,144.06209573011,
801.9245283018868,143.9554823607338,
802.4150943396227,143.91432847898201,
802.9056603773585,143.8722829063638,
803.3962264150944,143.92035675050528,
803.8867924528302,144.2249874626987,
804.377358490566,144.1318275319462,
804.8679245283018,144.53658784443567,
805.3584905660377,144.27354669386008,
805.8490566037735,143.9739488337891,
806.3396226415094,143.98793456019408,
806.8301886792453,144.07947051778595,
807.3207547169811,144.0352081891653,
807.811320754717,144.12363698039206,
808.3018867924528,144.60801263128278,
808.7924528301887,144.0847187899025,
809.2830188679245,144.15571271864846,
809.7735849056604,143.82480426465642,
810.2641509433962,143.74757681915048,
810.7547169811321,144.08880307155715,
811.2452830188679,144.01839200962297,
811.7358490566038,144.1731395258987,
812.2264150943396,144.46196047538373,
812.7169811320755,143.99509735522844,
813.2075471698113,143.9515663710034,
813.6981132075472,144.36733801179616,
814.1886792452831,144.01379361814614,
814.6792452830189,144.13709221489188,
815.1698113207547,144.09629359393287,
815.6603773584906,144.5925096856545,
816.1509433962265,143.70192941847276,
816.6415094339623,143.91748703749792,
817.1320754716982,144.28541162099506,
817.622641509434,144.41273749516975,
818.1132075471698,143.86544634069003,
818.6037735849056,144.41742371611141,
819.0943396226415,144.00495455524367,
819.5849056603773,143.94114812116112,
820.0754716981132,143.96518220994722,
820.566037735849,144.21117106319758,
821.0566037735849,144.24386503925314,
821.5471698113207,143.90401858695597,
822.0377358490566,144.174204428151,
822.5283018867924,144.02719057053596,
823.0188679245283,143.82451912701256,
823.5094339622642,144.5456600584976,
824.0,143.88083368335396,
824.4905660377358,144.14834859547193,
824.9811320754717,143.83149756569537,
825.4716981132076,144.01486501918498,
825.9622641509434,144.14543145641002,
826.4528301886793,144.16306234480828,
826.9433962264151,143.86677432017632,
827.433962264151,144.09274520270785,
827.9245283018868,144.2101999859741,
828.4150943396227,144.49375790810012,
828.9056603773585,144.32225155181877,
829.3962264150944,144.39093398026043,
829.8867924528302,144.28096952959717,
830.377358490566,143.95593482257547,
830.8679245283018,144.04062163006833,
831.3584905660377,144.34934607700157,
831.8490566037735,143.95085694071804,
832.3396226415094,143.84237599830917,
832.8301886792453,144.1117691130312,
833.3207547169811,143.66821463030033,
833.811320754717,143.92710817495114,
834.3018867924528,143.837826377766,
834.7924528301887,144.0195893768539,
835.2830188679245,144.45079896288996,
835.7735849056604,144.70250970552212,
836.2641509433962,144.27097617456354,
836.7547169811321,143.8825561429008,
837.2452830188679,144.30548862314583,
837.7358490566038,144.227836438097,
838.2264150943396,143.972121430934,
838.7169811320755,144.34298274823797,
839.2075471698113,144.00182253898257,
839.6981132075472,143.97785230433217,
840.1886792452831,144.13705619896342,
840.6792452830189,144.2940790784165,
841.1698113207547,144.030633962987,
841.6603773584906,144.21151853713368,
842.1509433962265,143.6653578065391,
842.6415094339623,144.19578321019455,
843.1320754716982,144.00310338833177,
843.622641509434,143.9919834284749,
844.1132075471698,143.49126603436304,
844.6037735849056,143.76041285409016,
845.0943396226415,143.68632693103459,
845.5849056603773,144.27407691642819,
846.0754716981132,143.89223060930664,
846.566037735849,144.19104330309125,
847.0566037735849,144.28744080061298,
847.5471698113207,143.98610955708912,
848.0377358490566,143.86584882704838,
848.5283018867924,144.42534099943603,
849.0188679245283,144.18819881532153,
849.5094339622642,143.81454259731376,
850.0,144.24281727932313,
850.4905660377358,143.95675875911982,
850.9811320754717,144.23893643702195,
851.4716981132076,144.32925728686152,
851.9622641509434,143.9184787898067,
852.4528301886793,144.24562357531906,
852.9433962264151,143.36985095234743,
853.433962264151,144.25949548587462,
853.9245283018868,143.63269919236967,
854.4150943396227,144.75410218263673,
854.9056603773585,144.2112540806123,
855.3962264150944,143.96932660190532,
855.8867924528302,144.40603352988978,
856.377358490566,143.9266021875328,
856.867924528302,144.1525072586959,
857.3584905660377,144.05148682494558,
857.8490566037735,144.12300788135238,
858.3396226415094,143.98282730075144,
858.8301886792453,144.23224842126916,
859.3207547169811,143.937751015043,
859.8113207547169,144.15084361090004,
860.3018867924528,144.27983684007478,
860.7924528301887,143.97383740568233,
861.2830188679245,144.33161963805838,
861.7735849056604,144.24414431143228,
862.2641509433962,144.04883264972935,
862.7547169811321,143.99421460513673,
863.2452830188679,144.110514742916,
863.7358490566038,144.00950139767784,
864.2264150943396,143.99425578275597,
864.7169811320755,144.08954059935084,
865.2075471698113,144.0696539614774,
865.6981132075472,144.14940778177095,
866.1886792452831,144.47766021771312,
866.6792452830189,144.35065636482787,
867.1698113207547,144.3351034675226,
867.6603773584906,144.25204248752954,
868.1509433962265,143.9717663454107,
868.6415094339623,143.8575480949867,
869.132075471698,144.065822580022,
869.622641509434,144.4192530920622,
870.1132075471698,144.4225126939209,
870.6037735849056,143.75820808699473,
871.0943396226415,143.6791769454549,
871.5849056603773,144.54142852813177,
872.0754716981132,144.47896684767122,
872.566037735849,143.96607301958875,
873.0566037735849,144.10340905555097,
873.5471698113207,144.13521068286434,
874.0377358490566,144.398509700215,
874.5283018867924,144.0007193820649,
875.0188679245283,144.27066100910054,
875.5094339622642,144.19115802481127,
876.0,144.19787129422582,
876.4905660377358,144.3862176141556,
876.9811320754717,144.15937816052826,
877.4716981132076,143.80238300356024,
877.9622641509434,144.34831464152597,
878.4528301886793,144.0009515046116,
878.9433962264151,144.34716640500372,
879.433962264151,144.1889007613375,
879.9245283018868,143.8782067641814,
880.4150943396227,144.18647602931853,
880.9056603773585,143.9639548160332,
881.3962264150944,144.19026770855987,
881.8867924528302,144.02164030766116,
882.377358490566,144.3752260986594,
882.867924528302,143.9447817341268,
883.3584905660377,144.030805300418,
883.8490566037735,143.94774303620204,
884.3396226415094,143.9242389269829,
884.8301886792453,144.05527514989117,
885.3207547169811,144.17626539964166,
885.8113207547169,144.2628940686621,
886.3018867924528,144.1354731354823,
886.7924528301887,144.0089430704113,
887.2830188679245,143.73294256167776,
887.7735849056604,144.35824550637182,
888.2641509433962,143.99580864367215,
888.7547169811321,144.22289661987725,
889.2452830188679,143.8564366057624,
889.7358490566038,144.50126893801266,
890.2264150943396,144.29560231902178,
890.7169811320755,143.90055028445445,
891.2075471698113,144.20972976010194,
891.6981132075472,144.4583974197184,
892.1886792452831,144.0785582490701,
892.6792452830189,143.69738812942666,
893.1698113207547,144.2369167952974,
893.6603773584906,144.58456579739916,
894.1509433962265,143.72340606436444,
894.6415094339623,144.37892012386186,
895.132075471698,144.06449958299507,
895.622641509434,144.09992160174545,
896.1132075471698,144.17064719109877,
896.6037735849056,144.12579327259522,
897.0943396226415,144.33841042303675,
897.5849056603773,143.83157181437397,
898.0754716981132,144.10120352062077,
898.566037735849,143.8888171190355,
899.0566037735849,143.9950354473916,
899.5471698113207,144.86585704434637,
900.0377358490566,143.91122513649634,
900.5283018867924,144.2349272275282,
901.0188679245283,144.19929408230553,
901.5094339622642,143.64272567445857,
902.0,143.83590914180553,
902.4905660377358,143.6686607381332,
902.9811320754717,144.08449406058025,
903.4716981132076,143.7940504276502,
903.9622641509434,143.89840027311467,
904.4528301886793,143.73893119298495,
904.9433962264151,144.29101210944484,
905.433962264151,144.2719296754683,
905.9245283018868,144.4943025966816,
906.4150943396227,144.0787449122067,
906.9056603773585,144.30723559156667,
907.3962264150944,144.40511353963052,
907.8867924528302,144.64572356493017,
908.377358490566,143.8103255622006,
908.867924528302,143.92012805463057,
909.3584905660377,143.8774742657024,
909.8490566037735,143.776056393516,
910.3396226415094,144.30132382110673,
910.8301886792453,144.30474681543902,
911.3207547169811,143.77326000821478,
911.8113207547169,143.85128232999867,
912.3018867924528,144.2011382616377,
912.7924528301887,143.99978729640213,
913.2830188679245,144.17996659420095,
913.7735849056604,144.08044446663385,
914.2641509433962,144.38771758100373,
914.7547169811321,144.40439068528428,
915.2452830188679,143.66525115007738,
915.7358490566038,144.46178471961946,
916.2264150943396,144.0022604522908,
916.7169811320755,143.83920535349566,
917.2075471698113,144.27344010451043,
917.6981132075472,143.87778886482684,
918.1886792452831,143.80840369197512,
918.6792452830189,144.03647062162145,
919.1698113207547,144.46301253310287,
919.6603773584906,143.66823516499892,
920.1509433962265,143.8623826492126,
920.6415094339623,143.69982683188422,
921.132075471698,143.82153093452908,
921.622641509434,144.08557324368047,
922.1132075471698,143.792766263807,
922.6037735849056,144.2003078512041,
923.0943396226415,144.14916840824247,
923.5849056603773,144.30326467411896,
924.0754716981132,144.60272232986625,
924.566037735849,143.87559506141994,
925.0566037735849,144.00247929475847,
925.5471698113207,143.97163731836798,
926.0377358490566,144.0096719396238,
926.5283018867924,144.22355406697523,
927.0188679245283,144.27267289368245,
927.5094339622642,143.99622334382312,
928.0,144.45563940683178,
928.4905660377358,144.0548041370705,
928.9811320754717,144.09374152645591,
929.4716981132076,143.9002353943399,
929.9622641509434,144.2897073050738,
930.4528301886793,144.309141376807,
930.9433962264151,144.12341431354002,
931.433962264151,143.58446102050345,
931.9245283018868,144.06175063115697,
932.4150943396227,144.27103198615094,
932.9056603773585,144.0183921321953,
933.3962264150944,144.09853145847325,
933.8867924528302,144.25085251947763,
934.377358490566,143.6678654546178,
934.867924528302,144.3213900137938,
935.3584905660377,143.64928885256737,
935.8490566037735,144.14659841129424,
936.3396226415094,144.26645340047975,
936.8301886792453,143.997226444968,
937.3207547169811,144.2395007964616,
937.8113207547169,144.246178460911,
938.3018867924528,143.9897804496432,
938.7924528301887,144.0166188240735,
939.2830188679245,144.32368661060613,
939.7735849056604,144.1993318042179,
940.2641509433962,144.27283574812986,
940.7547169811321,144.22542251043362,
941.2452830188679,143.98038125651038,
941.7358490566038,143.85847110505512,
942.2264150943396,143.8673675915555,
942.7169811320755,143.78872592717062,
943.2075471698113,143.62051003715263,
943.6981132075472,143.9752073354652,
944.1886792452831,143.89750995058986,
944.6792452830189,144.13879675905238,
945.1698113207547,144.06564258197565,
945.6603773584906,144.2160007416164,
946.1509433962265,144.4041710386413,
946.6415094339623,143.8774807484122,
947.132075471698,144.06015268144273,
947.622641509434,144.02752946286566,
948.1132075471698,143.90432129604054,
948.6037735849056,143.82446129395387,
949.0943396226415,144.13762564604312,
949.5849056603773,144.18860343076008,
950.0754716981132,144.05339388355208,
950.566037735849,144.26330260290302,
951.0566037735849,144.20066583042583,
951.5471698113207,144.3756292700064,
952.0377358490566,144.13352912098358,
952.5283018867924,144.16101143597956,
953.0188679245283,144.40291238088523,
953.5094339622642,144.01480953847081,
954.0,144.23822537999132,end
